index,score,drift,flag
0,0.0473138392,3.41387846e-07,-1
1,0.00288555678,3.41387846e-07,-1
2,0.2313467413,3.41387846e-07,-1
3,0.1668479741,3.41387846e-07,-1
4,0.03709434345,3.41387846e-07,-1
5,0.06381268054,3.41387846e-07,-1
6,0.006866316311,3.41387846e-07,-1
7,0.001025422825,3.41387846e-07,-1
8,0.01057689358,3.41387846e-07,-1
9,0.05810297281,3.41387846e-07,-1
10,0.01435290929,3.41387846e-07,-1
11,0.003847926389,3.41387846e-07,-1
12,0.01408351772,3.41387846e-07,-1
13,0.06408306211,3.41387846e-07,-1
14,0.004450723529,3.41387846e-07,-1
15,0.1248630509,3.41387846e-07,-1
16,0.04934291914,3.41387846e-07,-1
17,0.001240866259,3.41387846e-07,-1
18,0.01131726056,3.41387846e-07,-1
19,0.01354257669,3.41387846e-07,-1
20,0.02348789014,3.41387846e-07,-1
21,0.0179804638,3.41387846e-07,-1
22,0.1175170541,3.41387846e-07,-1
23,0.01343489438,3.41387846e-07,-1
24,0.007460993715,3.41387846e-07,-1
25,0.0609876886,3.41387846e-07,-1
26,0.0005726144882,3.41387846e-07,-1
27,0.08605451882,3.41387846e-07,-1
28,0.1006910354,3.41387846e-07,-1
29,0.001739224885,3.41387846e-07,-1
30,0.001910015941,3.41387846e-07,-1
31,0.03993971273,3.41387846e-07,-1
32,0.001276582596,3.41387846e-07,-1
33,0.01411989331,3.41387846e-07,-1
34,0.009336931631,3.41387846e-07,-1
35,0.001479501952,3.41387846e-07,-1
36,0.02217156999,3.41387846e-07,-1
37,0.008612929843,3.41387846e-07,-1
38,0.01707579009,3.41387846e-07,-1
39,0.08109245449,3.41387846e-07,-1
40,0.01332619414,3.41387846e-07,-1
41,0.0007779230946,3.41387846e-07,-1
42,0.05421739444,3.41387846e-07,-1
43,0.0392284058,3.41387846e-07,-1
44,0.001218441641,3.41387846e-07,-1
45,0.024229303,3.41387846e-07,-1
46,0.007086788304,3.41387846e-07,-1
47,0.01061361935,3.41387846e-07,-1
48,0.01369503886,3.41387846e-07,-1
49,0.01794054545,3.41387846e-07,-1
50,0.1708518416,3.41387846e-07,-1
51,0.001599878306,3.41387846e-07,-1
52,0.0005774536985,3.41387846e-07,-1
53,0.03894421831,3.41387846e-07,-1
54,0.001489941613,3.41387846e-07,-1
55,0.003876054427,3.41387846e-07,-1
56,0.01760211773,3.41387846e-07,-1
57,0.2054412067,3.41387846e-07,-1
58,0.02317912877,3.41387846e-07,-1
59,0.02176831849,3.41387846e-07,-1
60,0.002659599064,3.41387846e-07,-1
61,0.002095474163,3.41387846e-07,-1
62,0.008437074721,3.41387846e-07,-1
63,0.08095531166,3.41387846e-07,-1
64,0.01606739685,3.41387846e-07,-1
65,0.01285484526,3.41387846e-07,-1
66,0.08487457782,3.41387846e-07,-1
67,0.04021962732,3.41387846e-07,-1
68,0.0006703733816,3.41387846e-07,-1
69,0.005986269098,3.41387846e-07,-1
70,0.01884228922,3.41387846e-07,-1
71,0.001797005534,3.41387846e-07,-1
72,0.03115841188,3.41387846e-07,-1
73,0.003258245997,3.41387846e-07,-1
74,0.008874805644,3.41387846e-07,-1
75,0.1084253564,3.41387846e-07,-1
76,0.0190313179,3.41387846e-07,-1
77,0.006900377572,3.41387846e-07,-1
78,0.09051644057,3.41387846e-07,-1
79,0.01133179665,3.41387846e-07,-1
80,0.01775173098,3.41387846e-07,-1
81,0.1499580741,3.41387846e-07,-1
82,0.003416924272,3.41387846e-07,-1
83,0.002294651,3.41387846e-07,-1
84,0.1725304872,3.41387846e-07,-1
85,0.02237346396,3.41387846e-07,-1
86,0.02935341746,3.41387846e-07,-1
87,0.03082061373,3.41387846e-07,-1
88,0.0007453802973,3.41387846e-07,-1
89,0.005315114744,3.41387846e-07,-1
90,0.0006082558539,3.41387846e-07,-1
91,0.06553144753,3.41387846e-07,-1
92,0.06859418005,3.41387846e-07,-1
93,0.126333341,3.41387846e-07,-1
94,0.009413902648,3.41387846e-07,-1
95,0.0124244811,3.41387846e-07,-1
96,0.0379592292,3.41387846e-07,-1
97,0.003214512952,3.41387846e-07,-1
98,0.06432422251,3.41387846e-07,-1
99,0.1096529588,3.41387846e-07,-1
100,0.006932067219,3.41387846e-07,-1
101,0.1185148284,3.41387846e-07,-1
102,0.04510980844,3.41387846e-07,-1
103,0.056234736,3.41387846e-07,-1
104,0.01312870905,3.41387846e-07,-1
105,0.000560623419,3.41387846e-07,-1
106,0.003531494644,3.41387846e-07,-1
107,0.006879865658,3.41387846e-07,-1
108,0.01761334762,3.41387846e-07,-1
109,0.005025452934,3.41387846e-07,-1
110,0.0455917716,3.41387846e-07,-1
111,0.03063079715,3.41387846e-07,-1
112,0.04944464192,3.41387846e-07,-1
113,0.002856757026,3.41387846e-07,-1
114,0.01757396944,3.41387846e-07,-1
115,0.03928953409,3.41387846e-07,-1
116,0.209177956,3.41387846e-07,-1
117,0.03190229461,3.41387846e-07,-1
118,0.1149212644,3.41387846e-07,-1
119,0.08806540817,3.41387846e-07,-1
120,0.03448904678,3.41387846e-07,-1
121,0.002423843835,3.41387846e-07,-1
122,0.03399873897,3.41387846e-07,-1
123,0.01844984293,3.41387846e-07,-1
124,0.008877747692,3.41387846e-07,-1
125,0.1151111349,3.41387846e-07,-1
126,0.02085504681,3.41387846e-07,-1
127,0.0003188365663,3.41387846e-07,-1
128,0.04075102136,3.41387846e-07,-1
129,0.1905498356,3.41387846e-07,-1
130,0.02243460342,3.41387846e-07,-1
131,0.0341729112,3.41387846e-07,-1
132,0.00313148764,3.41387846e-07,-1
133,0.006392221432,3.41387846e-07,-1
134,0.06082735211,3.41387846e-07,-1
135,0.02381820232,3.41387846e-07,-1
136,0.0004621856497,3.41387846e-07,-1
137,0.2074363083,3.41387846e-07,-1
138,0.01795860194,3.41387846e-07,-1
139,0.00526641123,3.41387846e-07,-1
140,0.02902345359,3.41387846e-07,-1
141,0.03122053482,3.41387846e-07,-1
142,0.08809366822,3.41387846e-07,-1
143,0.07109703124,3.41387846e-07,-1
144,0.001355291461,3.41387846e-07,-1
145,0.004982945044,3.41387846e-07,-1
146,0.01931384206,3.41387846e-07,-1
147,0.001207619091,3.41387846e-07,-1
148,0.003920697141,3.41387846e-07,-1
149,0.005621564109,3.41387846e-07,-1
150,0.03660911694,3.41387846e-07,-1
151,0.0225505773,3.41387846e-07,-1
152,0.03783129528,3.41387846e-07,-1
153,0.01886246912,3.41387846e-07,-1
154,0.01583231613,3.41387846e-07,-1
155,0.001698515844,3.41387846e-07,-1
156,0.0939938277,3.41387846e-07,-1
157,0.04693015292,3.41387846e-07,-1
158,0.001551629393,3.41387846e-07,-1
159,0.2824192941,3.41387846e-07,-1
160,0.0224000942,3.41387846e-07,-1
161,0.001067374134,3.41387846e-07,-1
162,0.1134995744,3.41387846e-07,-1
163,0.002897936618,3.41387846e-07,-1
164,0.2196028531,3.41387846e-07,-1
165,0.001678751083,3.41387846e-07,-1
166,0.007842415944,3.41387846e-07,-1
167,0.01271424163,3.41387846e-07,-1
168,0.01020892709,3.41387846e-07,-1
169,0.00281103747,3.41387846e-07,-1
170,0.004003683105,3.41387846e-07,-1
171,0.1758321673,3.41387846e-07,-1
172,0.04397380725,3.41387846e-07,-1
173,0.002107678447,3.41387846e-07,-1
174,0.02785666101,3.41387846e-07,-1
175,0.0126933651,3.41387846e-07,-1
176,0.06220096722,3.41387846e-07,-1
177,0.01679782942,3.41387846e-07,-1
178,0.06717313826,3.41387846e-07,-1
179,0.09763845801,3.41387846e-07,-1
180,0.034826193,3.41387846e-07,-1
181,0.008435589261,3.41387846e-07,-1
182,0.2480225116,3.41387846e-07,-1
183,0.07269382477,3.41387846e-07,-1
184,0.001486594905,3.41387846e-07,-1
185,0.001519071287,3.41387846e-07,-1
186,0.02363227867,3.41387846e-07,-1
187,0.00114466378,3.41387846e-07,-1
188,0.1648378968,3.41387846e-07,-1
189,0.2316410094,3.41387846e-07,-1
190,0.2308595628,3.41387846e-07,-1
191,0.01583803259,3.41387846e-07,-1
192,0.001827265602,3.41387846e-07,-1
193,0.0229633525,3.41387846e-07,-1
194,0.0008162190206,3.41387846e-07,-1
195,0.04808012769,3.41387846e-07,-1
196,0.04997744039,3.41387846e-07,-1
197,0.0002640764869,3.41387846e-07,-1
198,0.03222456202,3.41387846e-07,-1
199,0.004241684452,3.41387846e-07,-1
200,0.003752621589,3.41387846e-07,-1
201,0.000888118404,3.41387846e-07,-1
202,0.02402449958,3.41387846e-07,-1
203,0.009095440619,3.41387846e-07,-1
204,0.08251967281,3.41387846e-07,-1
205,0.00570866093,3.41387846e-07,-1
206,0.02457161993,3.41387846e-07,-1
207,0.001559388591,3.41387846e-07,-1
208,0.04921090603,3.41387846e-07,-1
209,0.09328877926,3.41387846e-07,-1
210,0.00315914466,3.41387846e-07,-1
211,0.07367002964,3.41387846e-07,-1
212,0.1911786795,3.41387846e-07,-1
213,0.09525836259,3.41387846e-07,-1
214,0.02399085462,3.41387846e-07,-1
215,0.04108114541,3.41387846e-07,-1
216,0.03068476729,3.41387846e-07,-1
217,0.09998513758,3.41387846e-07,-1
218,0.0004662383581,3.41387846e-07,-1
219,0.06228015199,3.41387846e-07,-1
220,0.003714708844,3.41387846e-07,-1
221,0.004257878754,3.41387846e-07,-1
222,0.0249018874,3.41387846e-07,-1
223,0.006490887608,3.41387846e-07,-1
224,0.06165893376,3.41387846e-07,-1
225,0.189338997,3.41387846e-07,-1
226,0.003654091852,3.41387846e-07,-1
227,0.02608550526,3.41387846e-07,-1
228,0.002630675212,3.41387846e-07,-1
229,0.0485262163,3.41387846e-07,-1
230,0.1557226926,3.41387846e-07,-1
231,0.001327603823,3.41387846e-07,-1
232,0.02598586865,3.41387846e-07,-1
233,0.01357370336,3.41387846e-07,-1
234,0.008740041405,3.41387846e-07,-1
235,0.0190472547,3.41387846e-07,-1
236,0.03758251294,3.41387846e-07,-1
237,0.02535715699,3.41387846e-07,-1
238,0.02324339189,3.41387846e-07,-1
239,0.3469400704,3.41387846e-07,-1
240,0.001327415579,3.41387846e-07,-1
241,0.2450926453,3.41387846e-07,-1
242,0.01686796173,3.41387846e-07,-1
243,0.08620268852,3.41387846e-07,-1
244,0.004586125258,3.41387846e-07,-1
245,0.03256580979,3.41387846e-07,-1
246,0.04385073856,3.41387846e-07,-1
247,0.03746853396,3.41387846e-07,-1
248,0.001498981845,3.41387846e-07,-1
249,0.06729205698,3.41387846e-07,-1
250,0.1504591852,3.41387846e-07,-1
251,0.03841779381,3.41387846e-07,-1
252,0.05182207748,3.41387846e-07,-1
253,0.00476235291,3.41387846e-07,-1
254,0.1213539094,3.41387846e-07,-1
255,0.004969139583,3.41387846e-07,-1
256,0.01955402456,3.41387846e-07,-1
257,0.001441776054,3.41387846e-07,-1
258,0.0008149813511,3.41387846e-07,-1
259,0.005919652991,3.41387846e-07,-1
260,0.2462145239,3.41387846e-07,-1
261,0.002406180603,3.41387846e-07,-1
262,0.002655098913,3.41387846e-07,-1
263,0.147652775,3.41387846e-07,-1
264,0.02346248925,3.41387846e-07,-1
265,0.03517116234,3.41387846e-07,-1
266,0.006777685136,3.41387846e-07,-1
267,0.05863587186,3.41387846e-07,-1
268,0.01382561866,3.41387846e-07,-1
269,0.004741298035,3.41387846e-07,-1
270,0.000381282327,3.41387846e-07,-1
271,0.06779050827,3.41387846e-07,-1
272,0.06831113994,3.41387846e-07,-1
273,0.01269367151,3.41387846e-07,-1
274,0.00545849558,3.41387846e-07,-1
275,0.0249128677,3.41387846e-07,-1
276,0.00693733478,3.41387846e-07,-1
277,0.01174628921,3.41387846e-07,-1
278,0.007972539403,3.41387846e-07,-1
279,0.1687473357,3.41387846e-07,-1
280,0.0269726105,3.41387846e-07,-1
281,0.05912387744,3.41387846e-07,-1
282,0.02499293536,3.41387846e-07,-1
283,0.02940928191,3.41387846e-07,-1
284,0.00190797972,3.41387846e-07,-1
285,0.04552322626,3.41387846e-07,-1
286,0.1319991797,3.41387846e-07,-1
287,0.06105339155,3.41387846e-07,-1
288,0.179974556,3.41387846e-07,-1
289,0.04084056988,3.41387846e-07,-1
290,0.07142253965,3.41387846e-07,-1
291,0.01522550918,3.41387846e-07,-1
292,0.1094847843,3.41387846e-07,-1
293,0.008974903263,3.41387846e-07,-1
294,0.04438436776,3.41387846e-07,-1
295,0.0002742199576,3.41387846e-07,-1
296,0.009296435863,3.41387846e-07,-1
297,0.1065697744,3.41387846e-07,-1
298,0.0006322187837,3.41387846e-07,-1
299,0.3046854734,3.41387846e-07,-1
300,0.1502766311,3.41387846e-07,-1
301,0.1644240469,3.41387846e-07,-1
302,0.1793611497,3.41387846e-07,-1
303,0.005453055259,3.41387846e-07,-1
304,0.002934712218,3.41387846e-07,-1
305,0.09493056685,3.41387846e-07,-1
306,0.03776857629,3.41387846e-07,-1
307,0.04922933131,3.41387846e-07,-1
308,0.02588671818,3.41387846e-07,-1
309,0.001871688291,3.41387846e-07,-1
310,0.007693337742,3.41387846e-07,-1
311,8.737444296e-05,3.41387846e-07,-1
312,0.002510356251,3.41387846e-07,-1
313,0.00962329004,3.41387846e-07,-1
314,0.0006614102749,3.41387846e-07,-1
315,0.02333874814,3.41387846e-07,-1
316,0.0005285369698,3.41387846e-07,-1
317,0.06372896582,3.41387846e-07,-1
318,0.0006659664796,3.41387846e-07,-1
319,0.03693634644,6.239152754e-06,-1
320,0.08783791214,6.239152754e-06,-1
321,0.003005868057,6.239152754e-06,-1
322,0.1086904481,6.239152754e-06,-1
323,0.05388627946,6.239152754e-06,-1
324,0.01772012003,6.239152754e-06,-1
325,0.02958509885,6.239152754e-06,-1
326,0.02512774989,6.239152754e-06,-1
327,0.007196770515,6.239152754e-06,-1
328,0.00132183719,6.239152754e-06,-1
329,0.001481183106,6.239152754e-06,-1
330,0.17112872,6.239152754e-06,-1
331,0.004835917614,6.239152754e-06,-1
332,0.01345851272,6.239152754e-06,-1
333,0.01268423349,6.239152754e-06,-1
334,0.01601468958,6.239152754e-06,-1
335,0.00353800063,6.239152754e-06,-1
336,0.002576286206,6.239152754e-06,-1
337,0.001690086559,6.239152754e-06,-1
338,0.01036281884,6.239152754e-06,-1
339,0.008554915898,6.799313724e-06,-1
340,0.004402054008,6.799313724e-06,-1
341,0.007405459415,6.799313724e-06,-1
342,0.02172728255,6.799313724e-06,-1
343,0.0008509267354,6.799313724e-06,-1
344,0.04278733209,6.799313724e-06,-1
345,0.05990194902,6.799313724e-06,-1
346,0.001277437201,6.799313724e-06,-1
347,0.003115187399,6.799313724e-06,-1
348,0.09887689352,6.799313724e-06,-1
349,0.01456682011,6.799313724e-06,-1
350,0.002120004268,6.799313724e-06,-1
351,0.006323362235,6.799313724e-06,-1
352,0.03237321973,6.799313724e-06,-1
353,0.000482808653,6.799313724e-06,-1
354,0.0100882072,6.799313724e-06,-1
355,0.0101155825,6.799313724e-06,-1
356,0.01472944301,6.799313724e-06,-1
357,0.006204558071,6.799313724e-06,-1
358,0.01359360013,6.799313724e-06,-1
359,0.005216205958,8.499356227e-06,-1
360,0.001714062062,8.499356227e-06,-1
361,0.006474218797,8.499356227e-06,-1
362,0.02742911503,8.499356227e-06,-1
363,0.00621081423,8.499356227e-06,-1
364,0.06243201718,8.499356227e-06,-1
365,0.06215444952,8.499356227e-06,-1
366,0.02723648027,8.499356227e-06,-1
367,0.04182810336,8.499356227e-06,-1
368,0.001526424312,8.499356227e-06,-1
369,0.0822224915,8.499356227e-06,-1
370,0.002949531423,8.499356227e-06,-1
371,0.02289509587,8.499356227e-06,-1
372,0.006480809301,8.499356227e-06,-1
373,0.01746117324,8.499356227e-06,-1
374,0.008847563528,8.499356227e-06,-1
375,0.003672406077,8.499356227e-06,-1
376,0.002847348107,8.499356227e-06,-1
377,0.002260244917,8.499356227e-06,-1
378,0.002192965476,8.499356227e-06,-1
379,0.005799248349,7.860079677e-06,-1
380,0.06034914777,7.860079677e-06,-1
381,0.0005491175689,7.860079677e-06,-1
382,0.003186647315,7.860079677e-06,-1
383,0.05780196562,7.860079677e-06,-1
384,0.01393826958,7.860079677e-06,-1
385,0.0379735902,7.860079677e-06,-1
386,0.02867614664,7.860079677e-06,-1
387,0.01396841649,7.860079677e-06,-1
388,0.002653121948,7.860079677e-06,-1
389,0.02017790824,7.860079677e-06,-1
390,0.01391604077,7.860079677e-06,-1
391,0.01224545669,7.860079677e-06,-1
392,0.001358482637,7.860079677e-06,-1
393,0.0005891217152,7.860079677e-06,-1
394,0.00243477989,7.860079677e-06,-1
395,0.007844700478,7.860079677e-06,-1
396,0.01579397358,7.860079677e-06,-1
397,0.00138282124,7.860079677e-06,-1
398,0.02025900222,7.860079677e-06,-1
399,0.000274840917,1.042942404e-05,-1
400,0.004013118334,1.042942404e-05,-1
401,0.09436255693,1.042942404e-05,-1
402,0.0007098928327,1.042942404e-05,-1
403,0.01456274372,1.042942404e-05,-1
404,0.002719008131,1.042942404e-05,-1
405,0.001145485672,1.042942404e-05,-1
406,0.001309695654,1.042942404e-05,-1
407,0.004455667455,1.042942404e-05,-1
408,0.001795448945,1.042942404e-05,-1
409,0.01252757851,1.042942404e-05,-1
410,0.001363264513,1.042942404e-05,-1
411,0.02058716305,1.042942404e-05,-1
412,0.004789135419,1.042942404e-05,-1
413,0.004493858665,1.042942404e-05,-1
414,0.05815851316,1.042942404e-05,-1
415,0.005498353392,1.042942404e-05,-1
416,0.0006857987028,1.042942404e-05,-1
417,0.0009492815007,1.042942404e-05,-1
418,0.00193307281,1.042942404e-05,-1
419,0.002384989057,1.213562791e-05,-1
420,0.00139301084,1.213562791e-05,-1
421,0.02543486655,1.213562791e-05,-1
422,0.0009168359102,1.213562791e-05,-1
423,0.002629077295,1.213562791e-05,-1
424,0.02724093758,1.213562791e-05,-1
425,0.01106513012,1.213562791e-05,-1
426,0.01369105279,1.213562791e-05,-1
427,0.001700611669,1.213562791e-05,-1
428,0.0008663454209,1.213562791e-05,-1
429,0.004132922739,1.213562791e-05,-1
430,0.003261520294,1.213562791e-05,-1
431,0.009372587316,1.213562791e-05,-1
432,0.04296171293,1.213562791e-05,-1
433,0.0008330075652,1.213562791e-05,-1
434,0.001170318807,1.213562791e-05,-1
435,0.01848908328,1.213562791e-05,-1
436,0.00131094933,1.213562791e-05,-1
437,0.0005823340616,1.213562791e-05,-1
438,0.006239257753,1.213562791e-05,-1
439,0.001570617547,1.620997864e-06,-1
440,0.08564750105,1.620997864e-06,-1
441,0.001963823568,1.620997864e-06,-1
442,0.007504882291,1.620997864e-06,-1
443,0.0009296559147,1.620997864e-06,-1
444,0.001773898257,1.620997864e-06,-1
445,0.01083303709,1.620997864e-06,-1
446,0.0003890921653,1.620997864e-06,-1
447,0.000323257118,1.620997864e-06,-1
448,0.001858646981,1.620997864e-06,-1
449,0.002350468654,1.620997864e-06,-1
450,0.1370344758,1.620997864e-06,-1
451,0.001678299159,1.620997864e-06,-1
452,0.003007558174,1.620997864e-06,-1
453,0.001975891413,1.620997864e-06,-1
454,0.03038230166,1.620997864e-06,-1
455,0.1012060791,1.620997864e-06,-1
456,0.08306462318,1.620997864e-06,-1
457,0.002257525222,1.620997864e-06,-1
458,0.0006951414398,1.620997864e-06,-1
459,0.05453174189,6.2687227e-06,-1
460,0.04384549335,6.2687227e-06,-1
461,0.09067250043,6.2687227e-06,-1
462,0.0295305755,6.2687227e-06,-1
463,0.007398186252,6.2687227e-06,-1
464,0.3174047768,6.2687227e-06,-1
465,0.007920121774,6.2687227e-06,-1
466,0.08099255711,6.2687227e-06,-1
467,0.0003133132122,6.2687227e-06,-1
468,0.02993205003,6.2687227e-06,-1
469,0.2964538336,6.2687227e-06,-1
470,0.1013165563,6.2687227e-06,-1
471,0.0619481653,6.2687227e-06,-1
472,0.04177218303,6.2687227e-06,-1
473,0.001503451145,6.2687227e-06,-1
474,0.0008152720984,6.2687227e-06,-1
475,0.00274882582,6.2687227e-06,-1
476,0.001711598714,6.2687227e-06,-1
477,0.1231385544,6.2687227e-06,-1
478,0.04126586393,6.2687227e-06,-1
479,0.0004413508868,1.057408281e-05,-1
480,0.05592844635,1.057408281e-05,-1
481,0.01276397333,1.057408281e-05,-1
482,0.05145726725,1.057408281e-05,-1
483,0.003843344515,1.057408281e-05,-1
484,0.05162059143,1.057408281e-05,-1
485,0.04562391713,1.057408281e-05,-1
486,0.04321588576,1.057408281e-05,-1
487,0.06156123057,1.057408281e-05,-1
488,0.0007726218319,1.057408281e-05,-1
489,0.0009213085868,1.057408281e-05,-1
490,0.2485682666,1.057408281e-05,-1
491,0.009960727766,1.057408281e-05,-1
492,0.1706668884,1.057408281e-05,-1
493,0.192475453,1.057408281e-05,-1
494,0.03097096644,1.057408281e-05,-1
495,0.00552164996,1.057408281e-05,-1
496,0.0693610236,1.057408281e-05,-1
497,0.005118563306,1.057408281e-05,-1
498,0.2324015647,1.057408281e-05,-1
499,0.09611283988,1.075295222e-05,-1
500,0.1147380322,1.075295222e-05,-1
501,0.01000013668,1.075295222e-05,-1
502,0.005320598371,1.075295222e-05,-1
503,0.02085012197,1.075295222e-05,-1
504,0.06963132322,1.075295222e-05,-1
505,0.0005164386239,1.075295222e-05,-1
506,0.0117931338,1.075295222e-05,-1
507,0.03300308064,1.075295222e-05,-1
508,0.02481580153,1.075295222e-05,-1
509,0.00729620317,1.075295222e-05,-1
510,0.1219503582,1.075295222e-05,-1
511,0.03722579032,1.075295222e-05,-1
512,0.03162509203,1.075295222e-05,-1
513,0.005963614676,1.075295222e-05,-1
514,0.1415520459,1.075295222e-05,-1
515,0.2035744339,1.075295222e-05,-1
516,0.004856684711,1.075295222e-05,-1
517,0.1364060193,1.075295222e-05,-1
518,0.02633380331,1.075295222e-05,-1
519,0.002052467316,1.390383841e-05,-1
520,0.05510256439,1.390383841e-05,-1
521,0.2038431764,1.390383841e-05,-1
522,0.055498261,1.390383841e-05,-1
523,0.03139195964,1.390383841e-05,-1
524,0.04785766825,1.390383841e-05,-1
525,0.1937194616,1.390383841e-05,-1
526,0.1508383453,1.390383841e-05,-1
527,0.04301898554,1.390383841e-05,-1
528,0.07187400758,1.390383841e-05,-1
529,0.0134658264,1.390383841e-05,-1
530,0.004822862335,1.390383841e-05,-1
531,0.05950172618,1.390383841e-05,-1
532,0.07872676849,1.390383841e-05,-1
533,0.007198008243,1.390383841e-05,-1
534,0.0474431701,1.390383841e-05,-1
535,0.006069392897,1.390383841e-05,-1
536,0.08657737076,1.390383841e-05,-1
537,0.06370413303,1.390383841e-05,-1
538,0.3780237436,1.390383841e-05,-1
539,0.05230921879,6.505571491e-06,-1
540,0.04632673413,6.505571491e-06,-1
541,0.08165499568,6.505571491e-06,-1
542,0.00279405294,6.505571491e-06,-1
543,0.2783059776,6.505571491e-06,-1
544,0.01748373918,6.505571491e-06,-1
545,0.004863530397,6.505571491e-06,-1
546,0.113404423,6.505571491e-06,-1
547,0.2182158828,6.505571491e-06,-1
548,0.007437123451,6.505571491e-06,-1
549,0.01340519357,6.505571491e-06,-1
550,0.1302050948,6.505571491e-06,-1
551,0.01034726854,6.505571491e-06,-1
552,0.1330325305,6.505571491e-06,-1
553,0.01535740588,6.505571491e-06,-1
554,0.00157897349,6.505571491e-06,-1
555,0.1544391811,6.505571491e-06,-1
556,0.0402258113,6.505571491e-06,-1
557,0.3129884601,6.505571491e-06,-1
558,0.04124972224,6.505571491e-06,-1
559,0.05376702547,7.469801403e-06,-1
560,0.0008382854285,7.469801403e-06,-1
561,0.07987816632,7.469801403e-06,-1
562,0.001338811475,7.469801403e-06,-1
563,0.1119293794,7.469801403e-06,-1
564,0.01619435847,7.469801403e-06,-1
565,0.005737501197,7.469801403e-06,-1
566,0.04588666186,7.469801403e-06,-1
567,0.2150183022,7.469801403e-06,-1
568,0.1172097772,7.469801403e-06,-1
569,0.01482321136,7.469801403e-06,-1
570,0.07131572813,7.469801403e-06,-1
571,0.2527162135,7.469801403e-06,-1
572,0.01142588723,7.469801403e-06,-1
573,0.03650027514,7.469801403e-06,-1
574,0.1252142489,7.469801403e-06,-1
575,0.09675738215,7.469801403e-06,-1
576,0.0006073651602,7.469801403e-06,-1
577,0.007232010365,7.469801403e-06,-1
578,0.0007587851724,7.469801403e-06,-1
579,0.005057837814,9.178033906e-06,-1
580,0.02243357152,9.178033906e-06,-1
581,0.03078861162,9.178033906e-06,-1
582,0.01784786955,9.178033906e-06,-1
583,0.001274692244,9.178033906e-06,-1
584,0.0006021392182,9.178033906e-06,-1
585,0.006107421592,9.178033906e-06,-1
586,0.0321700722,9.178033906e-06,-1
587,0.002787679201,9.178033906e-06,-1
588,0.01256474201,9.178033906e-06,-1
589,0.05160824209,9.178033906e-06,-1
590,0.01850779913,9.178033906e-06,-1
591,0.04220169783,9.178033906e-06,-1
592,0.002057630103,9.178033906e-06,-1
593,0.01571497694,9.178033906e-06,-1
594,0.009103017859,9.178033906e-06,-1
595,0.00224178005,9.178033906e-06,-1
596,0.001207277412,9.178033906e-06,-1
597,0.04229459167,9.178033906e-06,-1
598,0.04257898033,9.178033906e-06,-1
599,0.008696359582,9.759908608e-06,0
600,0.03621001914,9.759908608e-06,0
601,0.2604281306,9.759908608e-06,0
602,0.2468073219,9.759908608e-06,0
603,0.02749524266,9.759908608e-06,0
604,0.0005123494193,9.759908608e-06,0
605,0.04882536829,9.759908608e-06,0
606,0.0432238169,9.759908608e-06,0
607,0.003061764641,9.759908608e-06,0
608,0.03966766223,9.759908608e-06,0
609,0.05612107366,9.759908608e-06,0
610,0.07670836151,9.759908608e-06,0
611,0.001467267633,9.759908608e-06,0
612,0.003564945655,9.759908608e-06,0
613,0.009846593253,9.759908608e-06,0
614,0.1574198604,9.759908608e-06,0
615,0.08321116865,9.759908608e-06,0
616,0.006214246154,9.759908608e-06,0
617,0.1450079978,9.759908608e-06,0
618,0.05426085368,9.759908608e-06,0
619,0.03747786209,8.14147279e-06,0
620,0.03478619829,8.14147279e-06,0
621,0.01039104629,8.14147279e-06,0
622,0.03546849638,8.14147279e-06,0
623,0.04806706309,8.14147279e-06,0
624,0.1959530264,8.14147279e-06,0
625,0.0009976577712,8.14147279e-06,0
626,0.2014739066,8.14147279e-06,0
627,0.002638321836,8.14147279e-06,0
628,0.009808665141,8.14147279e-06,0
629,0.04902432114,8.14147279e-06,0
630,0.009567791596,8.14147279e-06,0
631,0.03854679316,8.14147279e-06,0
632,0.02944458276,8.14147279e-06,0
633,0.003687849734,8.14147279e-06,0
634,0.02521278337,8.14147279e-06,0
635,0.02646465227,8.14147279e-06,0
636,0.05086147413,8.14147279e-06,0
637,0.0503629595,8.14147279e-06,0
638,0.008930606768,8.14147279e-06,0
639,0.003953302279,1.039074141e-05,0
640,0.09719837457,1.039074141e-05,0
641,0.001819220488,1.039074141e-05,0
642,0.09133966267,1.039074141e-05,0
643,0.001077398425,1.039074141e-05,0
644,0.0021114056,1.039074141e-05,0
645,0.006533067673,1.039074141e-05,0
646,0.04820417985,1.039074141e-05,0
647,0.01235809643,1.039074141e-05,0
648,0.02533174492,1.039074141e-05,0
649,0.07289873064,1.039074141e-05,0
650,0.06739890575,1.039074141e-05,0
651,0.01211821381,1.039074141e-05,0
652,0.08336051553,1.039074141e-05,0
653,0.0004646413145,1.039074141e-05,0
654,0.0008201135788,1.039074141e-05,0
655,0.01020539831,1.039074141e-05,0
656,0.005180823151,1.039074141e-05,0
657,0.009630151093,1.039074141e-05,0
658,0.006452400237,1.039074141e-05,0
659,0.001755245961,6.429400401e-06,0
660,0.01425491367,6.429400401e-06,0
661,0.04101455957,6.429400401e-06,0
662,0.05135324225,6.429400401e-06,0
663,0.007905036211,6.429400401e-06,0
664,0.01034448855,6.429400401e-06,0
665,0.00617077807,6.429400401e-06,0
666,0.1730857342,6.429400401e-06,0
667,0.1590149403,6.429400401e-06,0
668,0.04530195147,6.429400401e-06,0
669,0.01866707951,6.429400401e-06,0
670,0.0509686172,6.429400401e-06,0
671,0.01298453286,6.429400401e-06,0
672,0.01730723865,6.429400401e-06,0
673,0.01115863398,6.429400401e-06,0
674,0.001210427028,6.429400401e-06,0
675,0.01604687609,6.429400401e-06,0
676,0.05167509615,6.429400401e-06,0
677,0.004731291439,6.429400401e-06,0
678,0.07177423686,6.429400401e-06,0
679,0.0485740453,6.291174032e-06,0
680,0.001731497468,6.291174032e-06,0
681,0.03336076066,6.291174032e-06,0
682,0.00237705675,6.291174032e-06,0
683,0.0009396126843,6.291174032e-06,0
684,0.0186430905,6.291174032e-06,0
685,0.07203099132,6.291174032e-06,0
686,0.003860976547,6.291174032e-06,0
687,0.03591851518,6.291174032e-06,0
688,0.04822193086,6.291174032e-06,0
689,0.001467054011,6.291174032e-06,0
690,0.09525562078,6.291174032e-06,0
691,0.0003385586897,6.291174032e-06,0
692,0.04454861954,6.291174032e-06,0
693,0.02664453909,6.291174032e-06,0
694,0.004028035793,6.291174032e-06,0
695,0.002483759774,6.291174032e-06,0
696,0.06637242436,6.291174032e-06,0
697,0.005664844066,6.291174032e-06,0
698,0.000748697028,6.291174032e-06,0
699,0.008360949345,6.096817287e-06,0
700,0.05953728035,6.096817287e-06,0
701,0.003436245723,6.096817287e-06,0
702,0.02904085629,6.096817287e-06,0
703,0.009118014947,6.096817287e-06,0
704,0.007474742364,6.096817287e-06,0
705,0.03021379374,6.096817287e-06,0
706,0.004540104419,6.096817287e-06,0
707,0.01676096953,6.096817287e-06,0
708,0.007525344845,6.096817287e-06,0
709,0.002497285139,6.096817287e-06,0
710,0.02200961299,6.096817287e-06,0
711,0.06221099943,6.096817287e-06,0
712,0.0448544994,6.096817287e-06,0
713,0.01089572906,6.096817287e-06,0
714,0.03907452524,6.096817287e-06,0
715,0.008040597662,6.096817287e-06,0
716,0.00353958318,6.096817287e-06,0
717,0.0369252637,6.096817287e-06,0
718,0.004535723943,6.096817287e-06,0
719,0.009404959157,9.023974599e-06,0
720,0.009337306954,9.023974599e-06,0
721,0.01486959774,9.023974599e-06,0
722,0.01649328321,9.023974599e-06,0
723,0.005228682421,9.023974599e-06,0
724,0.02942919545,9.023974599e-06,0
725,0.06143252552,9.023974599e-06,0
726,0.004471373279,9.023974599e-06,0
727,0.007342394907,9.023974599e-06,0
728,0.03382860869,9.023974599e-06,0
729,0.0817945376,9.023974599e-06,0
730,0.01114327833,9.023974599e-06,0
731,0.0006475864211,9.023974599e-06,0
732,0.02202313393,9.023974599e-06,0
733,0.07965567708,9.023974599e-06,0
734,0.01276686881,9.023974599e-06,0
735,0.0002784529352,9.023974599e-06,0
736,0.01011961233,9.023974599e-06,0
737,0.04018236324,9.023974599e-06,0
738,0.002724698512,9.023974599e-06,0
739,0.0002755747701,1.09418761e-05,0
740,0.0644537732,1.09418761e-05,0
741,0.1396205723,1.09418761e-05,0
742,0.1013817564,1.09418761e-05,0
743,0.003645525547,1.09418761e-05,0
744,0.008790326305,1.09418761e-05,0
745,0.004170719534,1.09418761e-05,0
746,0.05037097633,1.09418761e-05,0
747,0.003262765938,1.09418761e-05,0
748,0.01584740542,1.09418761e-05,0
749,0.0009668064886,1.09418761e-05,0
750,0.009450852871,1.09418761e-05,0
751,0.4226714671,1.09418761e-05,1
752,0.06901718676,1.09418761e-05,0
753,0.01727513224,1.09418761e-05,0
754,0.00687139295,1.09418761e-05,0
755,0.03218271956,1.09418761e-05,0
756,0.01920018345,1.09418761e-05,0
757,0.01294756774,1.09418761e-05,0
758,0.06008215621,1.09418761e-05,0
759,0.0009466662304,1.14296472e-05,0
760,0.05708928406,1.14296472e-05,0
761,0.006451754831,1.14296472e-05,0
762,0.004446618725,1.14296472e-05,0
763,0.04551008344,1.14296472e-05,0
764,0.01132997405,1.14296472e-05,0
765,0.07606060058,1.14296472e-05,0
766,0.03261131048,1.14296472e-05,0
767,0.2053103745,1.14296472e-05,0
768,0.002521004528,1.14296472e-05,0
769,0.2517694533,1.14296472e-05,0
770,0.0138530666,1.14296472e-05,0
771,0.03061872534,1.14296472e-05,0
772,0.01417664625,1.14296472e-05,0
773,0.002531574573,1.14296472e-05,0
774,0.0157585647,1.14296472e-05,0
775,0.1543782949,1.14296472e-05,0
776,0.04987869039,1.14296472e-05,0
777,0.01610826701,1.14296472e-05,0
778,0.02806961723,1.14296472e-05,0
779,0.005766315386,1.321023683e-05,0
780,0.1067431867,1.321023683e-05,0
781,0.09906765074,1.321023683e-05,0
782,0.03940494731,1.321023683e-05,0
783,0.4373877347,1.321023683e-05,1
784,0.005327299237,1.321023683e-05,0
785,0.02093836293,1.321023683e-05,0
786,0.0163594652,1.321023683e-05,0
787,0.02758774348,1.321023683e-05,0
788,0.0883667171,1.321023683e-05,0
789,0.1544226259,1.321023683e-05,0
790,0.01365781948,1.321023683e-05,0
791,0.06412499398,1.321023683e-05,0
792,0.05402242392,1.321023683e-05,0
793,0.3399469852,1.321023683e-05,1
794,0.002859094413,1.321023683e-05,0
795,0.03211541101,1.321023683e-05,0
796,0.03433585539,1.321023683e-05,0
797,0.01074286271,1.321023683e-05,0
798,0.1091503724,1.321023683e-05,0
799,0.003941628151,6.368505638e-06,0
800,0.01894346811,6.368505638e-06,0
801,0.01822224632,6.368505638e-06,0
802,0.003042485332,6.368505638e-06,0
803,0.007071044296,6.368505638e-06,0
804,0.008593530394,6.368505638e-06,0
805,0.09057950974,6.368505638e-06,0
806,0.01785712317,6.368505638e-06,0
807,0.02644482441,6.368505638e-06,0
808,0.02228035592,6.368505638e-06,0
809,0.1671085656,6.368505638e-06,0
810,0.03849211335,6.368505638e-06,0
811,0.0296335388,6.368505638e-06,0
812,0.02089320123,6.368505638e-06,0
813,0.03395968303,6.368505638e-06,0
814,0.008471593261,6.368505638e-06,0
815,0.02537308261,6.368505638e-06,0
816,0.001397778979,6.368505638e-06,0
817,0.03053632751,6.368505638e-06,0
818,0.0609306097,6.368505638e-06,0
819,0.2088592052,7.892493159e-06,0
820,0.04221500829,7.892493159e-06,0
821,0.1646252126,7.892493159e-06,0
822,0.009657070972,7.892493159e-06,0
823,0.0006688719732,7.892493159e-06,0
824,0.05997202173,7.892493159e-06,0
825,0.0525302887,7.892493159e-06,0
826,0.01006025355,7.892493159e-06,0
827,0.02998769097,7.892493159e-06,0
828,0.005723721813,7.892493159e-06,0
829,0.0277870819,7.892493159e-06,0
830,0.1061321795,7.892493159e-06,0
831,0.0879483521,7.892493159e-06,0
832,0.008528571576,7.892493159e-06,0
833,0.005436296109,7.892493159e-06,0
834,0.001129801385,7.892493159e-06,0
835,0.002124040388,7.892493159e-06,0
836,0.005803387612,7.892493159e-06,0
837,0.108008869,7.892493159e-06,0
838,0.07445067167,7.892493159e-06,0
839,0.02136480063,1.060394516e-05,0
840,0.1650782824,1.060394516e-05,0
841,0.1819678843,1.060394516e-05,0
842,0.1034795865,1.060394516e-05,0
843,0.01765283197,1.060394516e-05,0
844,0.07991804183,1.060394516e-05,0
845,0.04956971481,1.060394516e-05,0
846,0.02418555506,1.060394516e-05,0
847,0.2114278823,1.060394516e-05,0
848,0.026348399,1.060394516e-05,0
849,0.03635735065,1.060394516e-05,0
850,0.03766955063,1.060394516e-05,0
851,0.05664553121,1.060394516e-05,0
852,0.0006531813415,1.060394516e-05,0
853,0.00364243146,1.060394516e-05,0
854,0.01565576345,1.060394516e-05,0
855,0.105502598,1.060394516e-05,0
856,0.00730764633,1.060394516e-05,0
857,0.02920969203,1.060394516e-05,0
858,0.01552830823,1.060394516e-05,0
859,0.01634705253,1.01331425e-05,0
860,0.357095927,1.01331425e-05,1
861,0.0002325547393,1.01331425e-05,0
862,0.000263155438,1.01331425e-05,0
863,0.0007701142458,1.01331425e-05,0
864,0.167542994,1.01331425e-05,0
865,0.006385782734,1.01331425e-05,0
866,0.00894160755,1.01331425e-05,0
867,0.08185148239,1.01331425e-05,0
868,0.03952980042,1.01331425e-05,0
869,0.006254083477,1.01331425e-05,0
870,0.02019652538,1.01331425e-05,0
871,0.04072989523,1.01331425e-05,0
872,0.1852271408,1.01331425e-05,0
873,0.02520298958,1.01331425e-05,0
874,0.005996149499,1.01331425e-05,0
875,0.0004642576387,1.01331425e-05,0
876,0.06625108421,1.01331425e-05,0
877,0.001370515674,1.01331425e-05,0
878,0.007507744245,1.01331425e-05,0
879,0.0240018107,1.214783788e-05,0
880,0.002541550901,1.214783788e-05,0
881,0.08444207907,1.214783788e-05,0
882,0.008310107514,1.214783788e-05,0
883,0.1704509407,1.214783788e-05,0
884,0.08268167078,1.214783788e-05,0
885,0.04029361904,1.214783788e-05,0
886,0.03542643413,1.214783788e-05,0
887,0.10402257,1.214783788e-05,0
888,0.0006945813075,1.214783788e-05,0
889,0.2583352327,1.214783788e-05,0
890,0.01164325234,1.214783788e-05,0
891,0.06053012237,1.214783788e-05,0
892,0.1039025635,1.214783788e-05,0
893,0.1107637212,1.214783788e-05,0
894,0.01641920768,1.214783788e-05,0
895,0.02020529099,1.214783788e-05,0
896,0.1103312969,1.214783788e-05,0
897,0.04802341014,1.214783788e-05,0
898,0.02050178312,1.214783788e-05,0
899,0.01445679832,7.64541528e-06,0
900,0.05340723321,7.64541528e-06,0
901,0.04424377903,7.64541528e-06,0
902,0.01147476118,7.64541528e-06,0
903,0.02574333921,7.64541528e-06,0
904,0.005215268582,7.64541528e-06,0
905,0.01837183535,7.64541528e-06,0
906,0.05685899407,7.64541528e-06,0
907,0.1481626928,7.64541528e-06,0
908,0.1033037826,7.64541528e-06,0
909,0.07071280479,7.64541528e-06,0
910,0.01491282601,7.64541528e-06,0
911,0.002309981035,7.64541528e-06,0
912,0.01232729666,7.64541528e-06,0
913,0.1498048604,7.64541528e-06,0
914,0.01970298216,7.64541528e-06,0
915,0.03049854375,7.64541528e-06,0
916,0.001822512015,7.64541528e-06,0
917,0.001252817572,7.64541528e-06,0
918,0.008502587676,7.64541528e-06,0
919,0.06615588814,7.601917332e-06,0
920,0.03714643419,7.601917332e-06,0
921,0.006915734615,7.601917332e-06,0
922,0.02310327813,7.601917332e-06,0
923,0.01553532481,7.601917332e-06,0
924,0.01334938873,7.601917332e-06,0
925,0.06536540389,7.601917332e-06,0
926,0.007784580812,7.601917332e-06,0
927,0.0025279033,7.601917332e-06,0
928,0.01881969161,7.601917332e-06,0
929,0.02205107361,7.601917332e-06,0
930,0.003466463648,7.601917332e-06,0
931,0.1260188222,7.601917332e-06,0
932,0.009021003731,7.601917332e-06,0
933,0.02057518624,7.601917332e-06,0
934,0.0006475093542,7.601917332e-06,0
935,0.008066803217,7.601917332e-06,0
936,0.1166827232,7.601917332e-06,0
937,0.1199734285,7.601917332e-06,0
938,0.001544389874,7.601917332e-06,0
939,0.01865943521,7.464063856e-06,0
940,0.05208793655,7.464063856e-06,0
941,0.02373237722,7.464063856e-06,0
942,0.04623139277,7.464063856e-06,0
943,0.02994039841,7.464063856e-06,0
944,0.003882912686,7.464063856e-06,0
945,0.00148806267,7.464063856e-06,0
946,0.2158397734,7.464063856e-06,0
947,0.1497718543,7.464063856e-06,0
948,0.004765180871,7.464063856e-06,0
949,0.01238429546,7.464063856e-06,0
950,0.03464714438,7.464063856e-06,0
951,0.03796058148,7.464063856e-06,0
952,0.0004402336781,7.464063856e-06,0
953,0.02311271615,7.464063856e-06,0
954,0.1217435449,7.464063856e-06,0
955,0.06865719706,7.464063856e-06,0
956,0.03470472991,7.464063856e-06,0
957,0.02355417795,7.464063856e-06,0
958,0.01808641106,7.464063856e-06,0
959,0.009264566936,8.450616406e-06,0
960,0.009959067218,8.450616406e-06,0
961,0.04589983076,8.450616406e-06,0
962,0.05785426125,8.450616406e-06,0
963,0.01575946994,8.450616406e-06,0
964,0.04978108779,8.450616406e-06,0
965,0.007072129287,8.450616406e-06,0
966,0.01394577324,8.450616406e-06,0
967,0.01677276753,8.450616406e-06,0
968,0.01553127822,8.450616406e-06,0
969,0.003220786341,8.450616406e-06,0
970,0.1471084803,8.450616406e-06,0
971,0.01796845905,8.450616406e-06,0
972,0.06916124374,8.450616406e-06,0
973,0.008494862355,8.450616406e-06,0
974,0.004316042177,8.450616406e-06,0
975,0.00780135626,8.450616406e-06,0
976,0.05453867465,8.450616406e-06,0
977,0.02309284732,8.450616406e-06,0
978,0.009480902925,8.450616406e-06,0
979,0.0006160937482,7.342364825e-06,0
980,0.03001441807,7.342364825e-06,0
981,0.001732449397,7.342364825e-06,0
982,0.06542614102,7.342364825e-06,0
983,0.001596765826,7.342364825e-06,0
984,0.0006464244216,7.342364825e-06,0
985,0.0002703276114,7.342364825e-06,0
986,0.01319680922,7.342364825e-06,0
987,0.07254843414,7.342364825e-06,0
988,0.0005541244755,7.342364825e-06,0
989,0.00167950138,7.342364825e-06,0
990,0.002981058089,7.342364825e-06,0
991,0.01335141063,7.342364825e-06,0
992,0.0009291146998,7.342364825e-06,0
993,0.09575737268,7.342364825e-06,0
994,0.1317630559,7.342364825e-06,0
995,0.002526841359,7.342364825e-06,0
996,0.1311122775,7.342364825e-06,0
997,0.009499039501,7.342364825e-06,0
998,0.05588877201,7.342364825e-06,0
999,0.1093604565,8.475120012e-06,0
1000,0.03004081547,8.475120012e-06,0
1001,0.01651067659,8.475120012e-06,0
1002,0.00647006277,8.475120012e-06,0
1003,0.02798250131,8.475120012e-06,0
1004,0.003748218529,8.475120012e-06,0
1005,0.06209043041,8.475120012e-06,0
1006,0.001433963538,8.475120012e-06,0
1007,0.0006237985799,8.475120012e-06,0
1008,0.008754406124,8.475120012e-06,0
1009,0.005119726993,8.475120012e-06,0
1010,0.002195157809,8.475120012e-06,0
1011,0.08629556,8.475120012e-06,0
1012,0.0006137040909,8.475120012e-06,0
1013,0.03085431084,8.475120012e-06,0
1014,0.07702704519,8.475120012e-06,0
1015,0.001469868119,8.475120012e-06,0
1016,0.08155810088,8.475120012e-06,0
1017,0.003711759346,8.475120012e-06,0
1018,0.01376168896,8.475120012e-06,0
1019,0.01260676887,8.778210031e-06,0
1020,0.01186490711,8.778210031e-06,0
1021,0.009305143729,8.778210031e-06,0
1022,0.1057022959,8.778210031e-06,0
1023,0.001614818932,8.778210031e-06,0
1024,0.06715583056,8.778210031e-06,0
1025,0.09342169017,8.778210031e-06,0
1026,0.05621076375,8.778210031e-06,0
1027,0.03603081778,8.778210031e-06,0
1028,0.0124926148,8.778210031e-06,0
1029,0.03485234454,8.778210031e-06,0
1030,0.000306701113,8.778210031e-06,0
1031,0.2254822999,8.778210031e-06,0
1032,0.0005970793427,8.778210031e-06,0
1033,0.04162793234,8.778210031e-06,0
1034,0.01516610757,8.778210031e-06,0
1035,0.08668476343,8.778210031e-06,0
1036,0.002963606035,8.778210031e-06,0
1037,0.01198024955,8.778210031e-06,0
1038,0.006640070118,8.778210031e-06,0
1039,0.05074112117,9.236224287e-06,0
1040,0.001789953792,9.236224287e-06,0
1041,0.02299706638,9.236224287e-06,0
1042,0.007618698291,9.236224287e-06,0
1043,0.001201007864,9.236224287e-06,0
1044,0.03762598708,9.236224287e-06,0
1045,0.02757618017,9.236224287e-06,0
1046,0.01447269227,9.236224287e-06,0
1047,0.007460829802,9.236224287e-06,0
1048,0.001280828146,9.236224287e-06,0
1049,0.00877279602,9.236224287e-06,0
1050,0.09926168621,9.236224287e-06,0
1051,0.023100283,9.236224287e-06,0
1052,0.01954768412,9.236224287e-06,0
1053,0.0009708588477,9.236224287e-06,0
1054,0.005430528894,9.236224287e-06,0
1055,0.0005748652038,9.236224287e-06,0
1056,0.03909731656,9.236224287e-06,0
1057,0.1927389354,9.236224287e-06,0
1058,0.01571862958,9.236224287e-06,0
1059,0.02727152221,1.112878817e-05,0
1060,0.252012521,1.112878817e-05,0
1061,0.01788950898,1.112878817e-05,0
1062,0.02269104496,1.112878817e-05,0
1063,0.2492358685,1.112878817e-05,0
1064,0.024164984,1.112878817e-05,0
1065,0.07855283469,1.112878817e-05,0
1066,0.03943067044,1.112878817e-05,0
1067,0.1250337362,1.112878817e-05,0
1068,0.04539905861,1.112878817e-05,0
1069,0.08304648101,1.112878817e-05,0
1070,0.1329317838,1.112878817e-05,0
1071,0.001436489169,1.112878817e-05,0
1072,0.007748201024,1.112878817e-05,0
1073,0.002941559069,1.112878817e-05,0
1074,0.2460950017,1.112878817e-05,0
1075,0.001770948991,1.112878817e-05,0
1076,0.1332187802,1.112878817e-05,0
1077,0.001846362138,1.112878817e-05,0
1078,0.02651461773,1.112878817e-05,0
1079,0.02769783139,9.338712516e-06,0
1080,0.01753308624,9.338712516e-06,0
1081,0.2634402812,9.338712516e-06,0
1082,0.02405044064,9.338712516e-06,0
1083,0.01363971364,9.338712516e-06,0
1084,0.04765268788,9.338712516e-06,0
1085,0.08029998094,9.338712516e-06,0
1086,0.05768341944,9.338712516e-06,0
1087,0.1314023733,9.338712516e-06,0
1088,0.1192792431,9.338712516e-06,0
1089,0.08860186487,9.338712516e-06,0
1090,0.1962700784,9.338712516e-06,0
1091,0.2900785208,9.338712516e-06,0
1092,0.09765981138,9.338712516e-06,0
1093,0.08824159205,9.338712516e-06,0
1094,0.07303794473,9.338712516e-06,0
1095,0.001311568078,9.338712516e-06,0
1096,0.1050219759,9.338712516e-06,0
1097,0.1676128656,9.338712516e-06,0
1098,0.09938776493,9.338712516e-06,0
1099,0.07714492083,7.881600141e-06,0
1100,0.0217217505,7.881600141e-06,0
1101,0.06737786531,7.881600141e-06,0
1102,0.03987362608,7.881600141e-06,0
1103,0.212477684,7.881600141e-06,0
1104,0.006905396469,7.881600141e-06,0
1105,0.01051054802,7.881600141e-06,0
1106,0.1112230793,7.881600141e-06,0
1107,0.1373778135,7.881600141e-06,0
1108,0.01634718105,7.881600141e-06,0
1109,0.04665060341,7.881600141e-06,0
1110,0.2184410393,7.881600141e-06,0
1111,0.07626669854,7.881600141e-06,0
1112,0.03969410434,7.881600141e-06,0
1113,0.001172464341,7.881600141e-06,0
1114,0.0241741091,7.881600141e-06,0
1115,0.1647644043,7.881600141e-06,0
1116,0.001721715089,7.881600141e-06,0
1117,0.1022189781,7.881600141e-06,0
1118,0.03129300848,7.881600141e-06,0
1119,0.1874509007,8.787559636e-06,0
1120,0.0008057575906,8.787559636e-06,0
1121,0.01014734991,8.787559636e-06,0
1122,0.04617556185,8.787559636e-06,0
1123,0.2801772356,8.787559636e-06,0
1124,0.03080849908,8.787559636e-06,0
1125,0.06804695725,8.787559636e-06,0
1126,0.07678109407,8.787559636e-06,0
1127,0.132540971,8.787559636e-06,0
1128,0.007249078713,8.787559636e-06,0
1129,0.001215302735,8.787559636e-06,0
1130,0.01960684359,8.787559636e-06,0
1131,0.02799158916,8.787559636e-06,0
1132,0.0348768495,8.787559636e-06,0
1133,0.004126853775,8.787559636e-06,0
1134,0.2585540116,8.787559636e-06,0
1135,0.005368688144,8.787559636e-06,0
1136,0.03376222402,8.787559636e-06,0
1137,0.009433731437,8.787559636e-06,0
1138,0.03345013037,8.787559636e-06,0
1139,0.04063525051,1.374390467e-05,0
1140,0.001413618797,1.374390467e-05,0
1141,0.1641723812,1.374390467e-05,0
1142,0.1663067192,1.374390467e-05,0
1143,0.004745800514,1.374390467e-05,0
1144,0.07425887138,1.374390467e-05,0
1145,0.02749220468,1.374390467e-05,0
1146,0.0580865182,1.374390467e-05,0
1147,0.1272019446,1.374390467e-05,0
1148,0.00426454097,1.374390467e-05,0
1149,0.001031647087,1.374390467e-05,0
1150,0.1299180686,1.374390467e-05,0
1151,0.1058357805,1.374390467e-05,0
1152,0.05687996745,1.374390467e-05,0
1153,0.006453599781,1.374390467e-05,0
1154,0.01603836007,1.374390467e-05,0
1155,0.05439893156,1.374390467e-05,0
1156,0.03601436689,1.374390467e-05,0
1157,0.009476623498,1.374390467e-05,0
1158,0.004624326713,1.374390467e-05,0
1159,0.1336232573,8.030527169e-06,0
1160,0.1846992373,8.030527169e-06,0
1161,0.01179240737,8.030527169e-06,0
1162,0.004580223467,8.030527169e-06,0
1163,0.1042718887,8.030527169e-06,0
1164,0.06222261861,8.030527169e-06,0
1165,0.04608117789,8.030527169e-06,0
1166,0.1298762113,8.030527169e-06,0
1167,0.02164233103,8.030527169e-06,0
1168,0.03733526543,8.030527169e-06,0
1169,0.002202746691,8.030527169e-06,0
1170,0.00958454702,8.030527169e-06,0
1171,0.01770439558,8.030527169e-06,0
1172,0.00590838585,8.030527169e-06,0
1173,0.04553100839,8.030527169e-06,0
1174,0.03528858349,8.030527169e-06,0
1175,0.02373672836,8.030527169e-06,0
1176,0.07246024907,8.030527169e-06,0
1177,0.2184596509,8.030527169e-06,0
1178,0.004340484738,8.030527169e-06,0
1179,0.0122028105,1.056104975e-05,0
1180,0.001609069412,1.056104975e-05,0
1181,0.005587386433,1.056104975e-05,0
1182,0.1623752862,1.056104975e-05,0
1183,0.03913720697,1.056104975e-05,0
1184,0.06490617245,1.056104975e-05,0
1185,0.02050513588,1.056104975e-05,0
1186,0.08814818412,1.056104975e-05,0
1187,0.008020794019,1.056104975e-05,0
1188,0.001066805329,1.056104975e-05,0
1189,0.02515094168,1.056104975e-05,0
1190,0.006145737134,1.056104975e-05,0
1191,0.01104729902,1.056104975e-05,0
1192,0.001292931614,1.056104975e-05,0
1193,0.1045417115,1.056104975e-05,0
1194,0.005167927593,1.056104975e-05,0
1195,0.001224103733,1.056104975e-05,0
1196,0.00730092451,1.056104975e-05,0
1197,0.05468871072,1.056104975e-05,0
1198,0.05735405162,1.056104975e-05,0
1199,0.02355638891,1.335200432e-05,0
1200,0.02759099565,1.335200432e-05,0
1201,0.03355733678,1.335200432e-05,0
1202,0.004362468608,1.335200432e-05,0
1203,0.2019520402,1.335200432e-05,0
1204,0.03224974126,1.335200432e-05,0
1205,0.0001793152915,1.335200432e-05,0
1206,0.01265593525,1.335200432e-05,0
1207,0.007214327343,1.335200432e-05,0
1208,0.001529096276,1.335200432e-05,0
1209,0.0006520074676,1.335200432e-05,0
1210,0.06285634637,1.335200432e-05,0
1211,0.01482966263,1.335200432e-05,0
1212,0.03485121951,1.335200432e-05,0
1213,0.1444648057,1.335200432e-05,0
1214,0.08118799329,1.335200432e-05,0
1215,0.03996509314,1.335200432e-05,0
1216,0.001837161253,1.335200432e-05,0
1217,0.178127557,1.335200432e-05,0
1218,0.003771031508,1.335200432e-05,0
1219,0.001198205515,5.97056669e-06,0
1220,0.001220411854,5.97056669e-06,0
1221,0.03701955825,5.97056669e-06,0
1222,0.004661011975,5.97056669e-06,0
1223,0.04029887915,5.97056669e-06,0
1224,0.2146355808,5.97056669e-06,0
1225,0.024057284,5.97056669e-06,0
1226,0.006907536648,5.97056669e-06,0
1227,0.1660289466,5.97056669e-06,0
1228,0.1608243436,5.97056669e-06,0
1229,0.2138694227,5.97056669e-06,0
1230,0.1883341819,5.97056669e-06,0
1231,0.03464983776,5.97056669e-06,0
1232,0.04193720967,5.97056669e-06,0
1233,0.01496924832,5.97056669e-06,0
1234,0.007906353101,5.97056669e-06,0
1235,0.03034550697,5.97056669e-06,0
1236,0.01342004817,5.97056669e-06,0
1237,0.01077381521,5.97056669e-06,0
1238,0.006271624938,5.97056669e-06,0
1239,0.04002415389,6.574813597e-06,0
1240,0.01875202917,6.574813597e-06,0
1241,0.003138795262,6.574813597e-06,0
1242,0.0859746784,6.574813597e-06,0
1243,0.01591690816,6.574813597e-06,0
1244,0.003293361515,6.574813597e-06,0
1245,0.02067362517,6.574813597e-06,0
1246,0.04258811846,6.574813597e-06,0
1247,0.003819385078,6.574813597e-06,0
1248,0.0639770478,6.574813597e-06,0
1249,0.01880833134,6.574813597e-06,0
1250,0.01293654647,6.574813597e-06,0
1251,0.02953067422,6.574813597e-06,0
1252,0.1486997008,6.574813597e-06,0
1253,0.02287551947,6.574813597e-06,0
1254,0.001562475227,6.574813597e-06,0
1255,0.04684402049,6.574813597e-06,0
1256,0.2831160724,6.574813597e-06,0
1257,0.02217525057,6.574813597e-06,0
1258,0.01272001676,6.574813597e-06,0
1259,0.053351935,6.640692845e-06,0
1260,0.003763604444,6.640692845e-06,0
1261,0.01964932866,6.640692845e-06,0
1262,0.03250691667,6.640692845e-06,0
1263,0.02777552791,6.640692845e-06,0
1264,0.1189627275,6.640692845e-06,0
1265,0.01571842656,6.640692845e-06,0
1266,0.2961399257,6.640692845e-06,0
1267,0.02553108148,6.640692845e-06,0
1268,0.0260434337,6.640692845e-06,0
1269,0.00257061189,6.640692845e-06,0
1270,0.05283432454,6.640692845e-06,0
1271,0.01975201443,6.640692845e-06,0
1272,0.1024594232,6.640692845e-06,0
1273,0.06504891068,6.640692845e-06,0
1274,0.03132468835,6.640692845e-06,0
1275,0.1776123196,6.640692845e-06,0
1276,0.01943098381,6.640692845e-06,0
1277,0.00978684891,6.640692845e-06,0
1278,0.04202185571,6.640692845e-06,0
1279,0.04083324969,1.164196692e-05,0
1280,0.01456714515,1.164196692e-05,0
1281,0.03375017643,1.164196692e-05,0
1282,0.05078890547,1.164196692e-05,0
1283,0.001701405388,1.164196692e-05,0
1284,0.0004624371941,1.164196692e-05,0
1285,0.0006144359941,1.164196692e-05,0
1286,0.05838724598,1.164196692e-05,0
1287,0.007199554704,1.164196692e-05,0
1288,0.001065516379,1.164196692e-05,0
1289,0.1459626406,1.164196692e-05,0
1290,0.1481222957,1.164196692e-05,0
1291,0.02645356208,1.164196692e-05,0
1292,0.06561788172,1.164196692e-05,0
1293,0.01181915961,1.164196692e-05,0
1294,0.02298706397,1.164196692e-05,0
1295,0.1333298981,1.164196692e-05,0
1296,0.1012914404,1.164196692e-05,0
1297,0.00268402556,1.164196692e-05,0
1298,0.02940103039,1.164196692e-05,0
1299,0.08009556681,9.212985788e-06,0
1300,0.01432506833,9.212985788e-06,0
1301,0.02914923057,9.212985788e-06,0
1302,0.01663989946,9.212985788e-06,0
1303,0.04865050316,9.212985788e-06,0
1304,0.00525036687,9.212985788e-06,0
1305,0.0030084725,9.212985788e-06,0
1306,0.05529022962,9.212985788e-06,0
1307,0.05024698749,9.212985788e-06,0
1308,0.003176352009,9.212985788e-06,0
1309,0.03657926619,9.212985788e-06,0
1310,0.01325966045,9.212985788e-06,0
1311,0.08965355158,9.212985788e-06,0
1312,0.004891029559,9.212985788e-06,0
1313,0.003245413536,9.212985788e-06,0
1314,0.02089023776,9.212985788e-06,0
1315,0.0290150512,9.212985788e-06,0
1316,0.1074928269,9.212985788e-06,0
1317,0.01072031353,9.212985788e-06,0
1318,0.009722068906,9.212985788e-06,0
1319,0.0466215834,1.136646915e-05,0
1320,0.0196132753,1.136646915e-05,0
1321,0.0124190487,1.136646915e-05,0
1322,0.01952266321,1.136646915e-05,0
1323,0.01596943289,1.136646915e-05,0
1324,0.1310040057,1.136646915e-05,0
1325,0.04715086147,1.136646915e-05,0
1326,0.07186284661,1.136646915e-05,0
1327,0.002932456555,1.136646915e-05,0
1328,0.002232374856,1.136646915e-05,0
1329,0.01728447899,1.136646915e-05,0
1330,0.02333216742,1.136646915e-05,0
1331,0.03408481926,1.136646915e-05,0
1332,0.006188118365,1.136646915e-05,0
1333,0.07451231778,1.136646915e-05,0
1334,0.06813472509,1.136646915e-05,0
1335,0.002259653993,1.136646915e-05,0
1336,0.05104543269,1.136646915e-05,0
1337,0.0410452038,1.136646915e-05,0
1338,0.003118497087,1.136646915e-05,0
1339,0.001233700314,1.212729967e-05,0
1340,0.01907822117,1.212729967e-05,0
1341,0.002844943898,1.212729967e-05,0
1342,0.001906765858,1.212729967e-05,0
1343,0.001205465058,1.212729967e-05,0
1344,0.05282121152,1.212729967e-05,0
1345,0.1482822001,1.212729967e-05,0
1346,0.03257357329,1.212729967e-05,0
1347,0.1020363048,1.212729967e-05,0
1348,0.05456998572,1.212729967e-05,0
1349,0.01740269177,1.212729967e-05,0
1350,0.002217663685,1.212729967e-05,0
1351,0.008658460341,1.212729967e-05,0
1352,0.01153772697,1.212729967e-05,0
1353,0.01658565365,1.212729967e-05,0
1354,0.009391423315,1.212729967e-05,0
1355,0.08309219033,1.212729967e-05,0
1356,0.03130721673,1.212729967e-05,0
1357,0.01612779126,1.212729967e-05,0
1358,0.01287709735,1.212729967e-05,0
1359,0.2511279583,4.24019845e-06,0
1360,0.001249116031,4.24019845e-06,0
1361,0.01474415138,4.24019845e-06,0
1362,0.05168994516,4.24019845e-06,0
1363,0.0189628955,4.24019845e-06,0
1364,0.02842643298,4.24019845e-06,0
1365,0.1026135162,4.24019845e-06,0
1366,0.06577183306,4.24019845e-06,0
1367,0.1848539859,4.24019845e-06,0
1368,0.009727587923,4.24019845e-06,0
1369,0.1150696203,4.24019845e-06,0
1370,0.001579689095,4.24019845e-06,0
1371,0.0005705450312,4.24019845e-06,0
1372,0.01938729733,4.24019845e-06,0
1373,0.2199803144,4.24019845e-06,0
1374,0.1018508971,4.24019845e-06,0
1375,0.08992837369,4.24019845e-06,0
1376,0.2022474855,4.24019845e-06,0
1377,0.1388075501,4.24019845e-06,0
1378,0.07226707786,4.24019845e-06,0
1379,0.04931036383,7.311325135e-06,0
1380,0.01696697436,7.311325135e-06,0
1381,0.1204322129,7.311325135e-06,0
1382,0.04718544334,7.311325135e-06,0
1383,0.01565510966,7.311325135e-06,0
1384,0.02977436036,7.311325135e-06,0
1385,0.005436370149,7.311325135e-06,0
1386,0.02953330427,7.311325135e-06,0
1387,0.08514244109,7.311325135e-06,0
1388,0.05561207607,7.311325135e-06,0
1389,0.03769325837,7.311325135e-06,0
1390,0.1046678871,7.311325135e-06,0
1391,0.05431899428,7.311325135e-06,0
1392,0.003471113043,7.311325135e-06,0
1393,0.1106755584,7.311325135e-06,0
1394,0.05393367633,7.311325135e-06,0
1395,0.03986465931,7.311325135e-06,0
1396,0.006042914931,7.311325135e-06,0
1397,0.002044683555,7.311325135e-06,0
1398,0.0003184985835,7.311325135e-06,0
1399,0.02492065914,4.764407549e-06,0
1400,0.02946886979,4.764407549e-06,0
1401,0.005686820485,4.764407549e-06,0
1402,0.009249321185,4.764407549e-06,0
1403,0.01573731937,4.764407549e-06,0
1404,0.02486630157,4.764407549e-06,0
1405,0.240259558,4.764407549e-06,0
1406,0.00521720387,4.764407549e-06,0
1407,0.005580983125,4.764407549e-06,0
1408,0.002200849121,4.764407549e-06,0
1409,0.1975209117,4.764407549e-06,0
1410,0.008234090172,4.764407549e-06,0
1411,0.002318088897,4.764407549e-06,0
1412,0.01755179092,4.764407549e-06,0
1413,0.04289619625,4.764407549e-06,0
1414,0.02883542329,4.764407549e-06,0
1415,0.008676176891,4.764407549e-06,0
1416,0.01766251586,4.764407549e-06,0
1417,0.1037130803,4.764407549e-06,0
1418,0.0482919924,4.764407549e-06,0
1419,0.00135336665,8.452902875e-06,0
1420,0.1139511764,8.452902875e-06,0
1421,0.02403439768,8.452902875e-06,0
1422,0.05096106976,8.452902875e-06,0
1423,0.007008631248,8.452902875e-06,0
1424,0.1581721157,8.452902875e-06,0
1425,0.0179964751,8.452902875e-06,0
1426,0.01043529715,8.452902875e-06,0
1427,0.20344311,8.452902875e-06,0
1428,0.03627447411,8.452902875e-06,0
1429,0.01894037612,8.452902875e-06,0
1430,0.01215217076,8.452902875e-06,0
1431,0.04470972717,8.452902875e-06,0
1432,0.0006023048772,8.452902875e-06,0
1433,0.0008605878684,8.452902875e-06,0
1434,0.0009220145876,8.452902875e-06,0
1435,0.03301196545,8.452902875e-06,0
1436,0.01018970367,8.452902875e-06,0
1437,0.03178750724,8.452902875e-06,0
1438,0.0007730750367,8.452902875e-06,0
1439,0.01037782524,9.673870409e-06,0
1440,0.02184581943,9.673870409e-06,0
1441,0.00247207447,9.673870409e-06,0
1442,0.038786605,9.673870409e-06,0
1443,0.08306829631,9.673870409e-06,0
1444,0.1476246566,9.673870409e-06,0
1445,0.05787558109,9.673870409e-06,0
1446,0.06093312055,9.673870409e-06,0
1447,0.05495543033,9.673870409e-06,0
1448,0.0416129753,9.673870409e-06,0
1449,0.0148725193,9.673870409e-06,0
1450,0.2043086737,9.673870409e-06,0
1451,0.03287547827,9.673870409e-06,0
1452,0.02208824269,9.673870409e-06,0
1453,0.03865301982,9.673870409e-06,0
1454,0.000849616772,9.673870409e-06,0
1455,0.05282796174,9.673870409e-06,0
1456,0.01587525755,9.673870409e-06,0
1457,0.02318813652,9.673870409e-06,0
1458,0.08921318501,9.673870409e-06,0
1459,0.1159414724,9.325822248e-06,0
1460,0.02047775686,9.325822248e-06,0
1461,0.002246709308,9.325822248e-06,0
1462,0.01269866899,9.325822248e-06,0
1463,0.01618108526,9.325822248e-06,0
1464,0.2656250298,9.325822248e-06,0
1465,0.09260886163,9.325822248e-06,0
1466,0.03094985522,9.325822248e-06,0
1467,0.08487923443,9.325822248e-06,0
1468,0.02729158103,9.325822248e-06,0
1469,0.01438905764,9.325822248e-06,0
1470,0.1223915294,9.325822248e-06,0
1471,0.02494966798,9.325822248e-06,0
1472,0.001602907432,9.325822248e-06,0
1473,0.02600631863,9.325822248e-06,0
1474,0.02318701148,9.325822248e-06,0
1475,0.09246207774,9.325822248e-06,0
1476,0.09886056185,9.325822248e-06,0
1477,0.01619359665,9.325822248e-06,0
1478,0.0605222024,9.325822248e-06,0
1479,0.02232474275,8.933071513e-06,0
1480,0.05750084296,8.933071513e-06,0
1481,0.1096586958,8.933071513e-06,0
1482,0.00479994202,8.933071513e-06,0
1483,0.07941616327,8.933071513e-06,0
1484,0.006214208435,8.933071513e-06,0
1485,0.04520369694,8.933071513e-06,0
1486,0.09493602067,8.933071513e-06,0
1487,0.1856208742,8.933071513e-06,0
1488,0.02637882158,8.933071513e-06,0
1489,0.01197279245,8.933071513e-06,0
1490,0.01900169253,8.933071513e-06,0
1491,0.05906927213,8.933071513e-06,0
1492,0.01099968981,8.933071513e-06,0
1493,0.007012346759,8.933071513e-06,0
1494,0.004175588489,8.933071513e-06,0
1495,0.01651167683,8.933071513e-06,0
1496,0.006801013835,8.933071513e-06,0
1497,0.03021933511,8.933071513e-06,0
1498,0.002755534369,8.933071513e-06,0
1499,0.05533741415,9.549453353e-06,0
1500,0.0154136885,9.549453353e-06,0
1501,0.002779916627,9.549453353e-06,0
1502,0.007119137794,9.549453353e-06,0
1503,0.0202772636,9.549453353e-06,0
1504,0.1001721397,9.549453353e-06,0
1505,0.01495634858,9.549453353e-06,0
1506,0.08521145582,9.549453353e-06,0
1507,0.2866746485,9.549453353e-06,0
1508,0.001210545655,9.549453353e-06,0
1509,0.108968474,9.549453353e-06,0
1510,0.001035411959,9.549453353e-06,0
1511,0.0006250345614,9.549453353e-06,0
1512,0.004653141834,9.549453353e-06,0
1513,0.06818711013,9.549453353e-06,0
1514,0.1052605137,9.549453353e-06,0
1515,0.009225927293,9.549453353e-06,0
1516,0.01267767046,9.549453353e-06,0
1517,0.004888316616,9.549453353e-06,0
1518,0.02371835709,9.549453353e-06,0
1519,0.0003288177249,9.042463716e-06,0
1520,0.01325192582,9.042463716e-06,0
1521,0.002708279761,9.042463716e-06,0
1522,0.00253451732,9.042463716e-06,0
1523,0.04185178876,9.042463716e-06,0
1524,0.007691362873,9.042463716e-06,0
1525,0.04776589572,9.042463716e-06,0
1526,0.002999571152,9.042463716e-06,0
1527,0.01541895792,9.042463716e-06,0
1528,0.03835632652,9.042463716e-06,0
1529,0.0005099735572,9.042463716e-06,0
1530,0.09294684976,9.042463716e-06,0
1531,0.02578777075,9.042463716e-06,0
1532,0.001234686701,9.042463716e-06,0
1533,0.03703566268,9.042463716e-06,0
1534,0.03609124944,9.042463716e-06,0
1535,0.09730161726,9.042463716e-06,0
1536,0.02867092006,9.042463716e-06,0
1537,0.01426149439,9.042463716e-06,0
1538,0.07674381137,9.042463716e-06,0
1539,0.04615000635,6.787519396e-06,0
1540,0.001761607244,6.787519396e-06,0
1541,0.1149923205,6.787519396e-06,0
1542,0.03988547251,6.787519396e-06,0
1543,0.0009601753554,6.787519396e-06,0
1544,0.001988686156,6.787519396e-06,0
1545,0.02472697757,6.787519396e-06,0
1546,0.04422831163,6.787519396e-06,0
1547,0.01428373065,6.787519396e-06,0
1548,0.02140376531,6.787519396e-06,0
1549,0.0210641399,6.787519396e-06,0
1550,0.08940671384,6.787519396e-06,0
1551,0.2623087466,6.787519396e-06,0
1552,0.0002122370788,6.787519396e-06,0
1553,0.007308527362,6.787519396e-06,0
1554,0.01565228216,6.787519396e-06,0
1555,0.1058290675,6.787519396e-06,0
1556,0.09964609891,6.787519396e-06,0
1557,0.02818392403,6.787519396e-06,0
1558,0.0168671757,6.787519396e-06,0
1559,0.1014185771,6.743091944e-06,0
1560,0.04505807161,6.743091944e-06,0
1561,0.007873780094,6.743091944e-06,0
1562,0.01231626701,6.743091944e-06,0
1563,0.02120686509,6.743091944e-06,0
1564,0.03787095845,6.743091944e-06,0
1565,0.03612381965,6.743091944e-06,0
1566,0.01193593722,6.743091944e-06,0
1567,0.007306064013,6.743091944e-06,0
1568,0.03859008476,6.743091944e-06,0
1569,0.03450661525,6.743091944e-06,0
1570,0.04462616518,6.743091944e-06,0
1571,0.00102248427,6.743091944e-06,0
1572,0.0284702722,6.743091944e-06,0
1573,0.008214996196,6.743091944e-06,0
1574,0.001177627477,6.743091944e-06,0
1575,0.01076097321,6.743091944e-06,0
1576,0.04259589314,6.743091944e-06,0
1577,0.03310625628,6.743091944e-06,0
1578,0.003068192163,6.743091944e-06,0
1579,0.002688237233,7.315139101e-06,0
1580,0.05553185195,7.315139101e-06,0
1581,0.03348652646,7.315139101e-06,0
1582,0.002123725368,7.315139101e-06,0
1583,0.1148010194,7.315139101e-06,0
1584,0.0005594495451,7.315139101e-06,0
1585,0.1411064416,7.315139101e-06,0
1586,0.006754764821,7.315139101e-06,0
1587,0.003009532811,7.315139101e-06,0
1588,0.09673379362,7.315139101e-06,0
1589,0.001029529376,7.315139101e-06,0
1590,0.0251921881,7.315139101e-06,0
1591,0.002438945463,7.315139101e-06,0
1592,0.00882539805,7.315139101e-06,0
1593,0.03570891172,7.315139101e-06,0
1594,0.07134475559,7.315139101e-06,0
1595,0.005730791017,7.315139101e-06,0
1596,0.0009504174232,7.315139101e-06,0
1597,0.03349803761,7.315139101e-06,0
1598,0.01468389295,7.315139101e-06,0
1599,0.05712767318,7.649912732e-06,0
1600,0.003273347626,7.649912732e-06,0
1601,0.01253335923,7.649912732e-06,0
1602,0.001303720172,7.649912732e-06,0
1603,0.05598356947,7.649912732e-06,0
1604,0.02278714441,7.649912732e-06,0
1605,0.01334970817,7.649912732e-06,0
1606,0.009406208061,7.649912732e-06,0
1607,0.003164043883,7.649912732e-06,0
1608,0.06208473444,7.649912732e-06,0
1609,0.03272293136,7.649912732e-06,0
1610,0.01543197595,7.649912732e-06,0
1611,0.03279545531,7.649912732e-06,0
1612,0.08595051616,7.649912732e-06,0
1613,0.1587032229,7.649912732e-06,0
1614,0.003544196952,7.649912732e-06,0
1615,0.003304347396,7.649912732e-06,0
1616,0.03635223582,7.649912732e-06,0
1617,0.04732553661,7.649912732e-06,0
1618,0.05486241728,7.649912732e-06,0
1619,0.0004789945087,8.529850675e-06,0
1620,0.05085891485,8.529850675e-06,0
1621,0.01044850703,8.529850675e-06,0
1622,0.0006151206326,8.529850675e-06,0
1623,0.01095255278,8.529850675e-06,0
1624,0.001457120641,8.529850675e-06,0
1625,0.0103947483,8.529850675e-06,0
1626,0.07202522457,8.529850675e-06,0
1627,0.05907361209,8.529850675e-06,0
1628,0.006310784724,8.529850675e-06,0
1629,0.01000141539,8.529850675e-06,0
1630,0.005551159848,8.529850675e-06,0
1631,0.2767329514,8.529850675e-06,0
1632,0.04188048467,8.529850675e-06,0
1633,0.0516234152,8.529850675e-06,0
1634,0.001935234875,8.529850675e-06,0
1635,0.006703985855,8.529850675e-06,0
1636,0.003771140007,8.529850675e-06,0
1637,0.01925107278,8.529850675e-06,0
1638,0.01118273754,8.529850675e-06,0
1639,0.001436967985,9.441808288e-06,0
1640,0.02040388994,9.441808288e-06,0
1641,0.006673147902,9.441808288e-06,0
1642,0.02522498555,9.441808288e-06,0
1643,0.01244243793,9.441808288e-06,0
1644,0.0003060869058,9.441808288e-06,0
1645,0.03000588156,9.441808288e-06,0
1646,0.1128266752,9.441808288e-06,0
1647,0.07334563881,9.441808288e-06,0
1648,0.01319972239,9.441808288e-06,0
1649,0.03994776681,9.441808288e-06,0
1650,0.0002875210484,9.441808288e-06,0
1651,0.02403072268,9.441808288e-06,0
1652,0.004679215141,9.441808288e-06,0
1653,0.0006071872194,9.441808288e-06,0
1654,0.09229390323,9.441808288e-06,0
1655,0.01410246175,9.441808288e-06,0
1656,0.02267401107,9.441808288e-06,0
1657,0.0932366997,9.441808288e-06,0
1658,0.007845566608,9.441808288e-06,0
1659,0.1535198539,8.752422218e-06,0
1660,0.004716787487,8.752422218e-06,0
1661,0.01279579103,8.752422218e-06,0
1662,0.00319803576,8.752422218e-06,0
1663,0.07193294913,8.752422218e-06,0
1664,0.0009481909219,8.752422218e-06,0
1665,0.002198531292,8.752422218e-06,0
1666,0.04876247048,8.752422218e-06,0
1667,0.3696731627,8.752422218e-06,1
1668,0.01015050709,8.752422218e-06,0
1669,0.03973159939,8.752422218e-06,0
1670,0.004064288456,8.752422218e-06,0
1671,0.05120131001,8.752422218e-06,0
1672,0.1111767069,8.752422218e-06,0
1673,0.005859767087,8.752422218e-06,0
1674,0.02775501646,8.752422218e-06,0
1675,0.1180709749,8.752422218e-06,0
1676,0.0391372554,8.752422218e-06,0
1677,0.007723066024,8.752422218e-06,0
1678,0.004340892192,8.752422218e-06,0
1679,0.001218128018,8.427318789e-06,0
1680,0.08973544091,8.427318789e-06,0
1681,0.05644777417,8.427318789e-06,0
1682,0.05861654878,8.427318789e-06,0
1683,0.1777357757,8.427318789e-06,0
1684,0.03008860163,8.427318789e-06,0
1685,0.1596124023,8.427318789e-06,0
1686,0.02675863542,8.427318789e-06,0
1687,0.02362914383,8.427318789e-06,0
1688,0.0744080022,8.427318789e-06,0
1689,0.1103186607,8.427318789e-06,0
1690,0.002675181953,8.427318789e-06,0
1691,0.01976068318,8.427318789e-06,0
1692,0.0214149002,8.427318789e-06,0
1693,0.005955304485,8.427318789e-06,0
1694,0.02095625736,8.427318789e-06,0
1695,0.008543309756,8.427318789e-06,0
1696,0.142620936,8.427318789e-06,0
1697,0.0666743964,8.427318789e-06,0
1698,0.002856876003,8.427318789e-06,0
1699,0.1413531154,1.007555602e-05,0
1700,0.01940045319,1.007555602e-05,0
1701,0.1079909503,1.007555602e-05,0
1702,0.001572498702,1.007555602e-05,0
1703,0.003900208045,1.007555602e-05,0
1704,0.005664986093,1.007555602e-05,0
1705,0.00991939567,1.007555602e-05,0
1706,0.0005188702489,1.007555602e-05,0
1707,0.001666227006,1.007555602e-05,0
1708,0.00270177098,1.007555602e-05,0
1709,0.05122044683,1.007555602e-05,0
1710,0.06027735397,1.007555602e-05,0
1711,0.005814642645,1.007555602e-05,0
1712,0.06416638941,1.007555602e-05,0
1713,0.04343021289,1.007555602e-05,0
1714,0.004739328288,1.007555602e-05,0
1715,0.01998232119,1.007555602e-05,0
1716,0.05084450543,1.007555602e-05,0
1717,0.001446722425,1.007555602e-05,0
1718,0.005913317204,1.007555602e-05,0
1719,0.06373948604,1.257540953e-05,0
1720,0.009627185762,1.257540953e-05,0
1721,0.02367773466,1.257540953e-05,0
1722,0.1070489734,1.257540953e-05,0
1723,0.004176256247,1.257540953e-05,0
1724,0.01244407147,1.257540953e-05,0
1725,0.05830935016,1.257540953e-05,0
1726,0.04394627735,1.257540953e-05,0
1727,0.001624257304,1.257540953e-05,0
1728,0.002011087257,1.257540953e-05,0
1729,0.1472928822,1.257540953e-05,0
1730,0.05766135082,1.257540953e-05,0
1731,0.00690240413,1.257540953e-05,0
1732,0.003566333558,1.257540953e-05,0
1733,0.03077928908,1.257540953e-05,0
1734,0.04279559478,1.257540953e-05,0
1735,0.1278251559,1.257540953e-05,0
1736,0.01474844292,1.257540953e-05,0
1737,0.07612030953,1.257540953e-05,0
1738,0.05688070878,1.257540953e-05,0
1739,0.02779631317,4.436392373e-06,0
1740,0.002850450343,4.436392373e-06,0
1741,0.08976988494,4.436392373e-06,0
1742,0.06799834967,4.436392373e-06,0
1743,0.01841968298,4.436392373e-06,0
1744,0.01915339567,4.436392373e-06,0
1745,0.006517467555,4.436392373e-06,0
1746,0.04513623565,4.436392373e-06,0
1747,0.002834617393,4.436392373e-06,0
1748,0.008800301701,4.436392373e-06,0
1749,0.03946358338,4.436392373e-06,0
1750,0.0009017527336,4.436392373e-06,0
1751,0.001144999638,4.436392373e-06,0
1752,0.0003758847306,4.436392373e-06,0
1753,0.006606573705,4.436392373e-06,0
1754,0.005189568736,4.436392373e-06,0
1755,0.09325874597,4.436392373e-06,0
1756,0.008872947656,4.436392373e-06,0
1757,0.006718923803,4.436392373e-06,0
1758,0.01951744966,4.436392373e-06,0
1759,0.02121257223,7.811651813e-06,0
1760,0.001535603427,7.811651813e-06,0
1761,0.002611068077,7.811651813e-06,0
1762,0.01515466068,7.811651813e-06,0
1763,0.03239641711,7.811651813e-06,0
1764,0.001143875648,7.811651813e-06,0
1765,0.1212750822,7.811651813e-06,0
1766,0.001535226242,7.811651813e-06,0
1767,0.01614099927,7.811651813e-06,0
1768,0.01274184696,7.811651813e-06,0
1769,0.007092712447,7.811651813e-06,0
1770,0.06490135938,7.811651813e-06,0
1771,0.02639841847,7.811651813e-06,0
1772,0.02752672695,7.811651813e-06,0
1773,0.01110515371,7.811651813e-06,0
1774,0.01045646146,7.811651813e-06,0
1775,0.002902674023,7.811651813e-06,0
1776,0.05654240772,7.811651813e-06,0
1777,0.03488669544,7.811651813e-06,0
1778,0.009709538892,7.811651813e-06,0
1779,0.1312040687,1.028986844e-05,0
1780,0.01553813741,1.028986844e-05,0
1781,0.001274221228,1.028986844e-05,0
1782,0.004135032184,1.028986844e-05,0
1783,0.01394326892,1.028986844e-05,0
1784,0.04518582299,1.028986844e-05,0
1785,0.04138467833,1.028986844e-05,0
1786,0.001497545163,1.028986844e-05,0
1787,0.01045657881,1.028986844e-05,0
1788,0.03038804978,1.028986844e-05,0
1789,0.01218565833,1.028986844e-05,0
1790,0.002739294199,1.028986844e-05,0
1791,0.0125364624,1.028986844e-05,0
1792,0.002599786967,1.028986844e-05,0
1793,0.002913719742,1.028986844e-05,0
1794,0.0007607556181,1.028986844e-05,0
1795,0.03956113383,1.028986844e-05,0
1796,0.01546407957,1.028986844e-05,0
1797,0.009949653409,1.028986844e-05,0
1798,0.003738586558,1.028986844e-05,0
1799,0.05714876577,1.193331445e-05,0
1800,0.0405017361,1.193331445e-05,0
1801,0.066687271,1.193331445e-05,0
1802,0.007152810227,1.193331445e-05,0
1803,0.02361617424,1.193331445e-05,0
1804,0.01060129888,1.193331445e-05,0
1805,0.0009879984427,1.193331445e-05,0
1806,0.02412829548,1.193331445e-05,0
1807,0.0100065507,1.193331445e-05,0
1808,0.1244291142,1.193331445e-05,0
1809,0.0315637365,1.193331445e-05,0
1810,0.0162242651,1.193331445e-05,0
1811,0.01411468443,1.193331445e-05,0
1812,0.08989092708,1.193331445e-05,0
1813,0.1340530515,1.193331445e-05,0
1814,0.1471964121,1.193331445e-05,0
1815,0.00782044325,1.193331445e-05,0
1816,0.05438282713,1.193331445e-05,0
1817,0.1041259319,1.193331445e-05,0
1818,0.03395127505,1.193331445e-05,0
1819,0.2393361628,4.820901268e-06,0
1820,0.1477036923,4.820901268e-06,0
1821,0.00836094562,4.820901268e-06,0
1822,0.01096714381,4.820901268e-06,0
1823,0.217036128,4.820901268e-06,0
1824,0.0955529362,4.820901268e-06,0
1825,0.09402409941,4.820901268e-06,0
1826,0.008949574083,4.820901268e-06,0
1827,0.08504488319,4.820901268e-06,0
1828,0.01681981422,4.820901268e-06,0
1829,0.0651698038,4.820901268e-06,0
1830,0.03005646169,4.820901268e-06,0
1831,0.01669201627,4.820901268e-06,0
1832,0.01630674116,4.820901268e-06,0
1833,0.1036820188,4.820901268e-06,0
1834,0.3294552863,4.820901268e-06,1
1835,0.08550038934,4.820901268e-06,0
1836,0.06463613361,4.820901268e-06,0
1837,0.03205176815,4.820901268e-06,0
1838,0.0005070450134,4.820901268e-06,0
1839,0.03982198983,6.123828825e-06,0
1840,0.1197752878,6.123828825e-06,0
1841,0.01369877439,6.123828825e-06,0
1842,0.08099192381,6.123828825e-06,0
1843,0.006624313537,6.123828825e-06,0
1844,0.2092714459,6.123828825e-06,0
1845,0.007162435446,6.123828825e-06,0
1846,0.1336366981,6.123828825e-06,0
1847,0.02047506161,6.123828825e-06,0
1848,0.03696513176,6.123828825e-06,0
1849,0.003827259643,6.123828825e-06,0
1850,0.01687927917,6.123828825e-06,0
1851,0.005357222166,6.123828825e-06,0
1852,0.1096213236,6.123828825e-06,0
1853,0.04762974381,6.123828825e-06,0
1854,0.04424333945,6.123828825e-06,0
1855,0.03057610616,6.123828825e-06,0
1856,0.04985315725,6.123828825e-06,0
1857,0.01646654308,6.123828825e-06,0
1858,0.03648745269,6.123828825e-06,0
1859,0.02031461895,1.051387608e-05,0
1860,0.002894919598,1.051387608e-05,0
1861,0.1492437124,1.051387608e-05,0
1862,0.02004463039,1.051387608e-05,0
1863,0.013775561,1.051387608e-05,0
1864,0.02017422765,1.051387608e-05,0
1865,0.1389572024,1.051387608e-05,0
1866,0.008334305137,1.051387608e-05,0
1867,0.01606712304,1.051387608e-05,0
1868,0.07483451068,1.051387608e-05,0
1869,0.001584506128,1.051387608e-05,0
1870,0.02496566251,1.051387608e-05,0
1871,0.01518873405,1.051387608e-05,0
1872,0.01505813655,1.051387608e-05,0
1873,0.05200591683,1.051387608e-05,0
1874,0.03180443496,1.051387608e-05,0
1875,0.0648509562,1.051387608e-05,0
1876,0.05434701219,1.051387608e-05,0
1877,0.02158521116,1.051387608e-05,0
1878,0.04421294853,1.051387608e-05,0
1879,0.01080633979,1.043115935e-05,0
1880,0.04755302146,1.043115935e-05,0
1881,0.1348842829,1.043115935e-05,0
1882,0.04228902236,1.043115935e-05,0
1883,0.001852735062,1.043115935e-05,0
1884,0.01501242258,1.043115935e-05,0
1885,0.005407556426,1.043115935e-05,0
1886,0.01130446885,1.043115935e-05,0
1887,0.01550081465,1.043115935e-05,0
1888,0.003165772883,1.043115935e-05,0
1889,0.005261831917,1.043115935e-05,0
1890,0.01714623906,1.043115935e-05,0
1891,0.009146125056,1.043115935e-05,0
1892,0.03156978264,1.043115935e-05,0
1893,0.00268509821,1.043115935e-05,0
1894,0.04187762737,1.043115935e-05,0
1895,0.0004047288385,1.043115935e-05,0
1896,0.0163330175,1.043115935e-05,0
1897,0.04556393996,1.043115935e-05,0
1898,0.0769271329,1.043115935e-05,0
1899,0.01606066525,1.095309381e-05,0
1900,0.05363116041,1.095309381e-05,0
1901,0.0137680918,1.095309381e-05,0
1902,0.002737410599,1.095309381e-05,0
1903,0.09924055636,1.095309381e-05,0
1904,0.002977531636,1.095309381e-05,0
1905,0.0005150482757,1.095309381e-05,0
1906,0.125381723,1.095309381e-05,0
1907,0.02285418101,1.095309381e-05,0
1908,0.01246798784,1.095309381e-05,0
1909,0.01562875696,1.095309381e-05,0
1910,0.002425440354,1.095309381e-05,0
1911,0.0007616841467,1.095309381e-05,0
1912,0.1545998901,1.095309381e-05,0
1913,0.1093965471,1.095309381e-05,0
1914,0.008160158992,1.095309381e-05,0
1915,0.009171406738,1.095309381e-05,0
1916,0.08668508381,1.095309381e-05,0
1917,0.00451292051,1.095309381e-05,0
1918,0.002194183879,1.095309381e-05,0
1919,0.03726856783,1.279713069e-05,0
1920,0.01216928195,1.279713069e-05,0
1921,0.06442540884,1.279713069e-05,0
1922,0.02696177922,1.279713069e-05,0
1923,0.05856690183,1.279713069e-05,0
1924,0.03265207261,1.279713069e-05,0
1925,0.02524380386,1.279713069e-05,0
1926,0.0006813631626,1.279713069e-05,0
1927,0.005150913261,1.279713069e-05,0
1928,0.03426091745,1.279713069e-05,0
1929,0.01326363161,1.279713069e-05,0
1930,0.1080738679,1.279713069e-05,0
1931,0.00624884665,1.279713069e-05,0
1932,0.00117334025,1.279713069e-05,0
1933,0.01637964137,1.279713069e-05,0
1934,0.02751406282,1.279713069e-05,0
1935,0.01482826658,1.279713069e-05,0
1936,0.0004628709867,1.279713069e-05,0
1937,0.02231539972,1.279713069e-05,0
1938,0.02015597187,1.279713069e-05,0
1939,0.009700224735,4.385687134e-06,0
1940,0.01433134638,4.385687134e-06,0
1941,0.006785508711,4.385687134e-06,0
1942,0.003077005269,4.385687134e-06,0
1943,0.02096322738,4.385687134e-06,0
1944,0.06033020094,4.385687134e-06,0
1945,0.02851673216,4.385687134e-06,0
1946,0.03566688299,4.385687134e-06,0
1947,0.02753307298,4.385687134e-06,0
1948,0.004051585216,4.385687134e-06,0
1949,0.02273830026,4.385687134e-06,0
1950,0.05513893068,4.385687134e-06,0
1951,0.01604213379,4.385687134e-06,0
1952,0.383179307,4.385687134e-06,1
1953,0.001243798994,4.385687134e-06,0
1954,0.07415765524,4.385687134e-06,0
1955,0.002483235905,4.385687134e-06,0
1956,0.01263385452,4.385687134e-06,0
1957,0.02033953369,4.385687134e-06,0
1958,0.029969614,4.385687134e-06,0
1959,0.4390448928,5.137795142e-06,1
1960,0.0008187525091,5.137795142e-06,0
1961,0.005790549796,5.137795142e-06,0
1962,0.1471339911,5.137795142e-06,0
1963,0.006257831119,5.137795142e-06,0
1964,0.01402675454,5.137795142e-06,0
1965,0.003157780739,5.137795142e-06,0
1966,0.02863546461,5.137795142e-06,0
1967,0.08897647262,5.137795142e-06,0
1968,0.0107305292,5.137795142e-06,0
1969,0.01379607059,5.137795142e-06,0
1970,0.003443848807,5.137795142e-06,0
1971,0.006367953494,5.137795142e-06,0
1972,0.0779363215,5.137795142e-06,0
1973,0.06566476822,5.137795142e-06,0
1974,0.1588107795,5.137795142e-06,0
1975,0.01343158074,5.137795142e-06,0
1976,0.07998214662,5.137795142e-06,0
1977,0.0006611770368,5.137795142e-06,0
1978,0.0673385039,5.137795142e-06,0
1979,0.04107050598,6.250034858e-06,0
1980,0.002133182948,6.250034858e-06,0
1981,0.0442426689,6.250034858e-06,0
1982,0.150045231,6.250034858e-06,0
1983,0.06376221776,6.250034858e-06,0
1984,0.02588187903,6.250034858e-06,0
1985,0.005751477554,6.250034858e-06,0
1986,0.0004958531354,6.250034858e-06,0
1987,0.02362391911,6.250034858e-06,0
1988,0.05291461945,6.250034858e-06,0
1989,0.2173874527,6.250034858e-06,0
1990,0.04549649358,6.250034858e-06,0
1991,0.02511106245,6.250034858e-06,0
1992,0.001691646408,6.250034858e-06,0
1993,0.3575159609,6.250034858e-06,1
1994,0.08503457159,6.250034858e-06,0
1995,0.1189908683,6.250034858e-06,0
1996,0.0135180233,6.250034858e-06,0
1997,0.02406524494,6.250034858e-06,0
1998,0.006339970045,6.250034858e-06,0
1999,0.04132149369,6.439101526e-06,0
