regime,cond_target,method,ridge_ratio,rank,params_dense,params_factored,compression_ratio,rel_error_calib_mean,rel_error_calib_std,rel_error_holdout_mean,rel_error_shift50_mean,rel_error_shift100_mean,rel_weight_error_mean,cond_m_mean,n_seeds
anisotropic,100000.0,plain SVD,,8,65536,4096,16.0,0.931067,0.001194,0.930437,0.932247,0.931087,0.929592,,5
anisotropic,100000.0,plain SVD,,16,65536,8192,8.0,0.863802,0.004454,0.863914,0.8646,0.864988,0.864037,,5
anisotropic,100000.0,plain SVD,,32,65536,16384,4.0,0.747746,0.004596,0.748915,0.746397,0.748138,0.746137,,5
anisotropic,100000.0,plain SVD,,48,65536,24576,2.6667,0.644079,0.004193,0.645355,0.642806,0.647618,0.643833,,5
anisotropic,100000.0,plain SVD,,64,65536,32768,2.0,0.553438,0.003299,0.554039,0.55252,0.555273,0.554984,,5
anisotropic,100000.0,plain SVD,,96,65536,49152,1.3333,0.411621,0.005751,0.41069,0.411101,0.409016,0.41044,,5
anisotropic,100000.0,plain SVD,,112,65536,57344,1.1429,0.351763,0.003756,0.351463,0.351746,0.352278,0.351705,,5
anisotropic,100000.0,whitened SVD,1e-06,8,65536,4096,16.0,0.78071,0.003591,0.805842,0.881539,0.957681,0.956815,2.8486e+05,5
anisotropic,100000.0,whitened SVD,1e-06,16,65536,8192,8.0,0.62376,0.003192,0.65849,0.793409,0.917511,0.916881,2.8486e+05,5
anisotropic,100000.0,whitened SVD,1e-06,32,65536,16384,4.0,0.401274,0.003696,0.441757,0.657645,0.841764,0.840608,2.8486e+05,5
anisotropic,100000.0,whitened SVD,1e-06,48,65536,24576,2.6667,0.260316,0.002842,0.299149,0.560704,0.770017,0.769678,2.8486e+05,5
anisotropic,100000.0,whitened SVD,1e-06,64,65536,32768,2.0,0.168886,0.001364,0.202467,0.48538,0.704613,0.702144,2.8486e+05,5
anisotropic,100000.0,whitened SVD,1e-06,96,65536,49152,1.3333,0.071574,0.000399,0.091867,0.373191,0.577281,0.575915,2.8486e+05,5
anisotropic,100000.0,whitened SVD,1e-06,112,65536,57344,1.1429,0.04632,0.000543,0.061851,0.329951,0.516341,0.51604,2.8486e+05,5
anisotropic,100000.0,whitened SVD,0.0001,8,65536,4096,16.0,0.78071,0.003591,0.805842,0.881538,0.95768,0.956814,2.8486e+05,5
anisotropic,100000.0,whitened SVD,0.0001,16,65536,8192,8.0,0.62376,0.003192,0.65849,0.793408,0.91751,0.91688,2.8486e+05,5
anisotropic,100000.0,whitened SVD,0.0001,32,65536,16384,4.0,0.401274,0.003696,0.441756,0.657642,0.84176,0.840604,2.8486e+05,5
anisotropic,100000.0,whitened SVD,0.0001,48,65536,24576,2.6667,0.260316,0.002842,0.299149,0.560697,0.770007,0.769668,2.8486e+05,5
anisotropic,100000.0,whitened SVD,0.0001,64,65536,32768,2.0,0.168886,0.001364,0.202466,0.485365,0.704592,0.702122,2.8486e+05,5
anisotropic,100000.0,whitened SVD,0.0001,96,65536,49152,1.3333,0.071574,0.000399,0.091864,0.373134,0.577187,0.575822,2.8486e+05,5
anisotropic,100000.0,whitened SVD,0.0001,112,65536,57344,1.1429,0.04632,0.000543,0.061846,0.329841,0.516156,0.515858,2.8486e+05,5
anisotropic,100000.0,whitened SVD,0.01,8,65536,4096,16.0,0.780711,0.003591,0.805826,0.881504,0.957626,0.956764,2.8486e+05,5
anisotropic,100000.0,whitened SVD,0.01,16,65536,8192,8.0,0.623761,0.003192,0.658459,0.793322,0.917373,0.916745,2.8486e+05,5
anisotropic,100000.0,whitened SVD,0.01,32,65536,16384,4.0,0.401278,0.003696,0.44171,0.657349,0.841331,0.840157,2.8486e+05,5
anisotropic,100000.0,whitened SVD,0.01,48,65536,24576,2.6667,0.260332,0.002842,0.299114,0.560032,0.768972,0.768622,2.8486e+05,5
anisotropic,100000.0,whitened SVD,0.01,64,65536,32768,2.0,0.168933,0.001365,0.202384,0.48383,0.702464,0.699859,2.8486e+05,5
anisotropic,100000.0,whitened SVD,0.01,96,65536,49152,1.3333,0.071945,0.000397,0.091956,0.367475,0.56784,0.566509,2.8486e+05,5
anisotropic,100000.0,whitened SVD,0.01,112,65536,57344,1.1429,0.047269,0.000566,0.062428,0.319479,0.498002,0.498177,2.8486e+05,5
anisotropic,100000.0,whitened SVD,1.0,8,65536,4096,16.0,0.783563,0.003684,0.806839,0.879419,0.952466,0.952026,2.8486e+05,5
anisotropic,100000.0,whitened SVD,1.0,16,65536,8192,8.0,0.633096,0.003394,0.664502,0.788419,0.904499,0.903699,2.8486e+05,5
anisotropic,100000.0,whitened SVD,1.0,32,65536,16384,4.0,0.436676,0.003947,0.470345,0.645407,0.803252,0.801888,2.8486e+05,5
anisotropic,100000.0,whitened SVD,1.0,48,65536,24576,2.6667,0.331539,0.004269,0.362956,0.541596,0.697772,0.696638,2.8486e+05,5
anisotropic,100000.0,whitened SVD,1.0,64,65536,32768,2.0,0.264387,0.003093,0.291339,0.454118,0.604361,0.600755,2.8486e+05,5
anisotropic,100000.0,whitened SVD,1.0,96,65536,49152,1.3333,0.173051,0.002056,0.191699,0.327602,0.444017,0.443408,2.8486e+05,5
anisotropic,100000.0,whitened SVD,1.0,112,65536,57344,1.1429,0.141473,0.001695,0.156994,0.277332,0.37873,0.379004,2.8486e+05,5
isotropic,1.0,plain SVD,,8,65536,4096,16.0,0.929328,0.001428,0.92906,0.929793,0.92976,0.929592,,5
isotropic,1.0,plain SVD,,16,65536,8192,8.0,0.863667,0.001696,0.86297,0.864871,0.864806,0.864037,,5
isotropic,1.0,plain SVD,,32,65536,16384,4.0,0.744682,0.001754,0.74618,0.746421,0.746782,0.746137,,5
isotropic,1.0,plain SVD,,48,65536,24576,2.6667,0.642404,0.001494,0.643266,0.644112,0.645348,0.643833,,5
isotropic,1.0,plain SVD,,64,65536,32768,2.0,0.554353,0.001198,0.554749,0.553239,0.555619,0.554984,,5
isotropic,1.0,plain SVD,,96,65536,49152,1.3333,0.409691,0.001195,0.409832,0.40948,0.411005,0.41044,,5
isotropic,1.0,plain SVD,,112,65536,57344,1.1429,0.351469,0.00187,0.351225,0.350981,0.352222,0.351705,,5
isotropic,1.0,whitened SVD,1e-06,8,65536,4096,16.0,0.910537,0.000691,0.940257,0.940639,0.940397,0.940339,3.0903e+01,5
isotropic,1.0,whitened SVD,1e-06,16,65536,8192,8.0,0.832941,0.000771,0.883669,0.883652,0.884247,0.883732,3.0903e+01,5
isotropic,1.0,whitened SVD,1e-06,32,65536,16384,4.0,0.699612,0.000798,0.779164,0.778555,0.780642,0.779252,3.0903e+01,5
isotropic,1.0,whitened SVD,1e-06,48,65536,24576,2.6667,0.58895,0.001072,0.684702,0.685694,0.686806,0.685431,3.0903e+01,5
isotropic,1.0,whitened SVD,1e-06,64,65536,32768,2.0,0.495819,0.001271,0.602719,0.602764,0.60429,0.603284,3.0903e+01,5
isotropic,1.0,whitened SVD,1e-06,96,65536,49152,1.3333,0.349593,0.000898,0.463011,0.464305,0.464794,0.464305,3.0903e+01,5
isotropic,1.0,whitened SVD,1e-06,112,65536,57344,1.1429,0.292312,0.000942,0.405796,0.406779,0.407603,0.406923,3.0903e+01,5
isotropic,1.0,whitened SVD,0.0001,8,65536,4096,16.0,0.910537,0.000691,0.940256,0.940638,0.940396,0.940338,3.0903e+01,5
isotropic,1.0,whitened SVD,0.0001,16,65536,8192,8.0,0.832941,0.000771,0.883666,0.88365,0.884245,0.88373,3.0903e+01,5
isotropic,1.0,whitened SVD,0.0001,32,65536,16384,4.0,0.699612,0.000798,0.77916,0.778551,0.780638,0.779248,3.0903e+01,5
isotropic,1.0,whitened SVD,0.0001,48,65536,24576,2.6667,0.58895,0.001072,0.684696,0.685688,0.686801,0.685425,3.0903e+01,5
isotropic,1.0,whitened SVD,0.0001,64,65536,32768,2.0,0.495819,0.001271,0.602711,0.602756,0.604281,0.603276,3.0903e+01,5
isotropic,1.0,whitened SVD,0.0001,96,65536,49152,1.3333,0.349593,0.000898,0.463,0.464294,0.464783,0.464294,3.0903e+01,5
isotropic,1.0,whitened SVD,0.0001,112,65536,57344,1.1429,0.292312,0.000942,0.405784,0.406766,0.407591,0.406911,3.0903e+01,5
isotropic,1.0,whitened SVD,0.01,8,65536,4096,16.0,0.910537,0.000691,0.94016,0.940544,0.940308,0.940245,3.0903e+01,5
isotropic,1.0,whitened SVD,0.01,16,65536,8192,8.0,0.832943,0.000771,0.883449,0.883443,0.884032,0.883521,3.0903e+01,5
isotropic,1.0,whitened SVD,0.01,32,65536,16384,4.0,0.699615,0.000799,0.778761,0.778139,0.780238,0.77883,3.0903e+01,5
isotropic,1.0,whitened SVD,0.01,48,65536,24576,2.6667,0.588953,0.001072,0.684097,0.685099,0.686215,0.684823,3.0903e+01,5
isotropic,1.0,whitened SVD,0.01,64,65536,32768,2.0,0.495824,0.001271,0.601917,0.601947,0.603475,0.602481,3.0903e+01,5
isotropic,1.0,whitened SVD,0.01,96,65536,49152,1.3333,0.3496,0.000898,0.461931,0.463218,0.46371,0.463223,3.0903e+01,5
isotropic,1.0,whitened SVD,0.01,112,65536,57344,1.1429,0.292321,0.000943,0.404586,0.405562,0.40637,0.405704,3.0903e+01,5
isotropic,1.0,whitened SVD,1.0,8,65536,4096,16.0,0.913047,0.000752,0.933953,0.934649,0.934726,0.934438,3.0903e+01,5
isotropic,1.0,whitened SVD,1.0,16,65536,8192,8.0,0.837969,0.001159,0.87124,0.871843,0.872143,0.871719,3.0903e+01,5
isotropic,1.0,whitened SVD,1.0,32,65536,16384,4.0,0.708709,0.000813,0.757205,0.75727,0.758454,0.757172,3.0903e+01,5
isotropic,1.0,whitened SVD,1.0,48,65536,24576,2.6667,0.600702,0.00114,0.656077,0.657093,0.658553,0.656741,3.0903e+01,5
isotropic,1.0,whitened SVD,1.0,64,65536,32768,2.0,0.509819,0.001643,0.567946,0.56758,0.569516,0.568565,3.0903e+01,5
isotropic,1.0,whitened SVD,1.0,96,65536,49152,1.3333,0.365821,0.00106,0.422686,0.423094,0.424145,0.423624,3.0903e+01,5
isotropic,1.0,whitened SVD,1.0,112,65536,57344,1.1429,0.309255,0.001407,0.363486,0.363569,0.36489,0.364423,3.0903e+01,5
