k,t,angle,bias,p00,p01,p10,p11,sym_resid,det,lambda_min,k0,k1,true_angle,true_bias
0,0.000000,0.3422500603,-0.003006651998,9.998958558e-05,-9.993091226e-07,-9.993091226e-07,0.24990041,0,2.49874e-05,9.99896e-05,0.9999000505,-0.009995013475,0.3321631364,0.0293341313
1,0.040000,0.3739550188,-0.07874340657,8.334033191e-05,-0.001665415242,-0.001665415242,0.08340849075,0,4.17768e-06,5.00671e-05,0.83340884,-16.65418534,0.3658309542,0.02866501781
2,0.080000,0.3714582659,0.1590234358,7.779709995e-05,-0.001110544428,-0.001110544428,0.02786197793,0,9.34272e-07,3.34789e-05,0.7779693957,-11.10546112,0.3833473249,0.02831023456
3,0.120000,0.3779201843,-0.06162525713,6.790552288e-05,-0.0007141102105,-0.0007141102105,0.01197314076,0,3.03089e-07,2.52242e-05,0.6790561844,-7.141111985,0.3831890168,0.02850561566
4,0.160000,0.3685156405,-0.1519898297,5.910918117e-05,-0.0004878491163,-0.0004878491163,0.006153245457,0,1.25717e-07,2.03029e-05,0.5910885995,-4.878496483,0.3664608987,0.02748870657
5,0.200000,0.3303505294,-0.07818370219,5.20022586e-05,-0.0003522979096,-0.0003522979096,0.003567785025,0,6.14191e-08,1.70479e-05,0.5200218139,-3.522981063,0.3368062767,0.02737633073
6,0.240000,0.3075942919,-0.1408903459,4.631001502e-05,-0.0002657743171,-0.0002657743171,0.002252517268,0,3.36781e-08,1.47447e-05,0.4631004706,-2.657746181,0.2998669599,0.027943753
7,0.280000,0.2709953524,-0.09463198762,4.170369357e-05,-0.0002074670047,-0.0002074670047,0.00151453726,0,2.01192e-08,1.30373e-05,0.4170349538,-2.074674517,0.2623848341,0.02838778395
8,0.320000,0.2401679568,-0.049923026,3.792066127e-05,-0.0001664059237,-0.0001664059237,0.001068835147,0,1.284e-08,1.17257e-05,0.3792118588,-1.664063036,0.231101253,0.02757096659
9,0.360000,0.2205089815,-0.007890949957,3.4769997e-05,-0.0001364396885,-0.0001364396885,0.0007838085294,0,8.63723e-09,1.06911e-05,0.3476987751,-1.364399061,0.2116472066,0.02801721334
10,0.400000,0.2249884233,-0.003799192607,3.211107105e-05,-0.0001139165834,-0.0001139165834,0.0005930187181,0,6.06548e-09,9.85821e-06,0.321113795,-1.139167443,0.2076194013,0.02804911661
11,0.440000,0.2374625728,0.0262357872,2.984143794e-05,-9.656976908e-05,-9.656976908e-05,0.0004604551941,0,4.41492e-09,9.17634e-06,0.2984109148,-0.9657026678,0.220004667,0.02867555175
12,0.480000,0.2667870335,0.03654906992,2.788379788e-05,-8.293054998e-05,-8.293054998e-05,0.000365450047,0,3.31266e-09,8.6105e-06,0.2788367253,-0.8293035179,0.247053342,0.0285884539
13,0.520000,0.3022326119,0.05279705673,2.617947757e-05,-7.201638073e-05,-7.201638073e-05,0.0002955542877,0,2.5511e-09,8.13491e-06,0.2617959064,-0.7201638967,0.2846225509,0.02901421962
14,0.560000,0.3405928761,0.05946585536,2.468377352e-05,-6.314925849e-05,-6.314925849e-05,0.0002429662272,0,2.00949e-09,7.73124e-06,0.2468417911,-0.6314944029,0.3269268672,0.02870000534
15,0.600000,0.369093854,0.07652864698,2.336315811e-05,-5.584955215e-05,-5.584955215e-05,0.0002026259899,0,1.61481e-09,7.38698e-06,0.2336285841,-0.5584945828,0.3675616969,0.02884627098
16,0.640000,0.3987985216,0.06961004063,2.218876034e-05,-4.976987839e-05,-4.976987839e-05,0.0001711528748,0,1.32063e-09,7.09059e-06,0.2218880672,-0.4976991564,0.4006167588,0.02949013406
17,0.680000,0.4179764651,0.05742312036,2.11391598e-05,-4.465412349e-05,-4.465412349e-05,0.0001462288201,0,1.09716e-09,6.83448e-06,0.211389876,-0.4465392679,0.4216818414,0.02961868696
18,0.720000,0.4192359783,0.05203863885,2.019573003e-05,-4.030950367e-05,-4.030950367e-05,0.0001262286678,0,9.24424e-10,6.61188e-06,0.2019532351,-0.4030963331,0.4285672788,0.03005480026
19,0.760000,0.4113068022,0.04122331738,1.934356987e-05,-3.659073263e-05,-3.659073263e-05,0.0001099891961,0,7.88702e-10,6.41658e-06,0.1934347413,-0.3659042269,0.4216136213,0.03009826961
20,0.800000,0.390950352,0.03720911033,1.857243478e-05,-3.338325769e-05,-3.338325769e-05,9.666197002e-05,0,6.80806e-10,6.24663e-06,0.1857216526,-0.3338363767,0.4035393989,0.03010837344
21,0.840000,0.363296397,0.03878283594,1.787021756e-05,-3.059953451e-05,-3.059953451e-05,8.562300354e-05,0,5.9377e-10,6.0964e-06,0.1787022799,-0.3059960008,0.3788592744,0.03116901201
22,0.880000,0.3428645618,0.03460611962,1.722853631e-05,-2.816785127e-05,-2.816785127e-05,7.63963908e-05,0,5.2277e-10,5.96352e-06,0.1722888593,-0.2816826552,0.352982255,0.03156361491
23,0.920000,0.3243409358,0.03461683262,1.664180309e-05,-2.603325993e-05,-2.603325993e-05,6.862636656e-05,0,4.64336e-10,5.84646e-06,0.1664221222,-0.260334909,0.3311570568,0.03200387479
24,0.960000,0.3162518516,0.03504701331,1.610349864e-05,-2.415012568e-05,-2.415012568e-05,6.20353967e-05,0,4.15758e-10,5.74283e-06,0.1610357547,-0.2414989322,0.3174588739,0.03273708294
25,1.000000,0.3182786591,0.03415998351,1.560803503e-05,-2.248119563e-05,-2.248119563e-05,5.64083457e-05,0,3.75019e-10,5.65081e-06,0.1560837207,-0.2248080224,0.3140038261,0.03183692079
26,1.040000,0.3286807425,0.0355909206,1.515168697e-05,-2.099573612e-05,-2.099573612e-05,5.157198757e-05,0,3.40582e-10,5.5692e-06,0.1515156301,-0.2099598497,0.3205357065,0.03222034203
27,1.080000,0.3433258533,0.03718964383,1.472979784e-05,-1.966860145e-05,-1.966860145e-05,4.739686847e-05,0,3.11292e-10,5.49698e-06,0.1472975332,-0.1966852546,0.3344618335,0.0331701233
28,1.120000,0.3613909781,0.03564557247,1.433957368e-05,-1.847930253e-05,-1.847930253e-05,4.377216101e-05,0,2.8619e-10,5.4327e-06,0.1433927948,-0.1847895533,0.3513330729,0.03322916348
29,1.160000,0.3707127161,0.03749896772,1.39772892e-05,-1.740921289e-05,-1.740921289e-05,4.060938954e-05,0,2.64528e-10,5.37536e-06,0.1397761591,-0.1740892977,0.3656821658,0.03252764352
30,1.200000,0.3714891784,0.03893976007,1.364108175e-05,-1.644343138e-05,-1.644343138e-05,3.783870488e-05,0,2.45774e-10,5.325e-06,0.1364067756,-0.1644361168,0.3720689778,0.03240663112
31,1.240000,0.3569238521,0.03933785949,1.332722604e-05,-1.55698508e-05,-1.55698508e-05,3.540236503e-05,0,2.29395e-10,5.27951e-06,0.1332768295,-0.1557008475,0.3661430006,0.03282053913
32,1.280000,0.3327137716,0.03506928496,1.30366534e-05,-1.477822661e-05,-1.477822661e-05,3.325100988e-05,0,2.15086e-10,5.23989e-06,0.1303636516,-0.1477848887,0.3455293204,0.03223635584
33,1.320000,0.2909338698,0.03401156515,1.276470721e-05,-1.405831426e-05,-1.405831426e-05,3.134552389e-05,0,2.0248e-10,5.20436e-06,0.127650586,-0.1405846328,0.3103751029,0.03329909639
34,1.360000,0.2410615161,0.03246909846,1.251138747e-05,-1.340266317e-05,-1.340266317e-05,2.965237945e-05,0,1.91361e-10,5.17324e-06,0.1251130542,-0.1340270042,0.2634539257,0.03309331976
35,1.400000,0.1903505884,0.02754072379,1.227483153e-05,-1.280475408e-05,-1.280475408e-05,2.814363688e-05,0,1.81497e-10,5.14549e-06,0.1227471037,-0.1280494779,0.209804215,0.03207698433
36,1.440000,0.1395943239,0.02618329134,1.205224544e-05,-1.225806773e-05,-1.225806773e-05,2.679415047e-05,0,1.72669e-10,5.11966e-06,0.1205268288,-0.1225827038,0.1559614473,0.03146465268
37,1.480000,0.09685814381,0.02713411115,1.18445605e-05,-1.17579475e-05,-1.17579475e-05,2.558529377e-05,0,1.64797e-10,5.09688e-06,0.1184473038,-0.1175770313,0.1089166808,0.03112835309
38,1.520000,0.07264875993,0.02614454553,1.164991409e-05,-1.129880548e-05,-1.129880548e-05,2.450030297e-05,0,1.57763e-10,5.07718e-06,0.1165033365,-0.1129898876,0.07498328177,0.03099913987
39,1.560000,0.06593659893,0.02750273515,1.146737486e-05,-1.087691635e-05,-1.087691635e-05,2.352427691e-05,0,1.51454e-10,5.06001e-06,0.1146748895,-0.1087712944,0.05877054866,0.03060301958
40,1.600000,0.07813130319,0.02877915837,1.129694283e-05,-1.048948616e-05,-1.048948616e-05,2.264324576e-05,0,1.4577e-10,5.04474e-06,0.1129707806,-0.1048914045,0.06244426072,0.03030560853
41,1.640000,0.1078030393,0.03036120441,1.113675535e-05,-1.013278961e-05,-1.013278961e-05,2.184696496e-05,0,1.40631e-10,5.03103e-06,0.1113704266,-0.1013316065,0.08540333006,0.03075513
42,1.680000,0.1494126841,0.03361022007,1.098681241e-05,-9.804032743e-06,-9.804032743e-06,2.112798393e-05,0,1.3601e-10,5.01974e-06,0.1098676082,-0.09803774953,0.1244278268,0.02980026353
43,1.720000,0.1997498795,0.03607184999,1.084525138e-05,-9.500421584e-06,-9.500421584e-06,2.047605813e-05,0,1.3181e-10,5.00955e-06,0.1084559429,-0.09500481188,0.1742699223,0.0293704601
44,1.760000,0.2505885363,0.03888431285,1.071300358e-05,-9.220093489e-06,-9.220093489e-06,1.988559961e-05,0,1.28024e-10,5.00152e-06,0.1071288986,-0.09220252931,0.2285807698,0.02991283106
45,1.800000,0.2991494015,0.03973847721,1.058913767e-05,-8.961185813e-06,-8.961185813e-06,1.934822649e-05,0,1.24578e-10,4.99455e-06,0.105887251,-0.08961611986,0.28100708,0.0308410996
46,1.840000,0.3379620425,0.04165860638,1.047272235e-05,-8.721835911e-06,-8.721835911e-06,1.886021346e-05,0,1.21447e-10,4.98877e-06,0.1047242647,-0.08722297847,0.3262617657,0.03122059598
47,1.880000,0.365319144,0.04256931879,1.036282629e-05,-8.501112461e-06,-8.501112461e-06,1.841410995e-05,0,1.18553e-10,4.98237e-06,0.1036330853,-0.08500851691,0.3609787502,0.03152281583
48,1.920000,0.3798788078,0.04474254418,1.025944948e-05,-8.296221495e-06,-8.296221495e-06,1.800712198e-05,0,1.15916e-10,4.9772e-06,0.1025992474,-0.08296698332,0.3842017919,0.0313925203
49,1.960000,0.3892279416,0.04387986101,1.016259193e-05,-8.106231689e-06,-8.106231689e-06,1.763738692e-05,0,1.13531e-10,4.97367e-06,0.1016231589,-0.08106592298,0.397423783,0.03093038025
50,2.000000,0.3931618482,0.04356746934,1.007132232e-05,-7.931143045e-06,-7.931143045e-06,1.72983855e-05,0,1.11315e-10,4.96931e-06,0.1007127361,-0.07931390405,0.4041744204,0.03052567624
51,2.040000,0.3980335891,0.04435076006,9.985640645e-06,-7.769092917e-06,-7.769092917e-06,1.698825508e-05,0,1.0928e-10,4.96533e-06,0.09986083861,-0.07768723369,0.409235758,0.03034695021
52,2.080000,0.4111285023,0.0429135086,9.905546904e-06,-7.619149983e-06,-7.619149983e-06,1.670327038e-05,0,1.07404e-10,4.96152e-06,0.09906024486,-0.0761872828,0.4176322419,0.03040145952
53,2.120000,0.4314402118,0.04317727219,9.830109775e-06,-7.479451597e-06,-7.479451597e-06,1.644343138e-05,0,1.05699e-10,4.95898e-06,0.09830366168,-0.07479006052,0.4335823278,0.03032584618
54,2.160000,0.4629322961,0.04366500769,9.759329259e-06,-7.349997759e-06,-7.349997759e-06,1.62050128e-05,0,1.04128e-10,4.95664e-06,0.09759131353,-0.07349604368,0.4596054131,0.02963704532
55,2.200000,0.5028987825,0.04423817806,9.694136679e-06,-7.229857147e-06,-7.229857147e-06,1.598708332e-05,0,1.0271e-10,4.95574e-06,0.09693860356,-0.07229605317,0.4959493963,0.0298873685
56,2.240000,0.5483628847,0.04553264845,9.632669389e-06,-7.118098438e-06,-7.118098438e-06,1.578684896e-05,0,1.01402e-10,4.95503e-06,0.09632297885,-0.07118390501,0.5404458427,0.03059080179
57,2.280000,0.5955925994,0.045699846,9.573996067e-06,-7.014721632e-06,-7.014721632e-06,1.560337842e-05,0,1.0018e-10,4.95359e-06,0.09574459121,-0.0701430887,0.588821998,0.03240584106
58,2.320000,0.6381934918,0.04572675191,9.519048035e-06,-6.918795407e-06,-6.918795407e-06,1.543480903e-05,0,9.9055e-11,4.95238e-06,0.09518833738,-0.06918345392,0.6354157714,0.03140374687
59,2.360000,0.6701186821,0.04604533035,9.467825294e-06,-6.82938844e-06,-6.82938844e-06,1.528020948e-05,0,9.80298e-11,4.95199e-06,0.09467720054,-0.06829506159,0.6741662884,0.03100312819
60,2.400000,0.6899581403,0.04447164666,9.41939652e-06,-6.746500731e-06,-6.746500731e-06,1.513957977e-05,0,9.70904e-11,4.95177e-06,0.09419605229,-0.06746245921,0.6997019582,0.0312756003
61,2.440000,0.6925989352,0.04203766957,9.374693036e-06,-6.669200957e-06,-6.669200957e-06,1.500919461e-05,0,9.62284e-11,4.95211e-06,0.09374498855,-0.06669424474,0.7083293667,0.0314861173
62,2.480000,0.6760594212,0.04045898933,9.331852198e-06,-6.598420441e-06,-6.598420441e-06,1.488812268e-05,0,9.53946e-11,4.95057e-06,0.09331644513,-0.06598268449,0.6987430902,0.03108663598
63,2.520000,0.6448102333,0.03882052936,9.291805327e-06,-6.532296538e-06,-6.532296538e-06,1.477822661e-05,0,9.46455e-11,4.9501e-06,0.09291814826,-0.06531894207,0.6723257565,0.0299895125
64,2.560000,0.6019358486,0.03767225798,9.254552424e-06,-6.470829248e-06,-6.470829248e-06,1.46785751e-05,0,9.3972e-11,4.95039e-06,0.09255017992,-0.06471160054,0.6329805453,0.0296910481
65,2.600000,0.5567924567,0.03528715484,9.220093489e-06,-6.414018571e-06,-6.414018571e-06,1.458544284e-05,0,9.33395e-11,4.95033e-06,0.09219726268,-0.06413649023,0.5865217577,0.0296049178
66,2.640000,0.5156491958,0.03319447208,9.187497199e-06,-6.360933185e-06,-6.360933185e-06,1.450069249e-05,0,9.27636e-11,4.95069e-06,0.0918747941,-0.06360952556,0.5397281149,0.02879057489
67,2.680000,0.4838857874,0.03053012863,9.156763554e-06,-6.312504411e-06,-6.312504411e-06,1.442246139e-05,0,9.22154e-11,4.95005e-06,0.0915674679,-0.06312343478,0.499223883,0.0292764487
68,2.720000,0.4616825283,0.03062986117,9.127892554e-06,-6.266869605e-06,-6.266869605e-06,1.435074955e-05,0,9.17184e-11,4.95012e-06,0.09128300566,-0.06266926229,0.4703839041,0.02897326969
69,2.760000,0.4570382796,0.03010713868,9.101815522e-06,-6.224960089e-06,-6.224960089e-06,1.428462565e-05,0,9.12659e-11,4.95041e-06,0.09101375658,-0.06224761903,0.4564545697,0.02912280882
70,2.800000,0.464697659,0.03136126418,9.076669812e-06,-6.186775863e-06,-6.186775863e-06,1.422408968e-05,0,9.08312e-11,4.94962e-06,0.09076744597,-0.06186649203,0.4580444208,0.02855751929
71,2.840000,0.4828840196,0.03228306398,9.053386748e-06,-6.151385605e-06,-6.151385605e-06,1.416727901e-05,0,9.04223e-11,4.94869e-06,0.09053640813,-0.06150953472,0.4730722697,0.02864146672
72,2.880000,0.5098890848,0.03291492816,9.031966329e-06,-6.117857993e-06,-6.117857993e-06,1.411605626e-05,0,9.00676e-11,4.94904e-06,0.09032066725,-0.06117677689,0.4971793087,0.02898923734
73,2.920000,0.5360361338,0.03426723927,9.012408555e-06,-6.087124348e-06,-6.087124348e-06,1.406949013e-05,0,8.97469e-11,4.94955e-06,0.09012024477,-0.06086823344,0.5245292143,0.02904623343
74,2.960000,0.55757761,0.03376955725,8.993782103e-06,-6.058253348e-06,-6.058253348e-06,1.40266493e-05,0,8.94502e-11,4.95012e-06,0.08993516117,-0.06058397889,0.5488515346,0.02957437116
75,3.000000,0.5659375601,0.0341816349,8.976086974e-06,-6.031244993e-06,-6.031244993e-06,1.398846507e-05,0,8.91858e-11,4.95105e-06,0.08975771815,-0.06031604111,0.5645409966,0.0295270087
76,3.040000,0.5628078543,0.03367935773,8.959323168e-06,-6.007030606e-06,-6.007030606e-06,1.395121217e-05,0,8.8909e-11,4.95033e-06,0.08959564567,-0.06007240713,0.5676163858,0.0297271765
77,3.080000,0.5451572463,0.03340096492,8.944422007e-06,-5.984678864e-06,-5.984678864e-06,1.39195472e-05,0,8.86859e-11,4.95091e-06,0.08944123611,-0.05984514952,0.5563689157,0.03029468619
78,3.120000,0.5144392885,0.03304257803,8.930452168e-06,-5.964189768e-06,-5.964189768e-06,1.388974488e-05,0,8.84701e-11,4.95098e-06,0.08930222318,-0.05964225531,0.5315867478,0.02954944798
79,3.160000,0.4782756492,0.03153543919,8.917413652e-06,-5.945563316e-06,-5.945563316e-06,1.38618052e-05,0,8.82617e-11,4.95055e-06,0.08917089365,-0.05945575237,0.4963192992,0.02997901096
80,3.200000,0.4366855286,0.03112266771,8.904375136e-06,-5.927868187e-06,-5.927868187e-06,1.383665949e-05,0,8.80672e-11,4.95012e-06,0.08904725499,-0.05927717686,0.4552283128,0.03043956598
81,3.240000,0.398925133,0.03025250603,8.893199265e-06,-5.911104381e-06,-5.911104381e-06,1.381337643e-05,0,8.7904e-11,4.9507e-06,0.08893131372,-0.05911500752,0.4136473555,0.02970095114
82,3.280000,0.3654213399,0.0301251784,8.882954717e-06,-5.89620322e-06,-5.89620322e-06,1.379102468e-05,0,8.77398e-11,4.95048e-06,0.08883080725,-0.05896030366,0.3765240045,0.02961530067
83,3.320000,0.3413083553,0.03011285421,8.872710168e-06,-5.882233381e-06,-5.882233381e-06,1.377146691e-05,0,8.75896e-11,4.95027e-06,0.08873027842,-0.05882252753,0.3474400155,0.0295816346
84,3.360000,0.3274311088,0.02985345758,8.863396943e-06,-5.869194865e-06,-5.869194865e-06,1.375377178e-05,0,8.74577e-11,4.95041e-06,0.08863746282,-0.05869272351,0.3278904628,0.02982093812
85,3.400000,0.319318112,0.03025127482,8.855015039e-06,-5.858018994e-06,-5.858018994e-06,1.37379393e-05,0,8.73333e-11,4.95005e-06,0.08855236601,-0.05857935548,0.316955782,0.02957083364
86,3.440000,0.3147916384,0.03053062782,8.847564459e-06,-5.847774446e-06,-5.847774446e-06,1.372303814e-05,0,8.7219e-11,4.94976e-06,0.0884749908,-0.05847397447,0.3114293082,0.02959114018
87,3.480000,0.3077100217,0.03020167816,8.840113878e-06,-5.837529898e-06,-5.837529898e-06,1.370999962e-05,0,8.71212e-11,4.95005e-06,0.08840534184,-0.05837656558,0.3063801511,0.02870313877
88,3.520000,0.294071734,0.02999175992,8.83359462e-06,-5.829147995e-06,-5.829147995e-06,1.369789243e-05,0,8.70227e-11,4.94955e-06,0.08833568264,-0.05828762054,0.2960519874,0.02840965077
89,3.560000,0.2670147493,0.02883073408,8.827075362e-06,-5.820766091e-06,-5.820766091e-06,1.368671656e-05,0,8.69324e-11,4.94933e-06,0.08827375434,-0.05820667744,0.2749368803,0.02874313982
90,3.600000,0.2261142954,0.02650264557,8.821487427e-06,-5.813315511e-06,-5.813315511e-06,1.367647201e-05,0,8.68522e-11,4.94919e-06,0.08821955975,-0.05813370645,0.2388306524,0.02809996741
91,3.640000,0.16515797,0.02594077494,8.816830814e-06,-5.80586493e-06,-5.80586493e-06,1.366715878e-05,0,8.6793e-11,4.94998e-06,0.08816535864,-0.05806073546,0.1856785427,0.02833660708
92,3.680000,0.09077947959,0.02440130711,8.812174201e-06,-5.799345672e-06,-5.799345672e-06,1.365877688e-05,0,8.67311e-11,4.95019e-06,0.08811889589,-0.0579957515,0.1160565318,0.02886841991
93,3.720000,0.005208197981,0.02322472073,8.808448911e-06,-5.793757737e-06,-5.793757737e-06,1.36513263e-05,0,8.66794e-11,4.95048e-06,0.08808017336,-0.05793876946,0.03319826852,0.0275085779
94,3.760000,-0.08480343595,0.02122602612,8.803792298e-06,-5.788169801e-06,-5.788169801e-06,1.364573836e-05,0,8.66313e-11,4.95069e-06,0.0880414471,-0.05788177252,-0.05744158297,0.02798290906
95,3.800000,-0.1723724194,0.01991887391,8.800067008e-06,-5.783513188e-06,-5.783513188e-06,1.363921911e-05,0,8.6577e-11,4.9504e-06,0.08800271805,-0.05783326924,-0.1490140414,0.02935934569
96,3.840000,-0.2498393618,0.01905866247,8.796341717e-06,-5.778856575e-06,-5.778856575e-06,1.363456249e-05,0,8.65391e-11,4.95069e-06,0.08796398528,-0.05779325962,-0.2343493196,0.02897422701
97,3.880000,-0.3143005893,0.01889298297,8.79354775e-06,-5.775131285e-06,-5.775131285e-06,1.362897456e-05,0,8.64949e-11,4.95047e-06,0.08793299738,-0.05775274336,-0.3070897443,0.02989401422
98,3.920000,-0.3594197258,0.01892909221,8.789822459e-06,-5.771405995e-06,-5.771405995e-06,1.362431794e-05,0,8.64462e-11,4.9499e-06,0.08790200669,-0.05771224201,-0.3626839694,0.02983061192
99,3.960000,-0.3874034956,0.01994208712,8.787028491e-06,-5.767680705e-06,-5.767680705e-06,1.361873001e-05,0,8.6402e-11,4.94968e-06,0.08787101414,-0.05768021941,-0.3990690412,0.0294680214
100,4.000000,-0.397553008,0.02072082739,8.785165846e-06,-5.764886737e-06,-5.764886737e-06,1.361500472e-05,0,8.63762e-11,4.94982e-06,0.08784776833,-0.05764770508,-0.4169225135,0.02889040392
101,4.040000,-0.3966406249,0.02302039228,8.783303201e-06,-5.762092769e-06,-5.762092769e-06,1.361127943e-05,0,8.63503e-11,4.94997e-06,0.08783227019,-0.05762320757,-0.4194434215,0.02912430516
102,4.080000,-0.3882258534,0.02481430396,8.780509233e-06,-5.760230124e-06,-5.760230124e-06,1.360662282e-05,0,8.62928e-11,4.94832e-06,0.08780902252,-0.0575991869,-0.4117047777,0.02992841481
103,4.120000,-0.3787533194,0.02691632044,8.778646588e-06,-5.757436156e-06,-5.757436156e-06,1.360382885e-05,0,8.62751e-11,4.94875e-06,0.08778577298,-0.05757516623,-0.3996962923,0.03036597739
104,4.160000,-0.3724495471,0.0277131265,8.776783943e-06,-5.754642189e-06,-5.754642189e-06,1.360103488e-05,0,8.62574e-11,4.94918e-06,0.08777027298,-0.05755065382,-0.3892306322,0.03112505062
105,4.200000,-0.3734646998,0.02878777497,8.775852621e-06,-5.752779543e-06,-5.752779543e-06,1.359730959e-05,0,8.62335e-11,4.94911e-06,0.08775477298,-0.05752614141,-0.384909936,0.03073865737
106,4.240000,-0.3830853701,0.02984929737,8.773989975e-06,-5.750916898e-06,-5.750916898e-06,1.359544694e-05,0,8.62133e-11,4.94896e-06,0.08773927111,-0.05751013756,-0.3893373365,0.03039512701
107,4.280000,-0.4016245827,0.03097784054,8.77212733e-06,-5.749054253e-06,-5.749054253e-06,1.35935843e-05,0,8.6193e-11,4.94882e-06,0.08772377018,-0.05749411881,-0.4027131159,0.03039015194
108,4.320000,-0.4228502512,0.03018002119,8.771196008e-06,-5.748122931e-06,-5.748122931e-06,1.359172165e-05,0,8.61747e-11,4.94846e-06,0.08770826738,-0.05747810006,-0.4228849782,0.03068232181
109,4.360000,-0.4461239465,0.03041250538,8.770264685e-06,-5.747191608e-06,-5.747191608e-06,1.358985901e-05,0,8.61564e-11,4.9481e-06,0.08770051692,-0.05747009814,-0.4458394341,0.03030468873
110,4.400000,-0.4633546248,0.03027157299,8.769333363e-06,-5.746260285e-06,-5.746260285e-06,1.358799636e-05,0,8.61382e-11,4.94774e-06,0.08769276552,-0.05746208131,-0.4665413097,0.03082491443
111,4.440000,-0.4714657702,0.03050439898,8.76840204e-06,-5.745328963e-06,-5.745328963e-06,1.35852024e-05,0,8.61117e-11,4.9471e-06,0.08768501412,-0.05745407939,-0.4799653302,0.03088142073
112,4.480000,-0.4692048132,0.03164588474,8.767470717e-06,-5.743466318e-06,-5.743466318e-06,1.358427107e-05,0,8.61123e-11,4.94789e-06,0.08767726179,-0.0574375689,-0.4821289438,0.03024222732
113,4.520000,-0.452261623,0.03217100166,8.766539395e-06,-5.742534995e-06,-5.742534995e-06,1.358333975e-05,0,8.61022e-11,4.94781e-06,0.08766951039,-0.05742105842,-0.4709353066,0.03051335589
114,4.560000,-0.4234477654,0.0327384416,8.766539395e-06,-5.741603673e-06,-5.741603673e-06,1.358240843e-05,0,8.61047e-11,4.94839e-06,0.08766175807,-0.05741305649,-0.4466696909,0.02935859184
115,4.600000,-0.3874859773,0.03405456804,8.766539395e-06,-5.74067235e-06,-5.74067235e-06,1.358147711e-05,0,8.61072e-11,4.94896e-06,0.08766175807,-0.05740456283,-0.4120553172,0.02992704221
116,4.640000,-0.3503363319,0.03585445601,8.766539395e-06,-5.739741027e-06,-5.739741027e-06,1.358054578e-05,0,8.61098e-11,4.94953e-06,0.08766175807,-0.05739606917,-0.3718544553,0.03024964665
117,4.680000,-0.3173898757,0.03824559506,8.766539395e-06,-5.738809705e-06,-5.738809705e-06,1.357961446e-05,0,8.61123e-11,4.95011e-06,0.08766175807,-0.05738756061,-0.3320831973,0.03035216612
118,4.720000,-0.288984593,0.03793317638,8.765608072e-06,-5.737878382e-06,-5.737878382e-06,1.358054578e-05,0,8.61185e-11,4.95061e-06,0.08765400667,-0.05737955868,-0.2989787067,0.02991204291
119,4.760000,-0.2746848576,0.0378978746,8.76467675e-06,-5.73694706e-06,-5.73694706e-06,1.358054578e-05,0,8.61165e-11,4.95082e-06,0.08764625434,-0.05737154186,-0.2779032871,0.02968672924
120,4.800000,-0.2745282389,0.03582793754,8.763745427e-06,-5.736015737e-06,-5.736015737e-06,1.358054578e-05,0,8.61146e-11,4.95103e-06,0.08763850201,-0.05736353993,-0.2723820603,0.02980297312
121,4.840000,-0.292731449,0.03504297696,8.762814105e-06,-5.735084414e-06,-5.735084414e-06,1.358054578e-05,0,8.61126e-11,4.95124e-06,0.08763074968,-0.05735552311,-0.2834481153,0.02950179814
122,4.880000,-0.3232059404,0.03426711261,8.761882782e-06,-5.735084414e-06,-5.735084414e-06,1.358054578e-05,0,8.61e-11,4.9506e-06,0.08762299642,-0.05734752119,-0.3094147539,0.02965354626
123,4.920000,-0.3616986759,0.03314466681,8.761882782e-06,-5.735084414e-06,-5.735084414e-06,1.358054578e-05,0,8.61e-11,4.9506e-06,0.08761524409,-0.05734799802,-0.3461186249,0.02994043757
124,4.960000,-0.40154019,0.03171011619,8.761882782e-06,-5.735084414e-06,-5.735084414e-06,1.358054578e-05,0,8.61e-11,4.9506e-06,0.08761524409,-0.05734799802,-0.3875937032,0.02950040298
125,5.000000,-0.436552085,0.03115625028,8.761882782e-06,-5.735084414e-06,-5.735084414e-06,1.358054578e-05,0,8.61e-11,4.9506e-06,0.08761524409,-0.05734799802,-0.4270592576,0.03041128475
126,5.040000,-0.460923072,0.03038822208,8.761882782e-06,-5.735084414e-06,-5.735084414e-06,1.358054578e-05,0,8.61e-11,4.9506e-06,0.08761524409,-0.05734799802,-0.4580489579,0.03139074173
127,5.080000,-0.4717959911,0.03113943432,8.761882782e-06,-5.735084414e-06,-5.735084414e-06,1.358054578e-05,0,8.61e-11,4.9506e-06,0.08761524409,-0.05734799802,-0.4754831329,0.03148647179
128,5.120000,-0.4653900079,0.0317704957,8.761882782e-06,-5.735084414e-06,-5.735084414e-06,1.358054578e-05,0,8.61e-11,4.9506e-06,0.08761524409,-0.05734799802,-0.4764964223,0.03191154116
129,5.160000,-0.446657788,0.03423860762,8.761882782e-06,-5.735084414e-06,-5.735084414e-06,1.358054578e-05,0,8.61e-11,4.9506e-06,0.08761524409,-0.05734799802,-0.4608768251,0.03090732224
130,5.200000,-0.4145804644,0.03565555066,8.761882782e-06,-5.735084414e-06,-5.735084414e-06,1.358054578e-05,0,8.61e-11,4.9506e-06,0.08761524409,-0.05734799802,-0.4310415779,0.03044239796
131,5.240000,-0.3731140569,0.03667507414,8.761882782e-06,-5.735084414e-06,-5.735084414e-06,1.358054578e-05,0,8.61e-11,4.9506e-06,0.08761524409,-0.05734799802,-0.3915579324,0.03022198337
132,5.280000,-0.3316749334,0.03771749139,8.761882782e-06,-5.735084414e-06,-5.735084414e-06,1.358054578e-05,0,8.61e-11,4.9506e-06,0.08761524409,-0.05734799802,-0.3482979191,0.03177319886
133,5.320000,-0.2964054868,0.03945444431,8.761882782e-06,-5.735084414e-06,-5.735084414e-06,1.358054578e-05,0,8.61e-11,4.9506e-06,0.08761524409,-0.05734799802,-0.3073810435,0.03228516569
134,5.360000,-0.2691318803,0.04005632177,8.761882782e-06,-5.735084414e-06,-5.735084414e-06,1.358054578e-05,0,8.61e-11,4.9506e-06,0.08761524409,-0.05734799802,-0.274095954,0.03259370125
135,5.400000,-0.2529204227,0.03947595228,8.761882782e-06,-5.735084414e-06,-5.735084414e-06,1.358054578e-05,0,8.61e-11,4.9506e-06,0.08761524409,-0.05734799802,-0.2519948132,0.03177673607
136,5.440000,-0.2482634187,0.0376455998,8.761882782e-06,-5.735084414e-06,-5.735084414e-06,1.358054578e-05,0,8.61e-11,4.9506e-06,0.08761524409,-0.05734799802,-0.242321968,0.03146293599
137,5.480000,-0.2545081712,0.03717631567,8.761882782e-06,-5.735084414e-06,-5.735084414e-06,1.358054578e-05,0,8.61e-11,4.9506e-06,0.08761524409,-0.05734799802,-0.2438773692,0.03188083312
138,5.520000,-0.2667588629,0.03757820092,8.761882782e-06,-5.735084414e-06,-5.735084414e-06,1.358054578e-05,0,8.61e-11,4.9506e-06,0.08761524409,-0.05734799802,-0.2533360798,0.03177933726
139,5.560000,-0.2792523764,0.03684543446,8.761882782e-06,-5.735084414e-06,-5.735084414e-06,1.358054578e-05,0,8.61e-11,4.9506e-06,0.08761524409,-0.05734799802,-0.2659623973,0.03161910513
140,5.600000,-0.2865776271,0.03652491886,8.761882782e-06,-5.735084414e-06,-5.735084414e-06,1.358054578e-05,0,8.61e-11,4.9506e-06,0.08761524409,-0.05734799802,-0.2765855253,0.0319585863
141,5.640000,-0.2846443988,0.03514801525,8.761882782e-06,-5.735084414e-06,-5.735084414e-06,1.358054578e-05,0,8.61e-11,4.9506e-06,0.08761524409,-0.05734799802,-0.28065626,0.03227101483
142,5.680000,-0.2745631784,0.03526755329,8.761882782e-06,-5.735084414e-06,-5.735084414e-06,1.358054578e-05,0,8.61e-11,4.9506e-06,0.08761524409,-0.05734799802,-0.2751893668,0.0328386562
143,5.720000,-0.2523926646,0.03425245546,8.761882782e-06,-5.735084414e-06,-5.735084414e-06,1.358054578e-05,0,8.61e-11,4.9506e-06,0.08761524409,-0.05734799802,-0.2594168798,0.03244807948
144,5.760000,-0.225943394,0.03478287812,8.761882782e-06,-5.735084414e-06,-5.735084414e-06,1.358054578e-05,0,8.61e-11,4.9506e-06,0.08761524409,-0.05734799802,-0.2350297633,0.03323937136
145,5.800000,-0.1969930418,0.03498700727,8.761882782e-06,-5.735084414e-06,-5.735084414e-06,1.358054578e-05,0,8.61e-11,4.9506e-06,0.08761524409,-0.05734799802,-0.2059598405,0.03470288129
146,5.840000,-0.1708226912,0.03470639978,8.761882782e-06,-5.735084414e-06,-5.735084414e-06,1.358054578e-05,0,8.61e-11,4.9506e-06,0.08761524409,-0.05734799802,-0.1777372088,0.03383213151
147,5.880000,-0.1582205333,0.03576537129,8.761882782e-06,-5.735084414e-06,-5.735084414e-06,1.358054578e-05,0,8.61e-11,4.9506e-06,0.08761524409,-0.05734799802,-0.1565355187,0.03372446075
148,5.920000,-0.1560038924,0.03472435847,8.761882782e-06,-5.735084414e-06,-5.735084414e-06,1.358054578e-05,0,8.61e-11,4.9506e-06,0.08761524409,-0.05734799802,-0.1480745867,0.03270428048
149,5.960000,-0.1718767881,0.03359477036,8.761882782e-06,-5.735084414e-06,-5.735084414e-06,1.358054578e-05,0,8.61e-11,4.9506e-06,0.08761524409,-0.05734799802,-0.1565765349,0.03222575437
150,6.000000,-0.2058975361,0.03181624878,8.761882782e-06,-5.735084414e-06,-5.735084414e-06,1.358054578e-05,0,8.61e-11,4.9506e-06,0.08761524409,-0.05734799802,-0.1839631538,0.03228102304
151,6.040000,-0.2568444237,0.03046166897,8.761882782e-06,-5.735084414e-06,-5.735084414e-06,1.358054578e-05,0,8.61e-11,4.9506e-06,0.08761524409,-0.05734799802,-0.2294399452,0.03233714751
152,6.080000,-0.3205793723,0.02955127787,8.761882782e-06,-5.735084414e-06,-5.735084414e-06,1.358054578e-05,0,8.61e-11,4.9506e-06,0.08761524409,-0.05734799802,-0.2895438698,0.03075548168
153,6.120000,-0.3880559392,0.0267352378,8.761882782e-06,-5.735084414e-06,-5.735084414e-06,1.358054578e-05,0,8.61e-11,4.9506e-06,0.08761524409,-0.05734799802,-0.3586494522,0.03149138452
154,6.160000,-0.4538133331,0.02434324659,8.761882782e-06,-5.735084414e-06,-5.735084414e-06,1.358054578e-05,0,8.61e-11,4.9506e-06,0.08761524409,-0.05734799802,-0.4298463547,0.03187270071
155,6.200000,-0.513466876,0.02297651954,8.761882782e-06,-5.735084414e-06,-5.735084414e-06,1.358054578e-05,0,8.61e-11,4.9506e-06,0.08761524409,-0.05734799802,-0.496035439,0.0318296921
156,6.240000,-0.5615783297,0.02282558847,8.761882782e-06,-5.735084414e-06,-5.735084414e-06,1.358054578e-05,0,8.61e-11,4.9506e-06,0.08761524409,-0.05734799802,-0.5510515512,0.03160471198
157,6.280000,-0.5906556807,0.02231024671,8.761882782e-06,-5.735084414e-06,-5.735084414e-06,1.358054578e-05,0,8.61e-11,4.9506e-06,0.08761524409,-0.05734799802,-0.5906167368,0.03082942059
158,6.320000,-0.600918781,0.02148943394,8.761882782e-06,-5.735084414e-06,-5.735084414e-06,1.358054578e-05,0,8.61e-11,4.9506e-06,0.08761524409,-0.05734799802,-0.6129581228,0.03118221845
159,6.360000,-0.6026318409,0.02300296258,8.761882782e-06,-5.735084414e-06,-5.735084414e-06,1.358054578e-05,0,8.61e-11,4.9506e-06,0.08761524409,-0.05734799802,-0.6189848029,0.03098505965
160,6.400000,-0.5921901315,0.02373442426,8.761882782e-06,-5.735084414e-06,-5.735084414e-06,1.358054578e-05,0,8.61e-11,4.9506e-06,0.08761524409,-0.05734799802,-0.6119969369,0.03041044726
161,6.440000,-0.5781215727,0.02521312144,8.761882782e-06,-5.735084414e-06,-5.735084414e-06,1.358054578e-05,0,8.61e-11,4.9506e-06,0.08761524409,-0.05734799802,-0.5969837506,0.03067595496
162,6.480000,-0.5622126311,0.0261283638,8.761882782e-06,-5.735084414e-06,-5.735084414e-06,1.358054578e-05,0,8.61e-11,4.9506e-06,0.08761524409,-0.05734799802,-0.5796402388,0.03104833692
163,6.520000,-0.553982839,0.02777689137,8.761882782e-06,-5.735084414e-06,-5.735084414e-06,1.358054578e-05,0,8.61e-11,4.9506e-06,0.08761524409,-0.05734799802,-0.5652819952,0.03064469922
164,6.560000,-0.5516253449,0.02790599596,8.761882782e-06,-5.735084414e-06,-5.735084414e-06,1.358054578e-05,0,8.61e-11,4.9506e-06,0.08761524409,-0.05734799802,-0.5578548613,0.03139576901
165,6.600000,-0.5573489144,0.02786933631,8.761882782e-06,-5.735084414e-06,-5.735084414e-06,1.358054578e-05,0,8.61e-11,4.9506e-06,0.08761524409,-0.05734799802,-0.5592179257,0.03121793699
166,6.640000,-0.5692641735,0.02760484628,8.761882782e-06,-5.735084414e-06,-5.735084414e-06,1.358054578e-05,0,8.61e-11,4.9506e-06,0.08761524409,-0.05734799802,-0.5688281415,0.03190770269
167,6.680000,-0.5846102275,0.0278802691,8.761882782e-06,-5.735084414e-06,-5.735084414e-06,1.358054578e-05,0,8.61e-11,4.9506e-06,0.08761524409,-0.05734799802,-0.5838815345,0.03110255496
168,6.720000,-0.5979059599,0.02747884206,8.761882782e-06,-5.735084414e-06,-5.735084414e-06,1.358054578e-05,0,8.61e-11,4.9506e-06,0.08761524409,-0.05734799802,-0.5998828865,0.03212381265
169,6.760000,-0.6051867306,0.02768142335,8.761882782e-06,-5.735084414e-06,-5.735084414e-06,1.358054578e-05,0,8.61e-11,4.9506e-06,0.08761524409,-0.05734799802,-0.6115378667,0.03232675569
170,6.800000,-0.6017706618,0.02817185596,8.761882782e-06,-5.735084414e-06,-5.735084414e-06,1.358054578e-05,0,8.61e-11,4.9506e-06,0.08761524409,-0.05734799802,-0.6138028995,0.03132928245
171,6.840000,-0.5858187415,0.02983371355,8.761882782e-06,-5.735084414e-06,-5.735084414e-06,1.358054578e-05,0,8.61e-11,4.9506e-06,0.08761524409,-0.05734799802,-0.6028991807,0.0311895908
172,6.880000,-0.5555804521,0.03239744809,8.761882782e-06,-5.735084414e-06,-5.735084414e-06,1.358054578e-05,0,8.61e-11,4.9506e-06,0.08761524409,-0.05734799802,-0.5771033949,0.03140159308
173,6.920000,-0.5123826377,0.03484521806,8.761882782e-06,-5.735084414e-06,-5.735084414e-06,1.358054578e-05,0,8.61e-11,4.9506e-06,0.08761524409,-0.05734799802,-0.5371677609,0.03159551987
174,6.960000,-0.4609194919,0.03691279143,8.761882782e-06,-5.735084414e-06,-5.735084414e-06,1.358054578e-05,0,8.61e-11,4.9506e-06,0.08761524409,-0.05734799802,-0.4862888259,0.03022026139
175,7.000000,-0.4054512978,0.03801589087,8.761882782e-06,-5.735084414e-06,-5.735084414e-06,1.358054578e-05,0,8.61e-11,4.9506e-06,0.08761524409,-0.05734799802,-0.4296259392,0.03060660301
176,7.040000,-0.3561128005,0.03939774167,8.761882782e-06,-5.735084414e-06,-5.735084414e-06,1.358054578e-05,0,8.61e-11,4.9506e-06,0.08761524409,-0.05734799802,-0.373451879,0.02966359185
177,7.080000,-0.3131866157,0.0397749301,8.761882782e-06,-5.735084414e-06,-5.735084414e-06,1.358054578e-05,0,8.61e-11,4.9506e-06,0.08761524409,-0.05734799802,-0.3240850021,0.02997098664
178,7.120000,-0.2839954048,0.0404359214,8.761882782e-06,-5.735084414e-06,-5.735084414e-06,1.358054578e-05,0,8.61e-11,4.9506e-06,0.08761524409,-0.05734799802,-0.2867924734,0.02934577864
179,7.160000,-0.2674959339,0.03953352198,8.761882782e-06,-5.735084414e-06,-5.735084414e-06,1.358054578e-05,0,8.61e-11,4.9506e-06,0.08761524409,-0.05734799802,-0.2648603427,0.02834857741
180,7.200000,-0.2694085836,0.0386787178,8.761882782e-06,-5.735084414e-06,-5.735084414e-06,1.358054578e-05,0,8.61e-11,4.9506e-06,0.08761524409,-0.05734799802,-0.2589973087,0.02845034037
181,7.240000,-0.2837119401,0.03796943463,8.761882782e-06,-5.735084414e-06,-5.735084414e-06,1.358054578e-05,0,8.61e-11,4.9506e-06,0.08761524409,-0.05734799802,-0.2671801042,0.027986687
182,7.280000,-0.3038847819,0.03753196914,8.761882782e-06,-5.735084414e-06,-5.735084414e-06,1.358054578e-05,0,8.61e-11,4.9506e-06,0.08761524409,-0.05734799802,-0.2849700834,0.0280289684
183,7.320000,-0.3218732364,0.03610938136,8.761882782e-06,-5.735084414e-06,-5.735084414e-06,1.358054578e-05,0,8.61e-11,4.9506e-06,0.08761524409,-0.05734799802,-0.3062468455,0.02799552554
184,7.360000,-0.3346482366,0.03474772908,8.761882782e-06,-5.735084414e-06,-5.735084414e-06,1.358054578e-05,0,8.61e-11,4.9506e-06,0.08761524409,-0.05734799802,-0.3242305902,0.0272885993
185,7.400000,-0.3353373967,0.03417593054,8.761882782e-06,-5.735084414e-06,-5.735084414e-06,1.358054578e-05,0,8.61e-11,4.9506e-06,0.08761524409,-0.05734799802,-0.3326136728,0.02782282001
186,7.440000,-0.3225695454,0.03467179183,8.761882782e-06,-5.735084414e-06,-5.735084414e-06,1.358054578e-05,0,8.61e-11,4.9506e-06,0.08761524409,-0.05734799802,-0.3266026816,0.0280213938
187,7.480000,-0.2917917036,0.03524386138,8.761882782e-06,-5.735084414e-06,-5.735084414e-06,1.358054578e-05,0,8.61e-11,4.9506e-06,0.08761524409,-0.05734799802,-0.3036887204,0.02833526776
188,7.520000,-0.2460296527,0.03583590407,8.761882782e-06,-5.735084414e-06,-5.735084414e-06,1.358054578e-05,0,8.61e-11,4.9506e-06,0.08761524409,-0.05734799802,-0.2640124953,0.02744632844
189,7.560000,-0.1891964376,0.03706656862,8.761882782e-06,-5.735084414e-06,-5.735084414e-06,1.358054578e-05,0,8.61e-11,4.9506e-06,0.08761524409,-0.05734799802,-0.2102634697,0.02801805933
190,7.600000,-0.1266933903,0.03869955242,8.761882782e-06,-5.735084414e-06,-5.735084414e-06,1.358054578e-05,0,8.61e-11,4.9506e-06,0.08761524409,-0.05734799802,-0.1471357197,0.028861495
191,7.640000,-0.06269887835,0.04008617997,8.761882782e-06,-5.735084414e-06,-5.735084414e-06,1.358054578e-05,0,8.61e-11,4.9506e-06,0.08761524409,-0.05734799802,-0.08044221413,0.02913865755
192,7.680000,-0.0004303865135,0.03968194965,8.761882782e-06,-5.735084414e-06,-5.735084414e-06,1.358054578e-05,0,8.61e-11,4.9506e-06,0.08761524409,-0.05734799802,-0.01604986604,0.03007253872
193,7.720000,0.05096643791,0.04027910996,8.761882782e-06,-5.735084414e-06,-5.735084414e-06,1.358054578e-05,0,8.61e-11,4.9506e-06,0.08761524409,-0.05734799802,0.0411710023,0.03100473068
194,7.760000,0.08955933154,0.04114078637,8.761882782e-06,-5.735084414e-06,-5.735084414e-06,1.358054578e-05,0,8.61e-11,4.9506e-06,0.08761524409,-0.05734799802,0.0881927697,0.03110054977
195,7.800000,0.1210269593,0.04044138733,8.761882782e-06,-5.735084414e-06,-5.735084414e-06,1.358054578e-05,0,8.61e-11,4.9506e-06,0.08761524409,-0.05734799802,0.1243200373,0.03059673001
196,7.840000,0.1448752806,0.04057813343,8.761882782e-06,-5.735084414e-06,-5.735084414e-06,1.358054578e-05,0,8.61e-11,4.9506e-06,0.08761524409,-0.05734799802,0.1512356157,0.03033194816
197,7.880000,0.1646411233,0.04011089355,8.761882782e-06,-5.735084414e-06,-5.735084414e-06,1.358054578e-05,0,8.61e-11,4.9506e-06,0.08761524409,-0.05734799802,0.172596848,0.03112212298
198,7.920000,0.1869961694,0.04007200804,8.761882782e-06,-5.735084414e-06,-5.735084414e-06,1.358054578e-05,0,8.61e-11,4.9506e-06,0.08761524409,-0.05734799802,0.1932579713,0.03142193999
199,7.960000,0.2170984298,0.03882765677,8.761882782e-06,-5.735084414e-06,-5.735084414e-06,1.358054578e-05,0,8.61e-11,4.9506e-06,0.08761524409,-0.05734799802,0.218262319,0.03172497172
200,8.000000,0.2554343157,0.03858969919,8.761882782e-06,-5.735084414e-06,-5.735084414e-06,1.358054578e-05,0,8.61e-11,4.9506e-06,0.08761524409,-0.05734799802,0.2517902454,0.03081380049
201,8.040000,0.3050888032,0.03849712387,8.761882782e-06,-5.735084414e-06,-5.735084414e-06,1.358054578e-05,0,8.61e-11,4.9506e-06,0.08761524409,-0.05734799802,0.2962571216,0.03134451032
202,8.080000,0.3624133989,0.03990164679,8.761882782e-06,-5.735084414e-06,-5.735084414e-06,1.358054578e-05,0,8.61e-11,4.9506e-06,0.08761524409,-0.05734799802,0.351729059,0.03118191729
203,8.120000,0.4252992459,0.04206428397,8.761882782e-06,-5.735084414e-06,-5.735084414e-06,1.358054578e-05,0,8.61e-11,4.9506e-06,0.08761524409,-0.05734799802,0.4157669542,0.03071152665
204,8.160000,0.4930581897,0.04278771952,8.761882782e-06,-5.735084414e-06,-5.735084414e-06,1.358054578e-05,0,8.61e-11,4.9506e-06,0.08761524409,-0.05734799802,0.4837322664,0.03044195765
205,8.200000,0.5542912073,0.04321436584,8.761882782e-06,-5.735084414e-06,-5.735084414e-06,1.358054578e-05,0,8.61e-11,4.9506e-06,0.08761524409,-0.05734799802,0.5495045268,0.03093839612
206,8.240000,0.6062175706,0.04200701043,8.761882782e-06,-5.735084414e-06,-5.735084414e-06,1.358054578e-05,0,8.61e-11,4.9506e-06,0.08761524409,-0.05734799802,0.6064859407,0.03084993964
207,8.280000,0.6399914175,0.04163067508,8.761882782e-06,-5.735084414e-06,-5.735084414e-06,1.358054578e-05,0,8.61e-11,4.9506e-06,0.08761524409,-0.05734799802,0.6487160387,0.02994152042
208,8.320000,0.6546065584,0.03975759353,8.761882782e-06,-5.735084414e-06,-5.735084414e-06,1.358054578e-05,0,8.61e-11,4.9506e-06,0.08761524409,-0.05734799802,0.6718985978,0.0305723409
209,8.360000,0.6477354057,0.03893704247,8.761882782e-06,-5.735084414e-06,-5.735084414e-06,1.358054578e-05,0,8.61e-11,4.9506e-06,0.08761524409,-0.05734799802,0.6741577752,0.03015478806
210,8.400000,0.6234205291,0.03716490977,8.761882782e-06,-5.735084414e-06,-5.735084414e-06,1.358054578e-05,0,8.61e-11,4.9506e-06,0.08761524409,-0.05734799802,0.6563879562,0.03029614704
211,8.440000,0.5862920657,0.03462049365,8.761882782e-06,-5.735084414e-06,-5.735084414e-06,1.358054578e-05,0,8.61e-11,4.9506e-06,0.08761524409,-0.05734799802,0.6221337289,0.02958406477
212,8.480000,0.5434817262,0.0314076608,8.761882782e-06,-5.735084414e-06,-5.735084414e-06,1.358054578e-05,0,8.61e-11,4.9506e-06,0.08761524409,-0.05734799802,0.5770197624,0.0296863827
213,8.520000,0.4973219112,0.0294835642,8.761882782e-06,-5.735084414e-06,-5.735084414e-06,1.358054578e-05,0,8.61e-11,4.9506e-06,0.08761524409,-0.05734799802,0.5278302605,0.03001676781
214,8.560000,0.4589723684,0.02643927373,8.761882782e-06,-5.735084414e-06,-5.735084414e-06,1.358054578e-05,0,8.61e-11,4.9506e-06,0.08761524409,-0.05734799802,0.4813997494,0.02990496999
215,8.600000,0.4279699624,0.02588870004,8.761882782e-06,-5.735084414e-06,-5.735084414e-06,1.358054578e-05,0,8.61e-11,4.9506e-06,0.08761524409,-0.05734799802,0.4435101338,0.03001060571
216,8.640000,0.4105011374,0.02513512969,8.761882782e-06,-5.735084414e-06,-5.735084414e-06,1.358054578e-05,0,8.61e-11,4.9506e-06,0.08761524409,-0.05734799802,0.4179872649,0.02927627226
217,8.680000,0.4046780095,0.0249874806,8.761882782e-06,-5.735084414e-06,-5.735084414e-06,1.358054578e-05,0,8.61e-11,4.9506e-06,0.08761524409,-0.05734799802,0.4061540508,0.0293063204
218,8.720000,0.4121786878,0.02424590103,8.761882782e-06,-5.735084414e-06,-5.735084414e-06,1.358054578e-05,0,8.61e-11,4.9506e-06,0.08761524409,-0.05734799802,0.406732925,0.02964792381
219,8.760000,0.424735833,0.02424687333,8.761882782e-06,-5.735084414e-06,-5.735084414e-06,1.358054578e-05,0,8.61e-11,4.9506e-06,0.08761524409,-0.05734799802,0.4162098132,0.02930762479
220,8.800000,0.4397122785,0.02375399694,8.761882782e-06,-5.735084414e-06,-5.735084414e-06,1.358054578e-05,0,8.61e-11,4.9506e-06,0.08761524409,-0.05734799802,0.4295891127,0.02935172906
221,8.840000,0.4487633407,0.02417316567,8.761882782e-06,-5.735084414e-06,-5.735084414e-06,1.358054578e-05,0,8.61e-11,4.9506e-06,0.08761524409,-0.05734799802,0.4413994577,0.02829798761
222,8.880000,0.4494493902,0.02414169535,8.761882782e-06,-5.735084414e-06,-5.735084414e-06,1.358054578e-05,0,8.61e-11,4.9506e-06,0.08761524409,-0.05734799802,0.4467656945,0.02791388399
223,8.920000,0.4402657561,0.02419388853,8.761882782e-06,-5.735084414e-06,-5.735084414e-06,1.358054578e-05,0,8.61e-11,4.9506e-06,0.08761524409,-0.05734799802,0.4423514867,0.02871025898
224,8.960000,0.4195775613,0.02428626176,8.761882782e-06,-5.735084414e-06,-5.735084414e-06,1.358054578e-05,0,8.61e-11,4.9506e-06,0.08761524409,-0.05734799802,0.4270012398,0.02805915871
225,9.000000,0.3908860981,0.02402948681,8.761882782e-06,-5.735084414e-06,-5.735084414e-06,1.358054578e-05,0,8.61e-11,4.9506e-06,0.08761524409,-0.05734799802,0.4019651766,0.02809786841
226,9.040000,0.358784087,0.02390711475,8.761882782e-06,-5.735084414e-06,-5.735084414e-06,1.358054578e-05,0,8.61e-11,4.9506e-06,0.08761524409,-0.05734799802,0.370667442,0.02805169643
227,9.080000,0.3266205192,0.02369300183,8.761882782e-06,-5.735084414e-06,-5.735084414e-06,1.358054578e-05,0,8.61e-11,4.9506e-06,0.08761524409,-0.05734799802,0.338060356,0.02758946658
228,9.120000,0.303390719,0.02307159919,8.761882782e-06,-5.735084414e-06,-5.735084414e-06,1.358054578e-05,0,8.61e-11,4.9506e-06,0.08761524409,-0.05734799802,0.3096833467,0.02677092037
229,9.160000,0.2896840051,0.02371537033,8.761882782e-06,-5.735084414e-06,-5.735084414e-06,1.358054578e-05,0,8.61e-11,4.9506e-06,0.08761524409,-0.05734799802,0.2905990805,0.02731064402
230,9.200000,0.2894784957,0.02415574528,8.761882782e-06,-5.735084414e-06,-5.735084414e-06,1.358054578e-05,0,8.61e-11,4.9506e-06,0.08761524409,-0.05734799802,0.2844021262,0.02827593373
231,9.240000,0.3052293696,0.02435810585,8.761882782e-06,-5.735084414e-06,-5.735084414e-06,1.358054578e-05,0,8.61e-11,4.9506e-06,0.08761524409,-0.05734799802,0.2924829972,0.0277456856
232,9.280000,0.3302609511,0.02536799014,8.761882782e-06,-5.735084414e-06,-5.735084414e-06,1.358054578e-05,0,8.61e-11,4.9506e-06,0.08761524409,-0.05734799802,0.3136848471,0.02814445903
233,9.320000,0.3603698909,0.02715370059,8.761882782e-06,-5.735084414e-06,-5.735084414e-06,1.358054578e-05,0,8.61e-11,4.9506e-06,0.08761524409,-0.05734799802,0.3444196114,0.0279079731
234,9.360000,0.3921174258,0.02866297774,8.761882782e-06,-5.735084414e-06,-5.735084414e-06,1.358054578e-05,0,8.61e-11,4.9506e-06,0.08761524409,-0.05734799802,0.3792276799,0.02840413105
235,9.400000,0.4209352769,0.02860609721,8.761882782e-06,-5.735084414e-06,-5.735084414e-06,1.358054578e-05,0,8.61e-11,4.9506e-06,0.08761524409,-0.05734799802,0.4116850998,0.02931084939
236,9.440000,0.4385272712,0.02890144009,8.761882782e-06,-5.735084414e-06,-5.735084414e-06,1.358054578e-05,0,8.61e-11,4.9506e-06,0.08761524409,-0.05734799802,0.435499287,0.02906902945
237,9.480000,0.440280322,0.02911435906,8.761882782e-06,-5.735084414e-06,-5.735084414e-06,1.358054578e-05,0,8.61e-11,4.9506e-06,0.08761524409,-0.05734799802,0.4455996012,0.03027925152
238,9.520000,0.4271554761,0.0277154576,8.761882782e-06,-5.735084414e-06,-5.735084414e-06,1.358054578e-05,0,8.61e-11,4.9506e-06,0.08761524409,-0.05734799802,0.4390291804,0.03063306261
239,9.560000,0.4002255462,0.02499245573,8.761882782e-06,-5.735084414e-06,-5.735084414e-06,1.358054578e-05,0,8.61e-11,4.9506e-06,0.08761524409,-0.05734799802,0.415479169,0.03064104869
240,9.600000,0.3584062345,0.0235623531,8.761882782e-06,-5.735084414e-06,-5.735084414e-06,1.358054578e-05,0,8.61e-11,4.9506e-06,0.08761524409,-0.05734799802,0.3773697006,0.02996103633
241,9.640000,0.3104191944,0.02285093721,8.761882782e-06,-5.735084414e-06,-5.735084414e-06,1.358054578e-05,0,8.61e-11,4.9506e-06,0.08761524409,-0.05734799802,0.3294623983,0.03053555599
242,9.680000,0.262321502,0.02143121511,8.761882782e-06,-5.735084414e-06,-5.735084414e-06,1.358054578e-05,0,8.61e-11,4.9506e-06,0.08761524409,-0.05734799802,0.2780723225,0.0299220862
243,9.720000,0.218797002,0.0217115758,8.761882782e-06,-5.735084414e-06,-5.735084414e-06,1.358054578e-05,0,8.61e-11,4.9506e-06,0.08761524409,-0.05734799802,0.2300183204,0.03037949525
244,9.760000,0.1886951812,0.02131815813,8.761882782e-06,-5.735084414e-06,-5.735084414e-06,1.358054578e-05,0,8.61e-11,4.9506e-06,0.08761524409,-0.05734799802,0.1914968922,0.02963194731
245,9.800000,0.1723963618,0.02131296601,8.761882782e-06,-5.735084414e-06,-5.735084414e-06,1.358054578e-05,0,8.61e-11,4.9506e-06,0.08761524409,-0.05734799802,0.1670777218,0.02999593578
246,9.840000,0.1706029586,0.02252520435,8.761882782e-06,-5.735084414e-06,-5.735084414e-06,1.358054578e-05,0,8.61e-11,4.9506e-06,0.08761524409,-0.05734799802,0.1589966169,0.02982664483
247,9.880000,0.1855079494,0.02322671283,8.761882782e-06,-5.735084414e-06,-5.735084414e-06,1.358054578e-05,0,8.61e-11,4.9506e-06,0.08761524409,-0.05734799802,0.1668678109,0.02935318844
248,9.920000,0.2109654658,0.02393678296,8.761882782e-06,-5.735084414e-06,-5.735084414e-06,1.358054578e-05,0,8.61e-11,4.9506e-06,0.08761524409,-0.05734799802,0.1878620927,0.02926980255
249,9.960000,0.2397638224,0.02590220887,8.761882782e-06,-5.735084414e-06,-5.735084414e-06,1.358054578e-05,0,8.61e-11,4.9506e-06,0.08761524409,-0.05734799802,0.2173136148,0.02907518718
250,10.000000,0.2713271268,0.02614125609,8.761882782e-06,-5.735084414e-06,-5.735084414e-06,1.358054578e-05,0,8.61e-11,4.9506e-06,0.08761524409,-0.05734799802,0.2496415247,0.02897779497
251,10.040000,0.2947841473,0.02750760037,8.761882782e-06,-5.735084414e-06,-5.735084414e-06,1.358054578e-05,0,8.61e-11,4.9506e-06,0.08761524409,-0.05734799802,0.2794165345,0.02885119176
252,10.080000,0.3110339008,0.02873356827,8.761882782e-06,-5.735084414e-06,-5.735084414e-06,1.358054578e-05,0,8.61e-11,4.9506e-06,0.08761524409,-0.05734799802,0.3023772493,0.02909238543
253,10.120000,0.3191085607,0.02935258206,8.761882782e-06,-5.735084414e-06,-5.735084414e-06,1.358054578e-05,0,8.61e-11,4.9506e-06,0.08761524409,-0.05734799802,0.3162110214,0.02793386873
254,10.160000,0.3186818026,0.02965985239,8.761882782e-06,-5.735084414e-06,-5.735084414e-06,1.358054578e-05,0,8.61e-11,4.9506e-06,0.08761524409,-0.05734799802,0.3209574658,0.02833366069
255,10.200000,0.3150905743,0.02978696767,8.761882782e-06,-5.735084414e-06,-5.735084414e-06,1.358054578e-05,0,8.61e-11,4.9506e-06,0.08761524409,-0.05734799802,0.3189617134,0.02834197873
256,10.240000,0.3118994087,0.02872910816,8.761882782e-06,-5.735084414e-06,-5.735084414e-06,1.358054578e-05,0,8.61e-11,4.9506e-06,0.08761524409,-0.05734799802,0.3143865624,0.028883275
257,10.280000,0.3128020056,0.02842016146,8.761882782e-06,-5.735084414e-06,-5.735084414e-06,1.358054578e-05,0,8.61e-11,4.9506e-06,0.08761524409,-0.05734799802,0.3123730915,0.02853724746
258,10.320000,0.3243205622,0.02826382034,8.761882782e-06,-5.735084414e-06,-5.735084414e-06,1.358054578e-05,0,8.61e-11,4.9506e-06,0.08761524409,-0.05734799802,0.3180035367,0.02975910398
259,10.360000,0.3471992575,0.02929124143,8.761882782e-06,-5.735084414e-06,-5.735084414e-06,1.358054578e-05,0,8.61e-11,4.9506e-06,0.08761524409,-0.05734799802,0.3352566984,0.0307275976
260,10.400000,0.3852640614,0.02961203922,8.761882782e-06,-5.735084414e-06,-5.735084414e-06,1.358054578e-05,0,8.61e-11,4.9506e-06,0.08761524409,-0.05734799802,0.3661482513,0.03065900481
261,10.440000,0.4323435873,0.03126757778,8.761882782e-06,-5.735084414e-06,-5.735084414e-06,1.358054578e-05,0,8.61e-11,4.9506e-06,0.08761524409,-0.05734799802,0.4102156588,0.02999433038
262,10.480000,0.4886551052,0.03229115531,8.761882782e-06,-5.735084414e-06,-5.735084414e-06,1.358054578e-05,0,8.61e-11,4.9506e-06,0.08761524409,-0.05734799802,0.4644457982,0.02941798303
263,10.520000,0.5465491302,0.03366916254,8.761882782e-06,-5.735084414e-06,-5.735084414e-06,1.358054578e-05,0,8.61e-11,4.9506e-06,0.08761524409,-0.05734799802,0.5236639435,0.03028327623
264,10.560000,0.5992950909,0.03450567555,8.761882782e-06,-5.735084414e-06,-5.735084414e-06,1.358054578e-05,0,8.61e-11,4.9506e-06,0.08761524409,-0.05734799802,0.5813197005,0.02973435195
265,10.600000,0.6402209289,0.0355131086,8.761882782e-06,-5.735084414e-06,-5.735084414e-06,1.358054578e-05,0,8.61e-11,4.9506e-06,0.08761524409,-0.05734799802,0.6305337958,0.03049004731
266,10.640000,0.66728919,0.0349427266,8.761882782e-06,-5.735084414e-06,-5.735084414e-06,1.358054578e-05,0,8.61e-11,4.9506e-06,0.08761524409,-0.05734799802,0.6652221695,0.03002178149
267,10.680000,0.6733354218,0.03467658721,8.761882782e-06,-5.735084414e-06,-5.735084414e-06,1.358054578e-05,0,8.61e-11,4.9506e-06,0.08761524409,-0.05734799802,0.6810991897,0.02984901329
268,10.720000,0.6598913074,0.03361102007,8.761882782e-06,-5.735084414e-06,-5.735084414e-06,1.358054578e-05,0,8.61e-11,4.9506e-06,0.08761524409,-0.05734799802,0.6763826353,0.03085105628
269,10.760000,0.6278370097,0.03246753663,8.761882782e-06,-5.735084414e-06,-5.735084414e-06,1.358054578e-05,0,8.61e-11,4.9506e-06,0.08761524409,-0.05734799802,0.652075692,0.03094173942
270,10.800000,0.5837937482,0.03083273489,8.761882782e-06,-5.735084414e-06,-5.735084414e-06,1.358054578e-05,0,8.61e-11,4.9506e-06,0.08761524409,-0.05734799802,0.6117761544,0.03110710763
271,10.840000,0.5336519182,0.02846905403,8.761882782e-06,-5.735084414e-06,-5.735084414e-06,1.358054578e-05,0,8.61e-11,4.9506e-06,0.08761524409,-0.05734799802,0.5610468969,0.03048977053
272,10.880000,0.4834659323,0.02660379466,8.761882782e-06,-5.735084414e-06,-5.735084414e-06,1.358054578e-05,0,8.61e-11,4.9506e-06,0.08761524409,-0.05734799802,0.5064594418,0.03102754003
273,10.920000,0.4373853505,0.02546704188,8.761882782e-06,-5.735084414e-06,-5.735084414e-06,1.358054578e-05,0,8.61e-11,4.9506e-06,0.08761524409,-0.05734799802,0.4544801758,0.03029108286
274,10.960000,0.3991742879,0.02512933966,8.761882782e-06,-5.735084414e-06,-5.735084414e-06,1.358054578e-05,0,8.61e-11,4.9506e-06,0.08761524409,-0.05734799802,0.4103961161,0.03038351084
275,11.000000,0.3730579615,0.02449802216,8.761882782e-06,-5.735084414e-06,-5.735084414e-06,1.358054578e-05,0,8.61e-11,4.9506e-06,0.08761524409,-0.05734799802,0.3774692258,0.03065660796
276,11.040000,0.3589322306,0.0237317197,8.761882782e-06,-5.735084414e-06,-5.735084414e-06,1.358054578e-05,0,8.61e-11,4.9506e-06,0.08761524409,-0.05734799802,0.3564665799,0.03061715698
277,11.080000,0.3524505347,0.02360906731,8.761882782e-06,-5.735084414e-06,-5.735084414e-06,1.358054578e-05,0,8.61e-11,4.9506e-06,0.08761524409,-0.05734799802,0.3456457097,0.0306622094
278,11.120000,0.3495384529,0.02380937338,8.761882782e-06,-5.735084414e-06,-5.735084414e-06,1.358054578e-05,0,8.61e-11,4.9506e-06,0.08761524409,-0.05734799802,0.3411924427,0.03107829026
279,11.160000,0.3450962119,0.02397402003,8.761882782e-06,-5.735084414e-06,-5.735084414e-06,1.358054578e-05,0,8.61e-11,4.9506e-06,0.08761524409,-0.05734799802,0.3380272567,0.02955242811
280,11.200000,0.3336702995,0.02485780977,8.761882782e-06,-5.735084414e-06,-5.735084414e-06,1.358054578e-05,0,8.61e-11,4.9506e-06,0.08761524409,-0.05734799802,0.3308301982,0.02902012885
281,11.240000,0.3129089959,0.02456702199,8.761882782e-06,-5.735084414e-06,-5.735084414e-06,1.358054578e-05,0,8.61e-11,4.9506e-06,0.08761524409,-0.05734799802,0.3150956159,0.02946454942
282,11.280000,0.2797030061,0.02495616674,8.761882782e-06,-5.735084414e-06,-5.735084414e-06,1.358054578e-05,0,8.61e-11,4.9506e-06,0.08761524409,-0.05734799802,0.2880232925,0.02917740044
283,11.320000,0.2365888022,0.02423000615,8.761882782e-06,-5.735084414e-06,-5.735084414e-06,1.358054578e-05,0,8.61e-11,4.9506e-06,0.08761524409,-0.05734799802,0.2490828203,0.02969879309
284,11.360000,0.1854360439,0.02328393981,8.761882782e-06,-5.735084414e-06,-5.735084414e-06,1.358054578e-05,0,8.61e-11,4.9506e-06,0.08761524409,-0.05734799802,0.2001477921,0.02974405536
285,11.400000,0.1309768036,0.02207173035,8.761882782e-06,-5.735084414e-06,-5.735084414e-06,1.358054578e-05,0,8.61e-11,4.9506e-06,0.08761524409,-0.05734799802,0.1451747711,0.0288112956
286,11.440000,0.07594393194,0.02205671836,8.761882782e-06,-5.735084414e-06,-5.735084414e-06,1.358054578e-05,0,8.61e-11,4.9506e-06,0.08761524409,-0.05734799802,0.0894849401,0.02921416555
287,11.480000,0.03050259128,0.02157157287,8.761882782e-06,-5.735084414e-06,-5.735084414e-06,1.358054578e-05,0,8.61e-11,4.9506e-06,0.08761524409,-0.05734799802,0.03877883548,0.0291589879
288,11.520000,-0.004006035626,0.02134936769,8.761882782e-06,-5.735084414e-06,-5.735084414e-06,1.358054578e-05,0,8.61e-11,4.9506e-06,0.08761524409,-0.05734799802,-0.001936426701,0.02906803443
289,11.560000,-0.02450283244,0.02156375349,8.761882782e-06,-5.735084414e-06,-5.735084414e-06,1.358054578e-05,0,8.61e-11,4.9506e-06,0.08761524409,-0.05734799802,-0.02931138583,0.03023701196
290,11.600000,-0.03048862889,0.02147926856,8.761882782e-06,-5.735084414e-06,-5.735084414e-06,1.358054578e-05,0,8.61e-11,4.9506e-06,0.08761524409,-0.05734799802,-0.04233263999,0.0302261676
291,11.640000,-0.02758303285,0.02294576913,8.761882782e-06,-5.735084414e-06,-5.735084414e-06,1.358054578e-05,0,8.61e-11,4.9506e-06,0.08761524409,-0.05734799802,-0.04258893282,0.02980111198
292,11.680000,-0.01614502445,0.02313403971,8.761882782e-06,-5.735084414e-06,-5.735084414e-06,1.358054578e-05,0,8.61e-11,4.9506e-06,0.08761524409,-0.05734799802,-0.03407219342,0.02958607434
293,11.720000,-0.007551532239,0.02412207518,8.761882782e-06,-5.735084414e-06,-5.735084414e-06,1.358054578e-05,0,8.61e-11,4.9506e-06,0.08761524409,-0.05734799802,-0.02254425517,0.02955216414
294,11.760000,-0.004704143852,0.02524059825,8.761882782e-06,-5.735084414e-06,-5.735084414e-06,1.358054578e-05,0,8.61e-11,4.9506e-06,0.08761524409,-0.05734799802,-0.01457814033,0.02950159988
295,11.800000,-0.01287598535,0.02518240828,8.761882782e-06,-5.735084414e-06,-5.735084414e-06,1.358054578e-05,0,8.61e-11,4.9506e-06,0.08761524409,-0.05734799802,-0.01644160747,0.02954997236
296,11.840000,-0.03673049062,0.02426342387,8.761882782e-06,-5.735084414e-06,-5.735084414e-06,1.358054578e-05,0,8.61e-11,4.9506e-06,0.08761524409,-0.05734799802,-0.03301953214,0.02911632389
297,11.880000,-0.07684100792,0.0230356073,8.761882782e-06,-5.735084414e-06,-5.735084414e-06,1.358054578e-05,0,8.61e-11,4.9506e-06,0.08761524409,-0.05734799802,-0.06696541368,0.02863529395
298,11.920000,-0.134365499,0.02193931304,8.761882782e-06,-5.735084414e-06,-5.735084414e-06,1.358054578e-05,0,8.61e-11,4.9506e-06,0.08761524409,-0.05734799802,-0.1182319716,0.0300351655
299,11.960000,-0.2028771676,0.02065329067,8.761882782e-06,-5.735084414e-06,-5.735084414e-06,1.358054578e-05,0,8.61e-11,4.9506e-06,0.08761524409,-0.05734799802,-0.1840636256,0.03091364357
300,12.000000,-0.2778550871,0.01909573842,8.761882782e-06,-5.735084414e-06,-5.735084414e-06,1.358054578e-05,0,8.61e-11,4.9506e-06,0.08761524409,-0.05734799802,-0.2594516794,0.03059067201
301,12.040000,-0.3538989462,0.01827947889,8.761882782e-06,-5.735084414e-06,-5.735084414e-06,1.358054578e-05,0,8.61e-11,4.9506e-06,0.08761524409,-0.05734799802,-0.3379709358,0.03117445076
302,12.080000,-0.4232095703,0.01779196225,8.761882782e-06,-5.735084414e-06,-5.735084414e-06,1.358054578e-05,0,8.61e-11,4.9506e-06,0.08761524409,-0.05734799802,-0.4128489817,0.03065515673
303,12.120000,-0.4814454019,0.0174781708,8.761882782e-06,-5.735084414e-06,-5.735084414e-06,1.358054578e-05,0,8.61e-11,4.9506e-06,0.08761524409,-0.05734799802,-0.4780785662,0.0309646744
304,12.160000,-0.5257072002,0.01878954191,8.761882782e-06,-5.735084414e-06,-5.735084414e-06,1.358054578e-05,0,8.61e-11,4.9506e-06,0.08761524409,-0.05734799802,-0.5293766649,0.03134131066
305,12.200000,-0.5538291782,0.01927394141,8.761882782e-06,-5.735084414e-06,-5.735084414e-06,1.358054578e-05,0,8.61e-11,4.9506e-06,0.08761524409,-0.05734799802,-0.5648221487,0.03194916924
306,12.240000,-0.5674348436,0.02004902251,8.761882782e-06,-5.735084414e-06,-5.735084414e-06,1.358054578e-05,0,8.61e-11,4.9506e-06,0.08761524409,-0.05734799802,-0.5850623463,0.03139116936
307,12.280000,-0.5703020021,0.02062373701,8.761882782e-06,-5.735084414e-06,-5.735084414e-06,1.358054578e-05,0,8.61e-11,4.9506e-06,0.08761524409,-0.05734799802,-0.5930566684,0.03158347647
308,12.320000,-0.5701565631,0.02131709177,8.761882782e-06,-5.735084414e-06,-5.735084414e-06,1.358054578e-05,0,8.61e-11,4.9506e-06,0.08761524409,-0.05734799802,-0.5934088484,0.03142780178
309,12.360000,-0.5706611127,0.02267131116,8.761882782e-06,-5.735084414e-06,-5.735084414e-06,1.358054578e-05,0,8.61e-11,4.9506e-06,0.08761524409,-0.05734799802,-0.5914132307,0.03257702409
310,12.400000,-0.5765788518,0.02402540762,8.761882782e-06,-5.735084414e-06,-5.735084414e-06,1.358054578e-05,0,8.61e-11,4.9506e-06,0.08761524409,-0.05734799802,-0.5919916392,0.03301584738
311,12.440000,-0.5856841728,0.02355137002,8.761882782e-06,-5.735084414e-06,-5.735084414e-06,1.358054578e-05,0,8.61e-11,4.9506e-06,0.08761524409,-0.05734799802,-0.5987165039,0.03334274958
312,12.480000,-0.6061937325,0.02589038014,8.761882782e-06,-5.735084414e-06,-5.735084414e-06,1.358054578e-05,0,8.61e-11,4.9506e-06,0.08761524409,-0.05734799802,-0.6130996906,0.03292689027
313,12.520000,-0.6289125308,0.02625602856,8.761882782e-06,-5.735084414e-06,-5.735084414e-06,1.358054578e-05,0,8.61e-11,4.9506e-06,0.08761524409,-0.05734799802,-0.6342778212,0.03311156822
314,12.560000,-0.6539551541,0.02664586902,8.761882782e-06,-5.735084414e-06,-5.735084414e-06,1.358054578e-05,0,8.61e-11,4.9506e-06,0.08761524409,-0.05734799802,-0.6591525721,0.03355221506
315,12.600000,-0.6774946116,0.02776156645,8.761882782e-06,-5.735084414e-06,-5.735084414e-06,1.358054578e-05,0,8.61e-11,4.9506e-06,0.08761524409,-0.05734799802,-0.6829615416,0.03430578439
316,12.640000,-0.6899984479,0.02834551968,8.761882782e-06,-5.735084414e-06,-5.735084414e-06,1.358054578e-05,0,8.61e-11,4.9506e-06,0.08761524409,-0.05734799802,-0.7001767258,0.03437540946
317,12.680000,-0.6894313879,0.02968143579,8.761882782e-06,-5.735084414e-06,-5.735084414e-06,1.358054578e-05,0,8.61e-11,4.9506e-06,0.08761524409,-0.05734799802,-0.70556762,0.03428764653
318,12.720000,-0.6721437313,0.03097347636,8.761882782e-06,-5.735084414e-06,-5.735084414e-06,1.358054578e-05,0,8.61e-11,4.9506e-06,0.08761524409,-0.05734799802,-0.6952352961,0.0348902105
319,12.760000,-0.6404989623,0.03426756617,8.761882782e-06,-5.735084414e-06,-5.735084414e-06,1.358054578e-05,0,8.61e-11,4.9506e-06,0.08761524409,-0.05734799802,-0.6674280627,0.03536057005
320,12.800000,-0.592710942,0.03681574948,8.761882782e-06,-5.735084414e-06,-5.735084414e-06,1.358054578e-05,0,8.61e-11,4.9506e-06,0.08761524409,-0.05734799802,-0.6229877662,0.03483704875
321,12.840000,-0.5341825671,0.0392415626,8.761882782e-06,-5.735084414e-06,-5.735084414e-06,1.358054578e-05,0,8.61e-11,4.9506e-06,0.08761524409,-0.05734799802,-0.5653415589,0.03460214496
322,12.880000,-0.4707016498,0.04135456681,8.761882782e-06,-5.735084414e-06,-5.735084414e-06,1.358054578e-05,0,8.61e-11,4.9506e-06,0.08761524409,-0.05734799802,-0.5000352498,0.03471549617
323,12.920000,-0.4094775766,0.04328004923,8.761882782e-06,-5.735084414e-06,-5.735084414e-06,1.358054578e-05,0,8.61e-11,4.9506e-06,0.08761524409,-0.05734799802,-0.4338865651,0.03477970969
324,12.960000,-0.3557142019,0.0438630404,8.761882782e-06,-5.735084414e-06,-5.735084414e-06,1.358054578e-05,0,8.61e-11,4.9506e-06,0.08761524409,-0.05734799802,-0.3739050086,0.03518089902
325,13.000000,-0.3181994706,0.04502710886,8.761882782e-06,-5.735084414e-06,-5.735084414e-06,1.358054578e-05,0,8.61e-11,4.9506e-06,0.08761524409,-0.05734799802,-0.326167232,0.03503639356
326,13.040000,-0.2951589264,0.04487683158,8.761882782e-06,-5.735084414e-06,-5.735084414e-06,1.358054578e-05,0,8.61e-11,4.9506e-06,0.08761524409,-0.05734799802,-0.294845303,0.03450194897
327,13.080000,-0.2904461734,0.04443020187,8.761882782e-06,-5.735084414e-06,-5.735084414e-06,1.358054578e-05,0,8.61e-11,4.9506e-06,0.08761524409,-0.05734799802,-0.2815584481,0.03373199038
328,13.120000,-0.3011037596,0.04361603409,8.761882782e-06,-5.735084414e-06,-5.735084414e-06,1.358054578e-05,0,8.61e-11,4.9506e-06,0.08761524409,-0.05734799802,-0.2851615325,0.03330058573
329,13.160000,-0.3203129508,0.04166133329,8.761882782e-06,-5.735084414e-06,-5.735084414e-06,1.358054578e-05,0,8.61e-11,4.9506e-06,0.08761524409,-0.05734799802,-0.3020060028,0.03310752975
330,13.200000,-0.3455731533,0.04058715422,8.761882782e-06,-5.735084414e-06,-5.735084414e-06,1.358054578e-05,0,8.61e-11,4.9506e-06,0.08761524409,-0.05734799802,-0.3266251377,0.03350605292
331,13.240000,-0.3692388237,0.04055860266,8.761882782e-06,-5.735084414e-06,-5.735084414e-06,1.358054578e-05,0,8.61e-11,4.9506e-06,0.08761524409,-0.05734799802,-0.3527202821,0.03327777456
332,13.280000,-0.3869003654,0.03993822262,8.761882782e-06,-5.735084414e-06,-5.735084414e-06,1.358054578e-05,0,8.61e-11,4.9506e-06,0.08761524409,-0.05734799802,-0.3742717317,0.03255733537
333,13.320000,-0.3929921202,0.03955993615,8.761882782e-06,-5.735084414e-06,-5.735084414e-06,1.358054578e-05,0,8.61e-11,4.9506e-06,0.08761524409,-0.05734799802,-0.3865765781,0.03269332431
334,13.360000,-0.3868981749,0.03912002314,8.761882782e-06,-5.735084414e-06,-5.735084414e-06,1.358054578e-05,0,8.61e-11,4.9506e-06,0.08761524409,-0.05734799802,-0.387029914,0.03325334645
335,13.400000,-0.3714728728,0.03942805622,8.761882782e-06,-5.735084414e-06,-5.735084414e-06,1.358054578e-05,0,8.61e-11,4.9506e-06,0.08761524409,-0.05734799802,-0.375512755,0.03213568589
336,13.440000,-0.3495042026,0.0408547353,8.761882782e-06,-5.735084414e-06,-5.735084414e-06,1.358054578e-05,0,8.61e-11,4.9506e-06,0.08761524409,-0.05734799802,-0.3543213855,0.03336139258
337,13.480000,-0.3215452917,0.04065585416,8.761882782e-06,-5.735084414e-06,-5.735084414e-06,1.358054578e-05,0,8.61e-11,4.9506e-06,0.08761524409,-0.05734799802,-0.3276557245,0.03340741823
338,13.520000,-0.2982256599,0.0416216841,8.761882782e-06,-5.735084414e-06,-5.735084414e-06,1.358054578e-05,0,8.61e-11,4.9506e-06,0.08761524409,-0.05734799802,-0.3007638117,0.03288922145
339,13.560000,-0.2809706591,0.04160523415,8.761882782e-06,-5.735084414e-06,-5.735084414e-06,1.358054578e-05,0,8.61e-11,4.9506e-06,0.08761524409,-0.05734799802,-0.2789013319,0.03312100874
340,13.600000,-0.2728081606,0.04086945392,8.761882782e-06,-5.735084414e-06,-5.735084414e-06,1.358054578e-05,0,8.61e-11,4.9506e-06,0.08761524409,-0.05734799802,-0.2662981154,0.03390468812
341,13.640000,-0.2772013396,0.04032061808,8.761882782e-06,-5.735084414e-06,-5.735084414e-06,1.358054578e-05,0,8.61e-11,4.9506e-06,0.08761524409,-0.05734799802,-0.265321844,0.03394457545
342,13.680000,-0.2898032553,0.03849986475,8.761882782e-06,-5.735084414e-06,-5.735084414e-06,1.358054578e-05,0,8.61e-11,4.9506e-06,0.08761524409,-0.05734799802,-0.275993089,0.03285098323
343,13.720000,-0.3094647937,0.0366645027,8.761882782e-06,-5.735084414e-06,-5.735084414e-06,1.358054578e-05,0,8.61e-11,4.9506e-06,0.08761524409,-0.05734799802,-0.2959418265,0.03251236942
344,13.760000,-0.3350541368,0.03646397218,8.761882782e-06,-5.735084414e-06,-5.735084414e-06,1.358054578e-05,0,8.61e-11,4.9506e-06,0.08761524409,-0.05734799802,-0.3208152529,0.03221189246
345,13.800000,-0.3556643575,0.03521226533,8.761882782e-06,-5.735084414e-06,-5.735084414e-06,1.358054578e-05,0,8.61e-11,4.9506e-06,0.08761524409,-0.05734799802,-0.3450645499,0.03181031575
346,13.840000,-0.3694072217,0.03568547033,8.761882782e-06,-5.735084414e-06,-5.735084414e-06,1.358054578e-05,0,8.61e-11,4.9506e-06,0.08761524409,-0.05734799802,-0.3629690374,0.03171085733
347,13.880000,-0.3690384254,0.03500915505,8.761882782e-06,-5.735084414e-06,-5.735084414e-06,1.358054578e-05,0,8.61e-11,4.9506e-06,0.08761524409,-0.05734799802,-0.3697123944,0.03204409181
348,13.920000,-0.3565372042,0.03655646835,8.761882782e-06,-5.735084414e-06,-5.735084414e-06,1.358054578e-05,0,8.61e-11,4.9506e-06,0.08761524409,-0.05734799802,-0.3623152471,0.03219344243
349,13.960000,-0.3284888044,0.03721858095,8.761882782e-06,-5.735084414e-06,-5.735084414e-06,1.358054578e-05,0,8.61e-11,4.9506e-06,0.08761524409,-0.05734799802,-0.3402533161,0.0314787802
350,14.000000,-0.2917069606,0.03851756267,8.761882782e-06,-5.735084414e-06,-5.735084414e-06,1.358054578e-05,0,8.61e-11,4.9506e-06,0.08761524409,-0.05734799802,-0.3056460609,0.03182253713
351,14.040000,-0.2488348223,0.03937553521,8.761882782e-06,-5.735084414e-06,-5.735084414e-06,1.358054578e-05,0,8.61e-11,4.9506e-06,0.08761524409,-0.05734799802,-0.2629773657,0.03122163056
352,14.080000,-0.2072657533,0.04003623687,8.761882782e-06,-5.735084414e-06,-5.735084414e-06,1.358054578e-05,0,8.61e-11,4.9506e-06,0.08761524409,-0.05734799802,-0.2183935287,0.03158915382
353,14.120000,-0.1737509035,0.04075614177,8.761882782e-06,-5.735084414e-06,-5.735084414e-06,1.358054578e-05,0,8.61e-11,4.9506e-06,0.08761524409,-0.05734799802,-0.1786996197,0.0314484407
354,14.160000,-0.1542506665,0.04057671782,8.761882782e-06,-5.735084414e-06,-5.735084414e-06,1.358054578e-05,0,8.61e-11,4.9506e-06,0.08761524409,-0.05734799802,-0.150229537,0.03101708592
355,14.200000,-0.1473720185,0.03850308713,8.761882782e-06,-5.735084414e-06,-5.735084414e-06,1.358054578e-05,0,8.61e-11,4.9506e-06,0.08761524409,-0.05734799802,-0.1377880642,0.03061825032
356,14.240000,-0.1602365412,0.03666687105,8.761882782e-06,-5.735084414e-06,-5.735084414e-06,1.358054578e-05,0,8.61e-11,4.9506e-06,0.08761524409,-0.05734799802,-0.1438507667,0.03197121971
357,14.280000,-0.1912102662,0.03531143721,8.761882782e-06,-5.735084414e-06,-5.735084414e-06,1.358054578e-05,0,8.61e-11,4.9506e-06,0.08761524409,-0.05734799802,-0.1681618853,0.03217407196
358,14.320000,-0.2352232262,0.03432214819,8.761882782e-06,-5.735084414e-06,-5.735084414e-06,1.358054578e-05,0,8.61e-11,4.9506e-06,0.08761524409,-0.05734799802,-0.2077996821,0.03201195412
359,14.360000,-0.2843384929,0.03208566923,8.761882782e-06,-5.735084414e-06,-5.735084414e-06,1.358054578e-05,0,8.61e-11,4.9506e-06,0.08761524409,-0.05734799802,-0.2576956262,0.03216862791
360,14.400000,-0.3368868306,0.03130422346,8.761882782e-06,-5.735084414e-06,-5.735084414e-06,1.358054578e-05,0,8.61e-11,4.9506e-06,0.08761524409,-0.05734799802,-0.3115132836,0.03226446889
361,14.440000,-0.3812915124,0.02958499454,8.761882782e-06,-5.735084414e-06,-5.735084414e-06,1.358054578e-05,0,8.61e-11,4.9506e-06,0.08761524409,-0.05734799802,-0.3627292172,0.03331318869
362,14.480000,-0.4192773812,0.0297227893,8.761882782e-06,-5.735084414e-06,-5.735084414e-06,1.358054578e-05,0,8.61e-11,4.9506e-06,0.08761524409,-0.05734799802,-0.4057229964,0.03377932561
363,14.520000,-0.4434509277,0.02986023668,8.761882782e-06,-5.735084414e-06,-5.735084414e-06,1.358054578e-05,0,8.61e-11,4.9506e-06,0.08761524409,-0.05734799802,-0.4366828319,0.03318287089
364,14.560000,-0.4548138082,0.03030328732,8.761882782e-06,-5.735084414e-06,-5.735084414e-06,1.358054578e-05,0,8.61e-11,4.9506e-06,0.08761524409,-0.05734799802,-0.4541674625,0.03261337838
365,14.600000,-0.4544662274,0.03004518151,8.761882782e-06,-5.735084414e-06,-5.735084414e-06,1.358054578e-05,0,8.61e-11,4.9506e-06,0.08761524409,-0.05734799802,-0.4592275436,0.03214644897
366,14.640000,-0.4469906501,0.03086400311,8.761882782e-06,-5.735084414e-06,-5.735084414e-06,1.358054578e-05,0,8.61e-11,4.9506e-06,0.08761524409,-0.05734799802,-0.4550696263,0.03227011583
367,14.680000,-0.4401121736,0.03264784627,8.761882782e-06,-5.735084414e-06,-5.735084414e-06,1.358054578e-05,0,8.61e-11,4.9506e-06,0.08761524409,-0.05734799802,-0.4463284993,0.0316383909
368,14.720000,-0.434985403,0.03270966746,8.761882782e-06,-5.735084414e-06,-5.735084414e-06,1.358054578e-05,0,8.61e-11,4.9506e-06,0.08761524409,-0.05734799802,-0.4380842937,0.03173588786
369,14.760000,-0.436537426,0.03334375191,8.761882782e-06,-5.735084414e-06,-5.735084414e-06,1.358054578e-05,0,8.61e-11,4.9506e-06,0.08761524409,-0.05734799802,-0.4348066294,0.03143212512
370,14.800000,-0.4451298974,0.03371536639,8.761882782e-06,-5.735084414e-06,-5.735084414e-06,1.358054578e-05,0,8.61e-11,4.9506e-06,0.08761524409,-0.05734799802,-0.4394209523,0.03232724897
371,14.840000,-0.463068258,0.03404795378,8.761882782e-06,-5.735084414e-06,-5.735084414e-06,1.358054578e-05,0,8.61e-11,4.9506e-06,0.08761524409,-0.05734799802,-0.452669775,0.03231389874
372,14.880000,-0.4848307967,0.03351418581,8.761882782e-06,-5.735084414e-06,-5.735084414e-06,1.358054578e-05,0,8.61e-11,4.9506e-06,0.08761524409,-0.05734799802,-0.472887845,0.03320181907
373,14.920000,-0.5073896162,0.03294045385,8.761882782e-06,-5.735084414e-06,-5.735084414e-06,1.358054578e-05,0,8.61e-11,4.9506e-06,0.08761524409,-0.05734799802,-0.4962349988,0.0323820199
374,14.960000,-0.5250281394,0.03249286581,8.761882782e-06,-5.735084414e-06,-5.735084414e-06,1.358054578e-05,0,8.61e-11,4.9506e-06,0.08761524409,-0.05734799802,-0.5173471916,0.0317173588
375,15.000000,-0.5319751389,0.03219300695,8.761882782e-06,-5.735084414e-06,-5.735084414e-06,1.358054578e-05,0,8.61e-11,4.9506e-06,0.08761524409,-0.05734799802,-0.5302899297,0.03088200781
376,15.040000,-0.5235698931,0.03327378444,8.761882782e-06,-5.735084414e-06,-5.735084414e-06,1.358054578e-05,0,8.61e-11,4.9506e-06,0.08761524409,-0.05734799802,-0.5296428337,0.03153937466
377,15.080000,-0.4974453375,0.03412298206,8.761882782e-06,-5.735084414e-06,-5.735084414e-06,1.358054578e-05,0,8.61e-11,4.9506e-06,0.08761524409,-0.05734799802,-0.5115193528,0.03197009263
378,15.120000,-0.4519197941,0.03482904658,8.761882782e-06,-5.735084414e-06,-5.735084414e-06,1.358054578e-05,0,8.61e-11,4.9506e-06,0.08761524409,-0.05734799802,-0.4743362216,0.03197454993
379,15.160000,-0.3939242847,0.03806647379,8.761882782e-06,-5.735084414e-06,-5.735084414e-06,1.358054578e-05,0,8.61e-11,4.9506e-06,0.08761524409,-0.05734799802,-0.4191912504,0.03247902732
380,15.200000,-0.3206919916,0.0400341386,8.761882782e-06,-5.735084414e-06,-5.735084414e-06,1.358054578e-05,0,8.61e-11,4.9506e-06,0.08761524409,-0.05734799802,-0.3497775943,0.03170292494
381,15.240000,-0.2429484054,0.04155507497,8.761882782e-06,-5.735084414e-06,-5.735084414e-06,1.358054578e-05,0,8.61e-11,4.9506e-06,0.08761524409,-0.05734799802,-0.2718452942,0.03202257477
382,15.280000,-0.1675848141,0.04330410995,8.761882782e-06,-5.735084414e-06,-5.735084414e-06,1.358054578e-05,0,8.61e-11,4.9506e-06,0.08761524409,-0.05734799802,-0.1923017835,0.03242650813
383,15.320000,-0.09976093844,0.04354258161,8.761882782e-06,-5.735084414e-06,-5.735084414e-06,1.358054578e-05,0,8.61e-11,4.9506e-06,0.08761524409,-0.05734799802,-0.1181076964,0.03232864835
384,15.360000,-0.046317067,0.04471478332,8.761882782e-06,-5.735084414e-06,-5.735084414e-06,1.358054578e-05,0,8.61e-11,4.9506e-06,0.08761524409,-0.05734799802,-0.05516107297,0.03236033449
385,15.400000,-0.008622057736,0.04525584914,8.761882782e-06,-5.735084414e-06,-5.735084414e-06,1.358054578e-05,0,8.61e-11,4.9506e-06,0.08761524409,-0.05734799802,-0.007365334784,0.0328693071
386,15.440000,0.01703174412,0.0438655233,8.761882782e-06,-5.735084414e-06,-5.735084414e-06,1.358054578e-05,0,8.61e-11,4.9506e-06,0.08761524409,-0.05734799802,0.02395622309,0.03400008821
387,15.480000,0.02768271044,0.04266229458,8.761882782e-06,-5.735084414e-06,-5.735084414e-06,1.358054578e-05,0,8.61e-11,4.9506e-06,0.08761524409,-0.05734799802,0.04019835857,0.03345761224
388,15.520000,0.0297472626,0.04218173865,8.761882782e-06,-5.735084414e-06,-5.735084414e-06,1.358054578e-05,0,8.61e-11,4.9506e-06,0.08761524409,-0.05734799802,0.04514284135,0.03499460162
389,15.560000,0.027265843,0.04199907184,8.761882782e-06,-5.735084414e-06,-5.735084414e-06,1.358054578e-05,0,8.61e-11,4.9506e-06,0.08761524409,-0.05734799802,0.04422043764,0.03413567645
390,15.600000,0.02838404104,0.0414489517,8.761882782e-06,-5.735084414e-06,-5.735084414e-06,1.358054578e-05,0,8.61e-11,4.9506e-06,0.08761524409,-0.05734799802,0.04350005081,0.03474815067
391,15.640000,0.04039703682,0.04005767964,8.761882782e-06,-5.735084414e-06,-5.735084414e-06,1.358054578e-05,0,8.61e-11,4.9506e-06,0.08761524409,-0.05734799802,0.04858711403,0.03397953504
392,15.680000,0.05989105999,0.04063391779,8.761882782e-06,-5.735084414e-06,-5.735084414e-06,1.358054578e-05,0,8.61e-11,4.9506e-06,0.08761524409,-0.05734799802,0.0636285522,0.03455200478
393,15.720000,0.09082756191,0.04135128763,8.761882782e-06,-5.735084414e-06,-5.735084414e-06,1.358054578e-05,0,8.61e-11,4.9506e-06,0.08761524409,-0.05734799802,0.09060141783,0.03426137196
394,15.760000,0.1334999017,0.04110791907,8.761882782e-06,-5.735084414e-06,-5.735084414e-06,1.358054578e-05,0,8.61e-11,4.9506e-06,0.08761524409,-0.05734799802,0.1290103384,0.03479542403
395,15.800000,0.1821047403,0.04155952483,8.761882782e-06,-5.735084414e-06,-5.735084414e-06,1.358054578e-05,0,8.61e-11,4.9506e-06,0.08761524409,-0.05734799802,0.1760445781,0.03507470518
396,15.840000,0.232337825,0.04198942054,8.761882782e-06,-5.735084414e-06,-5.735084414e-06,1.358054578e-05,0,8.61e-11,4.9506e-06,0.08761524409,-0.05734799802,0.2271622124,0.03553786617
397,15.880000,0.2797436379,0.04195602238,8.761882782e-06,-5.735084414e-06,-5.735084414e-06,1.358054578e-05,0,8.61e-11,4.9506e-06,0.08761524409,-0.05734799802,0.2769916512,0.03687336712
398,15.920000,0.3176553957,0.04180391785,8.761882782e-06,-5.735084414e-06,-5.735084414e-06,1.358054578e-05,0,8.61e-11,4.9506e-06,0.08761524409,-0.05734799802,0.3203834305,0.03710209357
399,15.960000,0.3453820348,0.04159881733,8.761882782e-06,-5.735084414e-06,-5.735084414e-06,1.358054578e-05,0,8.61e-11,4.9506e-06,0.08761524409,-0.05734799802,0.3534181451,0.03795496846
400,16.000000,0.3609753288,0.04092059564,8.761882782e-06,-5.735084414e-06,-5.735084414e-06,1.358054578e-05,0,8.61e-11,4.9506e-06,0.08761524409,-0.05734799802,0.3741844749,0.03717560005
401,16.040000,0.3665932231,0.03972280584,8.761882782e-06,-5.735084414e-06,-5.735084414e-06,1.358054578e-05,0,8.61e-11,4.9506e-06,0.08761524409,-0.05734799802,0.3831830122,0.03782286405
402,16.080000,0.3660207167,0.03851655126,8.761882782e-06,-5.735084414e-06,-5.735084414e-06,1.358054578e-05,0,8.61e-11,4.9506e-06,0.08761524409,-0.05734799802,0.3832794841,0.03842449071
403,16.120000,0.3621874191,0.03854311164,8.761882782e-06,-5.735084414e-06,-5.735084414e-06,1.358054578e-05,0,8.61e-11,4.9506e-06,0.08761524409,-0.05734799802,0.3792127769,0.03919445212
404,16.160000,0.3663045652,0.03600141499,8.761882782e-06,-5.735084414e-06,-5.735084414e-06,1.358054578e-05,0,8.61e-11,4.9506e-06,0.08761524409,-0.05734799802,0.3767441339,0.0397829368
405,16.200000,0.3795531727,0.03461603727,8.761882782e-06,-5.735084414e-06,-5.735084414e-06,1.358054578e-05,0,8.61e-11,4.9506e-06,0.08761524409,-0.05734799802,0.3815994448,0.03935358071
406,16.240000,0.4050099179,0.03400200605,8.761882782e-06,-5.735084414e-06,-5.735084414e-06,1.358054578e-05,0,8.61e-11,4.9506e-06,0.08761524409,-0.05734799802,0.3983948251,0.03897927346
407,16.280000,0.4429902025,0.03407706693,8.761882782e-06,-5.735084414e-06,-5.735084414e-06,1.358054578e-05,0,8.61e-11,4.9506e-06,0.08761524409,-0.05734799802,0.4297397744,0.0377530654
408,16.320000,0.4950261526,0.0351957446,8.761882782e-06,-5.735084414e-06,-5.735084414e-06,1.358054578e-05,0,8.61e-11,4.9506e-06,0.08761524409,-0.05734799802,0.4756813248,0.03725251599
409,16.360000,0.5559102967,0.03611585405,8.761882782e-06,-5.735084414e-06,-5.735084414e-06,1.358054578e-05,0,8.61e-11,4.9506e-06,0.08761524409,-0.05734799802,0.5335922372,0.03799815489
410,16.400000,0.6207651459,0.03760997579,8.761882782e-06,-5.735084414e-06,-5.735084414e-06,1.358054578e-05,0,8.61e-11,4.9506e-06,0.08761524409,-0.05734799802,0.5985273001,0.03829601093
411,16.440000,0.6836839356,0.03792653698,8.761882782e-06,-5.735084414e-06,-5.735084414e-06,1.358054578e-05,0,8.61e-11,4.9506e-06,0.08761524409,-0.05734799802,0.66398828,0.03787601525
412,16.480000,0.7356619276,0.03907130193,8.761882782e-06,-5.735084414e-06,-5.735084414e-06,1.358054578e-05,0,8.61e-11,4.9506e-06,0.08761524409,-0.05734799802,0.7229650676,0.03742299235
413,16.520000,0.7731467076,0.03918377217,8.761882782e-06,-5.735084414e-06,-5.735084414e-06,1.358054578e-05,0,8.61e-11,4.9506e-06,0.08761524409,-0.05734799802,0.7690711486,0.03768774881
414,16.560000,0.793501094,0.03848413564,8.761882782e-06,-5.735084414e-06,-5.735084414e-06,1.358054578e-05,0,8.61e-11,4.9506e-06,0.08761524409,-0.05734799802,0.7975745848,0.03800987326
415,16.600000,0.7941271812,0.03712343052,8.761882782e-06,-5.735084414e-06,-5.735084414e-06,1.358054578e-05,0,8.61e-11,4.9506e-06,0.08761524409,-0.05734799802,0.8061442621,0.03913988916
416,16.640000,0.7740754411,0.03682261519,8.761882782e-06,-5.735084414e-06,-5.735084414e-06,1.358054578e-05,0,8.61e-11,4.9506e-06,0.08761524409,-0.05734799802,0.7951819104,0.03832684138
417,16.680000,0.7412606366,0.03597625345,8.761882782e-06,-5.735084414e-06,-5.735084414e-06,1.358054578e-05,0,8.61e-11,4.9506e-06,0.08761524409,-0.05734799802,0.7676842357,0.03765086135
418,16.720000,0.7009385265,0.03431900125,8.761882782e-06,-5.735084414e-06,-5.735084414e-06,1.358054578e-05,0,8.61e-11,4.9506e-06,0.08761524409,-0.05734799802,0.7286631573,0.03867364976
419,16.760000,0.6576444507,0.03335719649,8.761882782e-06,-5.735084414e-06,-5.735084414e-06,1.358054578e-05,0,8.61e-11,4.9506e-06,0.08761524409,-0.05734799802,0.684230633,0.03909390542
420,16.800000,0.6200121008,0.03032274637,8.761882782e-06,-5.735084414e-06,-5.735084414e-06,1.358054578e-05,0,8.61e-11,4.9506e-06,0.08761524409,-0.05734799802,0.6405137861,0.03807853498
421,16.840000,0.5889951997,0.02884125523,8.761882782e-06,-5.735084414e-06,-5.735084414e-06,1.358054578e-05,0,8.61e-11,4.9506e-06,0.08761524409,-0.05734799802,0.6025954402,0.0370676419
422,16.880000,0.5661895163,0.02883375529,8.761882782e-06,-5.735084414e-06,-5.735084414e-06,1.358054578e-05,0,8.61e-11,4.9506e-06,0.08761524409,-0.05734799802,0.5736694649,0.03708430165
423,16.920000,0.5513346083,0.02929334436,8.761882782e-06,-5.735084414e-06,-5.735084414e-06,1.358054578e-05,0,8.61e-11,4.9506e-06,0.08761524409,-0.05734799802,0.5545606267,0.03646970818
424,16.960000,0.5438858308,0.02966340911,8.761882782e-06,-5.735084414e-06,-5.735084414e-06,1.358054578e-05,0,8.61e-11,4.9506e-06,0.08761524409,-0.05734799802,0.5436920976,0.03737974508
425,17.000000,0.5365401916,0.03060602583,8.761882782e-06,-5.735084414e-06,-5.735084414e-06,1.358054578e-05,0,8.61e-11,4.9506e-06,0.08761524409,-0.05734799802,0.5375024163,0.03808604639
426,17.040000,0.5291109979,0.03030219488,8.761882782e-06,-5.735084414e-06,-5.735084414e-06,1.358054578e-05,0,8.61e-11,4.9506e-06,0.08761524409,-0.05734799802,0.5312321812,0.03851669358
427,17.080000,0.5134795308,0.03041344788,8.761882782e-06,-5.735084414e-06,-5.735084414e-06,1.358054578e-05,0,8.61e-11,4.9506e-06,0.08761524409,-0.05734799802,0.5199337679,0.03876824594
428,17.120000,0.4893688001,0.0294866059,8.761882782e-06,-5.735084414e-06,-5.735084414e-06,1.358054578e-05,0,8.61e-11,4.9506e-06,0.08761524409,-0.05734799802,0.4995169745,0.03874884016
429,17.160000,0.4529328682,0.02857802343,8.761882782e-06,-5.735084414e-06,-5.735084414e-06,1.358054578e-05,0,8.61e-11,4.9506e-06,0.08761524409,-0.05734799802,0.4676369753,0.03901473343
430,17.200000,0.4075731635,0.02700511273,8.761882782e-06,-5.735084414e-06,-5.735084414e-06,1.358054578e-05,0,8.61e-11,4.9506e-06,0.08761524409,-0.05734799802,0.4242594871,0.03953924083
431,17.240000,0.3547897078,0.0253756009,8.761882782e-06,-5.735084414e-06,-5.735084414e-06,1.358054578e-05,0,8.61e-11,4.9506e-06,0.08761524409,-0.05734799802,0.3717964827,0.03949871921
432,17.280000,0.2996950895,0.02396990359,8.761882782e-06,-5.735084414e-06,-5.735084414e-06,1.358054578e-05,0,8.61e-11,4.9506e-06,0.08761524409,-0.05734799802,0.3147836032,0.03894536956
433,17.320000,0.2500508055,0.02261631005,8.761882782e-06,-5.735084414e-06,-5.735084414e-06,1.358054578e-05,0,8.61e-11,4.9506e-06,0.08761524409,-0.05734799802,0.2591536082,0.03888033001
434,17.360000,0.2079322003,0.02320508193,8.761882782e-06,-5.735084414e-06,-5.735084414e-06,1.358054578e-05,0,8.61e-11,4.9506e-06,0.08761524409,-0.05734799802,0.2112337665,0.03807011996
435,17.400000,0.1812779568,0.02362807654,8.761882782e-06,-5.735084414e-06,-5.735084414e-06,1.358054578e-05,0,8.61e-11,4.9506e-06,0.08761524409,-0.05734799802,0.1766457691,0.03893064862
436,17.440000,0.1733858138,0.02368540224,8.761882782e-06,-5.735084414e-06,-5.735084414e-06,1.358054578e-05,0,8.61e-11,4.9506e-06,0.08761524409,-0.05734799802,0.1593053817,0.03959460619
437,17.480000,0.1817598827,0.02512927353,8.761882782e-06,-5.735084414e-06,-5.735084414e-06,1.358054578e-05,0,8.61e-11,4.9506e-06,0.08761524409,-0.05734799802,0.1607022435,0.03944484581
438,17.520000,0.2091090679,0.02551263943,8.761882782e-06,-5.735084414e-06,-5.735084414e-06,1.358054578e-05,0,8.61e-11,4.9506e-06,0.08761524409,-0.05734799802,0.1795909467,0.03956557761
439,17.560000,0.2455682978,0.02676574513,8.761882782e-06,-5.735084414e-06,-5.735084414e-06,1.358054578e-05,0,8.61e-11,4.9506e-06,0.08761524409,-0.05734799802,0.2121515981,0.03950255404
440,17.600000,0.2861826606,0.02802845091,8.761882782e-06,-5.735084414e-06,-5.735084414e-06,1.358054578e-05,0,8.61e-11,4.9506e-06,0.08761524409,-0.05734799802,0.2525945454,0.03902875588
441,17.640000,0.3248779997,0.02950588707,8.761882782e-06,-5.735084414e-06,-5.735084414e-06,1.358054578e-05,0,8.61e-11,4.9506e-06,0.08761524409,-0.05734799802,0.2941048261,0.03929750004
442,17.680000,0.3541759886,0.03132007085,8.761882782e-06,-5.735084414e-06,-5.735084414e-06,1.358054578e-05,0,8.61e-11,4.9506e-06,0.08761524409,-0.05734799802,0.3299613512,0.03917244591
443,17.720000,0.3700872064,0.03250002582,8.761882782e-06,-5.735084414e-06,-5.735084414e-06,1.358054578e-05,0,8.61e-11,4.9506e-06,0.08761524409,-0.05734799802,0.3546347487,0.03841032156
444,17.760000,0.3714883029,0.03297215886,8.761882782e-06,-5.735084414e-06,-5.735084414e-06,1.358054578e-05,0,8.61e-11,4.9506e-06,0.08761524409,-0.05734799802,0.3646717186,0.03875867928
445,17.800000,0.3614730164,0.03157647606,8.761882782e-06,-5.735084414e-06,-5.735084414e-06,1.358054578e-05,0,8.61e-11,4.9506e-06,0.08761524409,-0.05734799802,0.3592120028,0.03870261315
446,17.840000,0.3384573087,0.03030729759,8.761882782e-06,-5.735084414e-06,-5.735084414e-06,1.358054578e-05,0,8.61e-11,4.9506e-06,0.08761524409,-0.05734799802,0.3400497638,0.0394275885
447,17.880000,0.3088894896,0.02920069359,8.761882782e-06,-5.735084414e-06,-5.735084414e-06,1.358054578e-05,0,8.61e-11,4.9506e-06,0.08761524409,-0.05734799802,0.3112325102,0.03911341141
448,17.920000,0.2758698054,0.02862229384,8.761882782e-06,-5.735084414e-06,-5.735084414e-06,1.358054578e-05,0,8.61e-11,4.9506e-06,0.08761524409,-0.05734799802,0.2782731047,0.03811799996
449,17.960000,0.2477843724,0.02850872185,8.761882782e-06,-5.735084414e-06,-5.735084414e-06,1.358054578e-05,0,8.61e-11,4.9506e-06,0.08761524409,-0.05734799802,0.2471190536,0.0374927183
450,18.000000,0.2281206399,0.02870137524,8.761882782e-06,-5.735084414e-06,-5.735084414e-06,1.358054578e-05,0,8.61e-11,4.9506e-06,0.08761524409,-0.05734799802,0.2230659149,0.03691012276
451,18.040000,0.2207599729,0.02910090145,8.761882782e-06,-5.735084414e-06,-5.735084414e-06,1.358054578e-05,0,8.61e-11,4.9506e-06,0.08761524409,-0.05734799802,0.2098106359,0.03746927909
452,18.080000,0.2239031494,0.02996008284,8.761882782e-06,-5.735084414e-06,-5.735084414e-06,1.358054578e-05,0,8.61e-11,4.9506e-06,0.08761524409,-0.05734799802,0.2088143913,0.03843737494
453,18.120000,0.2399023771,0.03005872946,8.761882782e-06,-5.735084414e-06,-5.735084414e-06,1.358054578e-05,0,8.61e-11,4.9506e-06,0.08761524409,-0.05734799802,0.2190877912,0.03805345577
454,18.160000,0.2593526244,0.03146320768,8.761882782e-06,-5.735084414e-06,-5.735084414e-06,1.358054578e-05,0,8.61e-11,4.9506e-06,0.08761524409,-0.05734799802,0.2374344186,0.03832061673
455,18.200000,0.2790727131,0.03270141874,8.761882782e-06,-5.735084414e-06,-5.735084414e-06,1.358054578e-05,0,8.61e-11,4.9506e-06,0.08761524409,-0.05734799802,0.2591053933,0.03858739265
456,18.240000,0.2953734398,0.03358811513,8.761882782e-06,-5.735084414e-06,-5.735084414e-06,1.358054578e-05,0,8.61e-11,4.9506e-06,0.08761524409,-0.05734799802,0.2787430694,0.0385350063
457,18.280000,0.3011407629,0.03509085998,8.761882782e-06,-5.735084414e-06,-5.735084414e-06,1.358054578e-05,0,8.61e-11,4.9506e-06,0.08761524409,-0.05734799802,0.2914394802,0.03811652546
458,18.320000,0.298502367,0.03463191353,8.761882782e-06,-5.735084414e-06,-5.735084414e-06,1.358054578e-05,0,8.61e-11,4.9506e-06,0.08761524409,-0.05734799802,0.2937142207,0.03899516075
459,18.360000,0.2837579027,0.03426451422,8.761882782e-06,-5.735084414e-06,-5.735084414e-06,1.358054578e-05,0,8.61e-11,4.9506e-06,0.08761524409,-0.05734799802,0.2842308734,0.0385949996
460,18.400000,0.2595471144,0.03427185025,8.761882782e-06,-5.735084414e-06,-5.735084414e-06,1.358054578e-05,0,8.61e-11,4.9506e-06,0.08761524409,-0.05734799802,0.2641182489,0.03749392325
461,18.440000,0.2313093133,0.03327124845,8.761882782e-06,-5.735084414e-06,-5.735084414e-06,1.358054578e-05,0,8.61e-11,4.9506e-06,0.08761524409,-0.05734799802,0.2368341455,0.03727555211
462,18.480000,0.2036832236,0.03273949493,8.761882782e-06,-5.735084414e-06,-5.735084414e-06,1.358054578e-05,0,8.61e-11,4.9506e-06,0.08761524409,-0.05734799802,0.2075921714,0.0373618021
463,18.520000,0.181165684,0.03390983958,8.761882782e-06,-5.735084414e-06,-5.735084414e-06,1.358054578e-05,0,8.61e-11,4.9506e-06,0.08761524409,-0.05734799802,0.1824515005,0.0373475934
464,18.560000,0.1729516722,0.03428430576,8.761882782e-06,-5.735084414e-06,-5.735084414e-06,1.358054578e-05,0,8.61e-11,4.9506e-06,0.08761524409,-0.05734799802,0.1672309481,0.03707995154
465,18.600000,0.1788841598,0.03524924256,8.761882782e-06,-5.735084414e-06,-5.735084414e-06,1.358054578e-05,0,8.61e-11,4.9506e-06,0.08761524409,-0.05734799802,0.1664413708,0.03664117548
466,18.640000,0.2024859786,0.03561108932,8.761882782e-06,-5.735084414e-06,-5.735084414e-06,1.358054578e-05,0,8.61e-11,4.9506e-06,0.08761524409,-0.05734799802,0.182428185,0.03712613876
467,18.680000,0.2396099083,0.03737292532,8.761882782e-06,-5.735084414e-06,-5.735084414e-06,1.358054578e-05,0,8.61e-11,4.9506e-06,0.08761524409,-0.05734799802,0.214879132,0.03741255375
468,18.720000,0.2880697995,0.03866822086,8.761882782e-06,-5.735084414e-06,-5.735084414e-06,1.358054578e-05,0,8.61e-11,4.9506e-06,0.08761524409,-0.05734799802,0.2607878256,0.03653739782
469,18.760000,0.3413376883,0.04060805868,8.761882782e-06,-5.735084414e-06,-5.735084414e-06,1.358054578e-05,0,8.61e-11,4.9506e-06,0.08761524409,-0.05734799802,0.3148826676,0.03691515299
470,18.800000,0.3915660083,0.04348325077,8.761882782e-06,-5.735084414e-06,-5.735084414e-06,1.358054578e-05,0,8.61e-11,4.9506e-06,0.08761524409,-0.05734799802,0.3704479279,0.03799510961
471,18.840000,0.4358737841,0.04432451446,8.761882782e-06,-5.735084414e-06,-5.735084414e-06,1.358054578e-05,0,8.61e-11,4.9506e-06,0.08761524409,-0.05734799802,0.4203939887,0.03715389057
472,18.880000,0.4658266492,0.04469917063,8.761882782e-06,-5.735084414e-06,-5.735084414e-06,1.358054578e-05,0,8.61e-11,4.9506e-06,0.08761524409,-0.05734799802,0.4583894799,0.03805608763
473,18.920000,0.4764768742,0.04532752279,8.761882782e-06,-5.735084414e-06,-5.735084414e-06,1.358054578e-05,0,8.61e-11,4.9506e-06,0.08761524409,-0.05734799802,0.4798572117,0.03802670833
474,18.960000,0.4706480168,0.04505858757,8.761882782e-06,-5.735084414e-06,-5.735084414e-06,1.358054578e-05,0,8.61e-11,4.9506e-06,0.08761524409,-0.05734799802,0.4826603762,0.03747025068
475,19.000000,0.4485522732,0.04389412329,8.761882782e-06,-5.735084414e-06,-5.735084414e-06,1.358054578e-05,0,8.61e-11,4.9506e-06,0.08761524409,-0.05734799802,0.4673610178,0.03746537822
476,19.040000,0.4138413928,0.04239904508,8.761882782e-06,-5.735084414e-06,-5.735084414e-06,1.358054578e-05,0,8.61e-11,4.9506e-06,0.08761524409,-0.05734799802,0.4370092939,0.03720382013
477,19.080000,0.3740412332,0.03999093361,8.761882782e-06,-5.735084414e-06,-5.735084414e-06,1.358054578e-05,0,8.61e-11,4.9506e-06,0.08761524409,-0.05734799802,0.3965058089,0.03747774899
478,19.120000,0.3288383856,0.03967592213,8.761882782e-06,-5.735084414e-06,-5.735084414e-06,1.358054578e-05,0,8.61e-11,4.9506e-06,0.08761524409,-0.05734799802,0.3516552812,0.03625613779
479,19.160000,0.2900612056,0.03814558685,8.761882782e-06,-5.735084414e-06,-5.735084414e-06,1.358054578e-05,0,8.61e-11,4.9506e-06,0.08761524409,-0.05734799802,0.3080843636,0.03641585024
480,19.200000,0.255414851,0.03823814262,8.761882782e-06,-5.735084414e-06,-5.735084414e-06,1.358054578e-05,0,8.61e-11,4.9506e-06,0.08761524409,-0.05734799802,0.270219812,0.03553867649
481,19.240000,0.2303420231,0.03761221748,8.761882782e-06,-5.735084414e-06,-5.735084414e-06,1.358054578e-05,0,8.61e-11,4.9506e-06,0.08761524409,-0.05734799802,0.2405112314,0.03611990632
482,19.280000,0.2130517699,0.03707665671,8.761882782e-06,-5.735084414e-06,-5.735084414e-06,1.358054578e-05,0,8.61e-11,4.9506e-06,0.08761524409,-0.05734799802,0.2190375143,0.03611393745
483,19.320000,0.199767001,0.03645790834,8.761882782e-06,-5.735084414e-06,-5.735084414e-06,1.358054578e-05,0,8.61e-11,4.9506e-06,0.08761524409,-0.05734799802,0.2035659933,0.03518403447
484,19.360000,0.186417792,0.03600908536,8.761882782e-06,-5.735084414e-06,-5.735084414e-06,1.358054578e-05,0,8.61e-11,4.9506e-06,0.08761524409,-0.05734799802,0.1900508945,0.03466869182
485,19.400000,0.1673966162,0.03551555332,8.761882782e-06,-5.735084414e-06,-5.735084414e-06,1.358054578e-05,0,8.61e-11,4.9506e-06,0.08761524409,-0.05734799802,0.1734777783,0.03491494204
486,19.440000,0.1401409879,0.03342301399,8.761882782e-06,-5.735084414e-06,-5.735084414e-06,1.358054578e-05,0,8.61e-11,4.9506e-06,0.08761524409,-0.05734799802,0.1488976854,0.03619701634
487,19.480000,0.09883519635,0.03247922007,8.761882782e-06,-5.735084414e-06,-5.735084414e-06,1.358054578e-05,0,8.61e-11,4.9506e-06,0.08761524409,-0.05734799802,0.1124600211,0.03637276485
488,19.520000,0.04275120795,0.03211613744,8.761882782e-06,-5.735084414e-06,-5.735084414e-06,1.358054578e-05,0,8.61e-11,4.9506e-06,0.08761524409,-0.05734799802,0.06225308049,0.03622698525
489,19.560000,-0.02240518108,0.03056676779,8.761882782e-06,-5.735084414e-06,-5.735084414e-06,1.358054578e-05,0,8.61e-11,4.9506e-06,0.08761524409,-0.05734799802,-0.001204437678,0.0366918419
490,19.600000,-0.09540540725,0.02881563921,8.761882782e-06,-5.735084414e-06,-5.735084414e-06,1.358054578e-05,0,8.61e-11,4.9506e-06,0.08761524409,-0.05734799802,-0.07491472943,0.036353276
491,19.640000,-0.1724467427,0.0275560664,8.761882782e-06,-5.735084414e-06,-5.735084414e-06,1.358054578e-05,0,8.61e-11,4.9506e-06,0.08761524409,-0.05734799802,-0.1538088594,0.03604156855
492,19.680000,-0.2452290989,0.02676129434,8.761882782e-06,-5.735084414e-06,-5.735084414e-06,1.358054578e-05,0,8.61e-11,4.9506e-06,0.08761524409,-0.05734799802,-0.2315426269,0.03562767032
493,19.720000,-0.3084277473,0.02652543038,8.761882782e-06,-5.735084414e-06,-5.735084414e-06,1.358054578e-05,0,8.61e-11,4.9506e-06,0.08761524409,-0.05734799802,-0.3015410724,0.03610415929
494,19.760000,-0.3583009355,0.02758368012,8.761882782e-06,-5.735084414e-06,-5.735084414e-06,1.358054578e-05,0,8.61e-11,4.9506e-06,0.08761524409,-0.05734799802,-0.3581067831,0.035779506
495,19.800000,-0.3886516429,0.02815345023,8.761882782e-06,-5.735084414e-06,-5.735084414e-06,1.358054578e-05,0,8.61e-11,4.9506e-06,0.08761524409,-0.05734799802,-0.3973946799,0.03627161551
496,19.840000,-0.4017198309,0.02940550633,8.761882782e-06,-5.735084414e-06,-5.735084414e-06,1.358054578e-05,0,8.61e-11,4.9506e-06,0.08761524409,-0.05734799802,-0.4180788935,0.03703758722
497,19.880000,-0.4024526998,0.03231905214,8.761882782e-06,-5.735084414e-06,-5.735084414e-06,1.358054578e-05,0,8.61e-11,4.9506e-06,0.08761524409,-0.05734799802,-0.4215915893,0.0371765499
498,19.920000,-0.3912451044,0.03478765208,8.761882782e-06,-5.735084414e-06,-5.735084414e-06,1.358054578e-05,0,8.61e-11,4.9506e-06,0.08761524409,-0.05734799802,-0.4118894725,0.03767119059
499,19.960000,-0.3738517798,0.03561144974,8.761882782e-06,-5.735084414e-06,-5.735084414e-06,1.358054578e-05,0,8.61e-11,4.9506e-06,0.08761524409,-0.05734799802,-0.3947876046,0.03788086789
