t,naive_lambda_min,joseph_lambda_min,naive_sym_resid,joseph_sym_resid,naive_p00,joseph_p00,naive_angle_err_deg,joseph_angle_err_deg
0,-1.56249e-06,9.99998e-05,0.00125,0,0,9.99998e-05,0.00185705,0.00185705
0.005,-1.34314e-06,5.00106e-05,0.00111078,0,1.11451e-05,5.15254e-05,-0.272054,0.000776272
0.01,-9.49849e-07,3.33572e-05,0.000832803,0,2.50377e-05,3.89088e-05,-0.159874,0.000366172
0.015,-5.58301e-07,2.50378e-05,0.000555321,0,3.33572e-05,3.57395e-05,-0.036108,8.26504e-05
0.02,-2.65552e-07,2.00515e-05,0.000356942,0,3.5733e-05,3.54107e-05,0.0173037,-0.00014424
0.025,-6.57437e-08,1.67323e-05,0.000232443,0,3.49041e-05,3.53493e-05,0.0540169,-0.000227997
0.03,7.38894e-08,1.43656e-05,0.000156105,0,3.28431e-05,3.47672e-05,0.0716078,-0.000268191
0.035,1.76615e-07,1.2594e-05,0.000108555,0,3.04747e-05,3.36496e-05,0.0919822,-0.000260124
0.04,2.5814e-07,1.12197e-05,7.79936e-05,0,2.81725e-05,3.21968e-05,0.0916024,-0.00024598
0.045,3.25929e-07,1.01231e-05,5.77578e-05,0,2.60649e-05,3.05958e-05,0.11538,-0.000227027
0.05,3.85358e-07,9.22719e-06,4.38532e-05,0,2.41827e-05,2.89734e-05,0.0977032,-0.000196678
0.055,4.39973e-07,8.48341e-06,3.39597e-05,0,2.25222e-05,2.74051e-05,0.126658,-0.000261926
0.06,4.89836e-07,7.85621e-06,2.68184e-05,0,2.10507e-05,2.59262e-05,0.205159,-0.000261415
0.065,5.375e-07,7.32028e-06,2.15312e-05,0,1.9745e-05,2.45515e-05,0.147419,-0.000140574
0.07,5.82517e-07,6.85804e-06,1.75107e-05,0,1.85864e-05,2.3284e-05,0.193888,-0.000214999
0.075,6.26464e-07,6.45445e-06,1.44765e-05,0,1.75508e-05,2.21189e-05,0.210842,-0.000213729
0.08,6.69041e-07,6.10212e-06,1.21053e-05,0,1.66222e-05,2.10525e-05,0.247515,-0.000156798
0.085,7.10315e-07,5.78834e-06,1.02129e-05,0,1.5785e-05,2.00719e-05,0.211285,-0.000209469
0.09,7.50059e-07,5.51076e-06,8.70228e-06,0,1.50278e-05,1.91731e-05,0.199065,-0.000233046
0.095,7.89482e-07,5.26281e-06,7.44313e-06,0,1.43442e-05,1.83471e-05,0.214885,-0.000180444
0.1,8.27768e-07,5.03924e-06,6.41309e-06,0,1.37184e-05,1.75852e-05,0.198591,-0.000207673
0.105,8.65722e-07,4.8363e-06,5.56186e-06,0,1.31484e-05,1.68812e-05,0.152407,-0.00033228
0.11,9.0126e-07,4.65248e-06,4.88013e-06,0,1.26222e-05,1.62302e-05,0.143228,-0.00028739
0.115,9.36535e-07,4.48421e-06,4.27663e-06,0,1.21389e-05,1.56257e-05,0.147402,-0.000263064
0.12,9.71305e-07,4.33034e-06,3.78396e-06,0,1.16918e-05,1.50641e-05,0.136742,-0.000250746
0.125,1.00474e-06,4.18812e-06,3.34159e-06,0,1.12774e-05,1.45407e-05,0.132398,-0.00022588
0.13,1.03824e-06,4.05873e-06,2.98209e-06,0,1.08946e-05,1.40537e-05,0.16684,-0.000275937
0.135,1.07064e-06,3.93919e-06,2.65334e-06,0,1.05361e-05,1.35982e-05,0.185844,-0.000235266
0.14,1.10208e-06,3.82973e-06,2.39443e-06,0,1.02026e-05,1.31726e-05,0.173763,-0.000185089
0.145,1.13337e-06,3.72798e-06,2.16905e-06,0,9.89251e-06,1.27731e-05,0.172707,-0.00017786
0.15,1.16439e-06,3.63402e-06,1.93901e-06,0,9.60194e-06,1.23978e-05,0.142724,-0.000135747
0.155,1.1937e-06,3.54607e-06,1.74623e-06,0,9.32813e-06,1.20439e-05,0.132633,-0.000156158
0.16,1.22196e-06,3.46445e-06,1.58604e-06,0,9.06922e-06,1.17105e-05,0.0918376,-3.24609e-05
0.165,1.24998e-06,3.38848e-06,1.43889e-06,0,8.82614e-06,1.13957e-05,0.100207,-5.07766e-05
0.17,1.27668e-06,3.31731e-06,1.31875e-06,0,8.59797e-06,1.10976e-05,0.11303,-0.000102046
0.175,1.3026e-06,3.25171e-06,1.21538e-06,0,8.38283e-06,1.08164e-05,0.134841,-8.93166e-05
0.18,1.32905e-06,3.1886e-06,1.11759e-06,0,8.17981e-06,1.05482e-05,0.154857,-7.51918e-05
0.185,1.35289e-06,3.12989e-06,1.03563e-06,0,7.98609e-06,1.02939e-05,0.151263,-8.04176e-05
0.19,1.3765e-06,3.07411e-06,9.56468e-07,0,7.80169e-06,1.00518e-05,0.127745,-5.31914e-05
0.195,1.40058e-06,3.02288e-06,8.76375e-07,0,7.62939e-06,9.82266e-06,0.0881352,-0.000262162
0.2,1.42291e-06,2.97296e-06,8.23289e-07,0,7.46362e-06,9.60287e-06,0.0551975,-0.00043311
0.205,1.44521e-06,2.92778e-06,7.61822e-07,0,7.30716e-06,9.39518e-06,0.0363727,-0.000392704
0.21,1.4668e-06,2.88518e-06,7.07805e-07,0,7.15815e-06,9.19681e-06,0.0240364,-0.000332681
0.215,1.48666e-06,2.84479e-06,6.65896e-07,0,7.01565e-06,9.00682e-06,-0.00572453,-0.00030841
0.22,1.50659e-06,2.80654e-06,6.1933e-07,0,6.87875e-06,8.82521e-06,-0.0338438,-0.000477234
0.225,1.52644e-06,2.77017e-06,5.64381e-07,0,6.74929e-06,8.65106e-06,-0.0447553,-0.00049819
0.23,1.54563e-06,2.73563e-06,5.12227e-07,0,6.62543e-06,8.48435e-06,-0.0488708,-0.000433698
0.235,1.5644e-06,2.70286e-06,4.67524e-07,0,6.50715e-06,8.32416e-06,-0.0457732,-0.00039324
0.24,1.58177e-06,2.67268e-06,4.37722e-07,0,6.3926e-06,8.17142e-06,-0.0640052,-0.00030305
0.245,1.59841e-06,2.64446e-06,4.20026e-07,0,6.28363e-06,8.02521e-06,-0.0537236,-0.000311953
0.25,1.61427e-06,2.61665e-06,3.96743e-07,0,6.17839e-06,7.88365e-06,-0.0359519,-0.000289581
0.255,1.63052e-06,2.59064e-06,3.69735e-07,0,6.07781e-06,7.74767e-06,-0.037672,-0.000276928
0.26,1.6457e-06,2.56621e-06,3.41795e-07,0,5.98095e-06,7.61729e-06,-0.0552322,-0.000268401
0.265,1.66124e-06,2.54184e-06,3.13856e-07,0,5.88875e-06,7.49063e-06,-0.0572104,-0.000249411
0.27,1.67498e-06,2.51962e-06,2.94298e-07,0,5.79841e-06,7.36956e-06,-0.0506594,-0.000242982
0.275,1.68798e-06,2.49763e-06,2.78465e-07,0,5.7118e-06,7.25221e-06,-0.0451918,-0.000219664
0.28,1.7009e-06,2.47729e-06,2.72878e-07,0,5.62891e-06,7.13952e-06,-0.0571571,-0.000312174
0.285,1.7139e-06,2.45781e-06,2.50526e-07,0,5.54975e-06,7.03055e-06,-0.0530524,-0.000288594
0.29,1.72595e-06,2.43821e-06,2.40281e-07,0,5.47338e-06,6.92438e-06,-0.0571819,-0.000256159
0.295,1.73747e-06,2.42041e-06,2.21655e-07,0,5.39888e-06,6.82287e-06,-0.057335,-0.000244025
0.3,1.74749e-06,2.40293e-06,2.16998e-07,0,5.32717e-06,6.72415e-06,-0.056454,-0.000221657
0.305,1.75791e-06,2.38664e-06,2.05822e-07,0,5.25825e-06,6.62915e-06,-0.0624391,-0.000178527
0.31,1.76842e-06,2.37275e-06,1.92784e-07,0,5.19119e-06,6.53882e-06,-0.04421,-0.000175088
0.315,1.77877e-06,2.35831e-06,1.75089e-07,0,5.12693e-06,6.45034e-06,-0.0336353,-9.00675e-05
0.32,1.788e-06,2.34466e-06,1.75089e-07,0,5.06546e-06,6.36466e-06,-0.0213448,-0.000116832
0.325,1.79728e-06,2.33168e-06,1.75089e-07,0,5.00586e-06,6.28177e-06,-0.0105798,-2.13616e-05
0.33,1.80653e-06,2.31987e-06,1.7602e-07,0,4.94812e-06,6.20168e-06,-0.00920507,-1.9314e-05
0.335,1.81551e-06,2.30781e-06,1.75089e-07,0,4.89317e-06,6.12345e-06,-0.00524032,-2.8028e-05
0.34,1.82571e-06,2.29765e-06,1.56462e-07,0,4.84008e-06,6.04894e-06,-0.0213669,3.19113e-05
0.345,1.83427e-06,2.28699e-06,1.4063e-07,0,4.787e-06,5.97537e-06,-0.00936417,-1.983e-05
0.35,1.84336e-06,2.27632e-06,1.27591e-07,0,4.73671e-06,5.90365e-06,0.000272303,-4.42336e-05
0.355,1.85115e-06,2.26694e-06,1.18278e-07,0,4.68735e-06,5.83474e-06,-0.00104541,-3.7955e-05
0.36,1.85893e-06,2.25576e-06,1.13621e-07,0,4.63985e-06,5.76582e-06,0.0015283,-1.51136e-05
0.365,1.86547e-06,2.24687e-06,1.1269e-07,0,4.59328e-06,5.70063e-06,0.00887631,8.79892e-05
0.37,1.87396e-06,2.23932e-06,9.68575e-08,0,4.54951e-06,5.63823e-06,0.00445667,8.36413e-05
0.375,1.88034e-06,2.23128e-06,9.03383e-08,0,4.50481e-06,5.57676e-06,0.0154588,0.000196722
0.38,1.88743e-06,2.22328e-06,8.84756e-08,0,4.4629e-06,5.51622e-06,0.0164871,0.00017984
0.385,1.8931e-06,2.2154e-06,9.22009e-08,0,4.42192e-06,5.45755e-06,0.0110741,0.000212815
0.39,1.89967e-06,2.20818e-06,8.3819e-08,0,4.3828e-06,5.40074e-06,0.0231872,0.000277061
0.395,1.90398e-06,2.20173e-06,8.47504e-08,0,4.34276e-06,5.34579e-06,0.0377751,0.000259473
0.4,1.90908e-06,2.1937e-06,7.35745e-08,0,4.30457e-06,5.29084e-06,0.0474578,0.000181171
0.405,1.9139e-06,2.18803e-06,7.17118e-08,0,4.26732e-06,5.23869e-06,0.0582062,6.88746e-05
0.41,1.9207e-06,2.18184e-06,5.96046e-08,0,4.23286e-06,5.18747e-06,0.055155,2.06667e-05
0.415,1.92613e-06,2.1755e-06,5.68107e-08,0,4.1984e-06,5.13718e-06,0.0570221,4.3135e-05
0.42,1.92881e-06,2.17e-06,6.33299e-08,0,4.16301e-06,5.08875e-06,0.0520979,-3.20382e-05
0.425,1.93239e-06,2.16457e-06,5.96046e-08,0,4.12948e-06,5.04125e-06,0.0400718,8.55195e-05
0.43,1.93674e-06,2.16e-06,4.93601e-08,0,4.09689e-06,4.99561e-06,0.0447886,2.97097e-05
0.435,1.93942e-06,2.15612e-06,4.84288e-08,0,4.06429e-06,4.95184e-06,0.0400138,3.28383e-05
0.44,1.94326e-06,2.1515e-06,3.91155e-08,0,4.03356e-06,4.90807e-06,0.0387539,1.28435e-05
0.445,1.94635e-06,2.14605e-06,4.00469e-08,0,4.00376e-06,4.8643e-06,0.0412251,2.15889e-05
0.45,1.95024e-06,2.14145e-06,3.53903e-08,0,3.97488e-06,4.82239e-06,0.0446637,-3.49364e-05
0.455,1.95325e-06,2.13696e-06,4.09782e-08,0,3.94695e-06,4.78141e-06,0.0464186,-5.20636e-05
0.46,1.95677e-06,2.13279e-06,4.00469e-08,0,3.91994e-06,4.74136e-06,0.0482337,-4.56794e-05
0.465,1.96079e-06,2.12883e-06,3.07336e-08,0,3.89386e-06,4.70225e-06,0.047648,-5.29421e-05
0.47,1.96308e-06,2.12403e-06,3.25963e-08,0,3.86778e-06,4.66313e-06,0.0445837,-7.78409e-05
0.475,1.96686e-06,2.12133e-06,2.8871e-08,0,3.84357e-06,4.62681e-06,0.0521476,6.72371e-05
0.48,1.97168e-06,2.11794e-06,1.95578e-08,0,3.82029e-06,4.59049e-06,0.0518976,5.73086e-05
0.485,1.97458e-06,2.11585e-06,2.14204e-08,0,3.797e-06,4.55603e-06,0.044461,0.000113011
0.49,1.97669e-06,2.11231e-06,1.95578e-08,0,3.77279e-06,4.52064e-06,0.040791,6.66615e-05
0.495,1.98047e-06,2.10958e-06,1.30385e-08,0,3.75044e-06,4.48711e-06,0.0459485,3.76377e-05
0.5,1.9824e-06,2.10733e-06,1.67638e-08,0,3.72808e-06,4.45452e-06,0.0492503,8.82647e-05
0.505,1.98413e-06,2.10495e-06,1.58325e-08,0,3.70573e-06,4.42192e-06,0.0485514,6.86084e-05
0.51,1.98769e-06,2.10164e-06,1.11759e-08,0,3.68524e-06,4.38932e-06,0.0534406,4.28058e-05
0.515,1.98838e-06,2.09917e-06,1.67638e-08,0,3.66382e-06,4.35859e-06,0.0498464,6.96852e-05
0.52,1.98991e-06,2.09759e-06,1.86265e-08,0,3.64333e-06,4.32879e-06,0.0486502,3.65755e-05
0.525,1.99209e-06,2.09611e-06,1.58325e-08,0,3.62378e-06,4.29992e-06,0.0530479,5.39692e-05
0.53,1.99465e-06,2.09287e-06,1.11759e-08,0,3.60422e-06,4.27011e-06,0.053471,4.28985e-05
0.535,1.99595e-06,2.0912e-06,1.67638e-08,0,3.58559e-06,4.24217e-06,0.05882,2.27879e-06
0.54,1.99718e-06,2.08926e-06,1.86265e-08,0,3.56697e-06,4.21423e-06,0.0599643,-1.36874e-05
0.545,1.99921e-06,2.08695e-06,1.67638e-08,0,3.54927e-06,4.18629e-06,0.0624291,4.70282e-05
0.55,2.00153e-06,2.08565e-06,1.30385e-08,0,3.53158e-06,4.16022e-06,0.0600122,-2.72282e-06
0.555,2.00465e-06,2.08422e-06,5.58794e-09,0,3.51481e-06,4.13414e-06,0.057525,-4.69197e-05
0.56,2.00565e-06,2.082e-06,9.31323e-09,0,3.49805e-06,4.10806e-06,0.0526208,-0.000120687
0.565,2.00674e-06,2.08009e-06,1.02445e-08,0,3.48128e-06,4.08292e-06,0.0558083,-7.16276e-05
0.57,2.00791e-06,2.07832e-06,8.3819e-09,0,3.46452e-06,4.05777e-06,0.0593348,-2.16559e-05
0.575,2.00978e-06,2.07674e-06,2.79397e-09,0,3.44869e-06,4.03356e-06,0.0544168,-9.5759e-05
0.58,2.01099e-06,2.07579e-06,9.31323e-09,0,3.43379e-06,4.01028e-06,0.0562383,-6.03433e-05
0.585,2.01089e-06,2.07497e-06,1.30385e-08,0,3.41795e-06,3.98792e-06,0.0574101,-3.66545e-05
0.59,2.01238e-06,2.0741e-06,1.30385e-08,0,3.40398e-06,3.96557e-06,0.0625731,8.24406e-05
0.595,2.01344e-06,2.07373e-06,1.21072e-08,0,3.38908e-06,3.94415e-06,0.0650457,2.87203e-05
0.6,2.01495e-06,2.07196e-06,8.3819e-09,0,3.37511e-06,3.9218e-06,0.0650524,1.59811e-05
0.605,2.01666e-06,2.07055e-06,2.79397e-09,0,3.36114e-06,3.90038e-06,0.0647246,7.53549e-06
0.61,2.01735e-06,2.06935e-06,8.3819e-09,0,3.3481e-06,3.87896e-06,0.0673235,-1.20003e-06
0.615,2.01735e-06,2.06847e-06,1.21072e-08,0,3.33413e-06,3.85847e-06,0.0682822,-3.85215e-06
0.62,2.0191e-06,2.06781e-06,1.30385e-08,0,3.32203e-06,3.83891e-06,0.0681398,-1.20208e-05
0.625,2.01991e-06,2.06688e-06,1.30385e-08,0,3.30899e-06,3.81935e-06,0.070592,4.74334e-05
0.63,2.02028e-06,2.06603e-06,1.02445e-08,0,3.29595e-06,3.7998e-06,0.0737477,-1.36959e-05
0.635,2.02195e-06,2.06484e-06,6.51926e-09,0,3.28384e-06,3.78024e-06,0.0752122,-2.63649e-05
0.64,2.02335e-06,2.06291e-06,9.31323e-10,0,3.27174e-06,3.76068e-06,0.0765531,-1.80306e-05
0.645,2.02332e-06,2.06277e-06,3.72529e-09,0,3.25963e-06,3.74299e-06,0.0750754,-5.0958e-05
0.65,2.0239e-06,2.06214e-06,6.51926e-09,0,3.24845e-06,3.72529e-06,0.0779669,-0.000106186
0.655,2.02354e-06,2.06197e-06,8.3819e-09,0,3.23635e-06,3.70853e-06,0.0774297,-0.00010471
0.66,2.02399e-06,2.06121e-06,7.45058e-09,0,3.22517e-06,3.69083e-06,0.0780125,-9.13499e-05
0.665,2.02439e-06,2.05995e-06,5.58794e-09,0,3.21399e-06,3.67314e-06,0.0757296,-0.000149935
0.67,2.02577e-06,2.0591e-06,1.86265e-09,0,3.20375e-06,3.65637e-06,0.0775381,-0.000158712
0.675,2.0273e-06,2.05714e-06,3.72529e-09,0,3.19351e-06,3.63868e-06,0.0764541,-0.000158406
0.68,2.02667e-06,2.05594e-06,1.86265e-09,0,3.18326e-06,3.62191e-06,0.0755719,-0.000165949
0.685,2.02635e-06,2.05423e-06,6.51926e-09,0,3.17302e-06,3.60515e-06,0.0767972,-0.000166263
0.69,2.02685e-06,2.0541e-06,1.02445e-08,0,3.1637e-06,3.59025e-06,0.0777337,-0.000141124
0.695,2.02725e-06,2.05236e-06,1.11759e-08,0,3.15439e-06,3.57348e-06,0.0760689,-0.000180546
0.7,2.02685e-06,2.05211e-06,1.21072e-08,0,3.14415e-06,3.55858e-06,0.074278,-0.000173451
0.705,2.02724e-06,2.05162e-06,1.02445e-08,0,3.13483e-06,3.54368e-06,0.0750029,-0.000140536
0.71,2.0286e-06,2.05173e-06,8.3819e-09,0,3.12645e-06,3.52971e-06,0.0754812,-0.000143533
0.715,2.02918e-06,2.05118e-06,4.65661e-09,0,3.11714e-06,3.51574e-06,0.0715887,-0.000185505
0.72,2.03053e-06,2.05064e-06,0,0,3.10875e-06,3.50177e-06,0.0682737,-0.000299239
0.725,2.03115e-06,2.0511e-06,6.51926e-09,0,3.09944e-06,3.48873e-06,0.0650452,-0.000309277
0.73,2.03097e-06,2.05039e-06,9.31323e-10,0,3.09106e-06,3.47476e-06,0.0654214,-0.000278206
0.735,2.03089e-06,2.05021e-06,2.79397e-09,0,3.08268e-06,3.46173e-06,0.0689505,-0.00027367
0.74,2.03023e-06,2.05005e-06,5.58794e-09,0,3.0743e-06,3.44869e-06,0.0667385,-0.000332505
0.745,2.03077e-06,2.04953e-06,7.45058e-09,0,3.06685e-06,3.43565e-06,0.0667802,-0.000337695
0.75,2.0314e-06,2.04904e-06,7.45058e-09,0,3.05939e-06,3.42261e-06,0.0689512,-0.000274705
0.755,2.03209e-06,2.0481e-06,7.45058e-09,0,3.05194e-06,3.40957e-06,0.0627685,-0.000242145
0.76,2.03266e-06,2.04769e-06,6.51926e-09,0,3.04449e-06,3.39746e-06,0.059824,-0.0003184
0.765,2.03307e-06,2.04773e-06,2.79397e-09,0,3.03704e-06,3.38629e-06,0.0585199,-0.000306812
0.77,2.03359e-06,2.04779e-06,9.31323e-10,0,3.02959e-06,3.37511e-06,0.0568372,-0.000341512
0.775,2.03436e-06,2.04731e-06,5.58794e-09,0,3.02214e-06,3.36301e-06,0.0558373,-0.000332866
0.78,2.03591e-06,2.04728e-06,1.11759e-08,0,3.01562e-06,3.35183e-06,0.0529811,-0.000415614
0.785,2.03546e-06,2.0471e-06,5.58794e-09,0,3.0091e-06,3.34065e-06,0.0530931,-0.00040802
0.79,2.0344e-06,2.04559e-06,9.31323e-10,0,3.00165e-06,3.32855e-06,0.0513227,-0.000466555
0.795,2.03343e-06,2.04581e-06,3.72529e-09,0,2.9942e-06,3.3183e-06,0.0519408,-0.000447846
0.8,2.03386e-06,2.0459e-06,6.51926e-09,0,2.98861e-06,3.30806e-06,0.0513504,-0.000458296
0.805,2.03455e-06,2.04495e-06,8.3819e-09,0,2.98303e-06,3.29688e-06,0.0539132,-0.00039687
0.81,2.03419e-06,2.04574e-06,9.31323e-09,0,2.97651e-06,3.28757e-06,0.0537748,-0.000386682
0.815,2.03389e-06,2.04511e-06,1.02445e-08,0,2.96999e-06,3.27732e-06,0.0543788,-0.000347433
0.82,2.03456e-06,2.04425e-06,9.31323e-09,0,2.9644e-06,3.26615e-06,0.0565257,-0.000336728
0.825,2.0342e-06,2.04334e-06,7.45058e-09,0,2.95788e-06,3.2559e-06,0.0556082,-0.000359469
0.83,2.03519e-06,2.04319e-06,5.58794e-09,0,2.95229e-06,3.24659e-06,0.0524309,-0.000396959
0.835,2.03581e-06,2.04242e-06,3.72529e-09,0,2.9467e-06,3.23635e-06,0.0497155,-0.000338854
0.84,2.03735e-06,2.04232e-06,0,0,2.94205e-06,3.22703e-06,0.0503429,-0.000287151
0.845,2.03828e-06,2.04256e-06,4.65661e-09,0,2.93646e-06,3.21865e-06,0.0501042,-0.000263327
0.85,2.03905e-06,2.04347e-06,1.02445e-08,0,2.93087e-06,3.21027e-06,0.0481981,-0.000336841
0.855,2.04008e-06,2.04328e-06,1.49012e-08,0,2.92528e-06,3.20096e-06,0.0461873,-0.000361762
0.86,2.03835e-06,2.04296e-06,9.31323e-09,0,2.91876e-06,3.19164e-06,0.0470441,-0.000344359
0.865,2.03733e-06,2.0433e-06,4.65661e-09,0,2.91318e-06,3.18326e-06,0.0487768,-0.00022511
0.87,2.03704e-06,2.0431e-06,9.31323e-10,0,2.90852e-06,3.17488e-06,0.049744,-0.000184064
0.875,2.03722e-06,2.04349e-06,2.79397e-09,0,2.90386e-06,3.1665e-06,0.0477471,-0.000151984
0.88,2.03724e-06,2.04335e-06,5.58794e-09,0,2.89921e-06,3.15811e-06,0.0455664,-0.000237225
0.885,2.03638e-06,2.04298e-06,8.3819e-09,0,2.89362e-06,3.14973e-06,0.0437397,-0.000244579
0.89,2.03624e-06,2.04328e-06,1.02445e-08,0,2.88896e-06,3.14228e-06,0.0436838,-0.000224741
0.895,2.03636e-06,2.04288e-06,1.11759e-08,0,2.88431e-06,3.1339e-06,0.0407619,-0.000347735
0.9,2.03632e-06,2.04314e-06,1.11759e-08,0,2.87965e-06,3.12645e-06,0.0398262,-0.000344904
0.905,2.03545e-06,2.0427e-06,1.11759e-08,0,2.87406e-06,3.11807e-06,0.0378788,-0.00031161
0.91,2.03567e-06,2.04203e-06,1.02445e-08,0,2.8694e-06,3.10969e-06,0.0386861,-0.000231717
0.915,2.0364e-06,2.04204e-06,9.31323e-09,0,2.86568e-06,3.10224e-06,0.0374809,-0.000247563
0.92,2.03739e-06,2.04222e-06,7.45058e-09,0,2.86195e-06,3.09478e-06,0.0362999,-0.000231414
0.925,2.03817e-06,2.04267e-06,4.65661e-09,0,2.85823e-06,3.08827e-06,0.0375931,-0.000107652
0.93,2.03854e-06,2.04232e-06,1.86265e-09,0,2.85357e-06,3.08082e-06,0.0388079,-3.61883e-05
0.935,2.03875e-06,2.04166e-06,1.86265e-09,0,2.84892e-06,3.07336e-06,0.0383301,-3.68167e-05
0.94,2.03901e-06,2.04254e-06,5.58794e-09,0,2.84426e-06,3.06778e-06,0.037228,-1.81051e-05
0.945,2.03995e-06,2.04232e-06,1.02445e-08,0,2.84053e-06,3.06126e-06,0.0366586,-4.34308e-05
0.95,2.04093e-06,2.04219e-06,1.49012e-08,0,2.83681e-06,3.05474e-06,0.0374045,-1.70284e-05
0.955,2.03947e-06,2.04225e-06,9.31323e-09,0,2.83215e-06,3.04822e-06,0.0386364,-1.52444e-05
0.96,2.03801e-06,2.04111e-06,3.72529e-09,0,2.8275e-06,3.04077e-06,0.0395439,-4.52063e-05
0.965,2.03706e-06,2.03975e-06,1.86265e-09,0,2.82377e-06,3.03332e-06,0.0408454,4.2291e-05
0.97,2.03658e-06,2.04024e-06,7.45058e-09,0,2.82004e-06,3.02773e-06,0.041794,7.36999e-05
0.975,2.03657e-06,2.03954e-06,1.11759e-08,0,2.81725e-06,3.02121e-06,0.0424248,6.96857e-05
0.98,2.0366e-06,2.03992e-06,1.49012e-08,0,2.81446e-06,3.01562e-06,0.0420519,5.13983e-05
0.985,2.03684e-06,2.04038e-06,1.76951e-08,0,2.81166e-06,3.01003e-06,0.0426426,9.26158e-05
0.99,2.03625e-06,2.03965e-06,2.04891e-08,0,2.80794e-06,3.00352e-06,0.0415362,6.29118e-05
0.995,2.03567e-06,2.03869e-06,2.32831e-08,0,2.80421e-06,2.997e-06,0.0434229,5.75533e-05
1,2.03534e-06,2.03965e-06,2.51457e-08,0,2.80049e-06,2.99234e-06,0.0448922,-6.44217e-06
1.1,2.04104e-06,2.04156e-06,1.39698e-08,0,2.74088e-06,2.89455e-06,0.044686,-0.00011937
1.2,2.03104e-06,2.04139e-06,4.93601e-08,0,2.69711e-06,2.81725e-06,0.0371992,-4.46319e-06
1.3,2.0402e-06,2.04351e-06,2.04891e-08,0,2.66824e-06,2.75858e-06,0.0310383,-3.45313e-05
1.4,2.03854e-06,2.0419e-06,2.42144e-08,0,2.6403e-06,2.71294e-06,0.0233617,-7.35025e-05
1.5,2.03243e-06,2.03691e-06,9.40636e-08,0,2.6254e-06,2.67383e-06,0.0211198,-6.72459e-05
1.6,2.02307e-06,2.03991e-06,1.17347e-07,0,2.60584e-06,2.64682e-06,0.020233,-0.000209346
1.7,2.02743e-06,2.04923e-06,1.14553e-07,0,2.60025e-06,2.63192e-06,0.0214915,-3.17164e-05
1.8,2.04207e-06,2.04881e-06,8.3819e-08,0,2.60025e-06,2.61236e-06,0.0208597,0.000554599
1.9,2.03562e-06,2.04973e-06,3.07336e-08,0,2.57324e-06,2.60025e-06,0.0180394,0.00108149
2,2.04774e-06,2.04131e-06,3.35276e-08,0,2.56673e-06,2.58163e-06,0.0162418,0.00134047
2.1,2.05477e-06,2.03599e-06,2.04891e-08,0,2.56673e-06,2.56673e-06,0.0137707,0.00150244
2.2,2.05772e-06,2.0392e-06,1.11759e-08,0,2.56673e-06,2.56673e-06,0.0121919,0.00174786
2.3,2.05826e-06,2.04553e-06,2.79397e-09,0,2.56673e-06,2.56673e-06,0.0107616,0.00129906
2.4,2.05918e-06,2.0512e-06,1.39698e-08,0,2.56673e-06,2.56673e-06,0.00953082,0.000442187
2.5,2.06164e-06,2.05659e-06,3.53903e-08,0,2.56673e-06,2.56673e-06,0.00836837,0.000148243
2.6,2.06207e-06,2.06116e-06,4.37722e-08,0,2.56673e-06,2.56579e-06,0.00703922,0.000226319
2.7,2.0613e-06,2.05566e-06,4.65661e-08,0,2.56673e-06,2.56207e-06,0.00573944,0.000792469
2.8,2.06238e-06,2.05452e-06,3.91155e-08,0,2.56673e-06,2.56207e-06,0.00365771,0.000446022
2.9,2.0616e-06,2.06089e-06,4.19095e-08,0,2.56673e-06,2.56207e-06,0.00212867,0.000756452
3,2.06082e-06,2.06676e-06,4.47035e-08,0,2.56673e-06,2.56207e-06,0.000815805,0.000556897
3.1,2.0619e-06,2.06676e-06,3.72529e-08,0,2.56673e-06,2.56207e-06,0.000131652,0.000752773
3.2,2.06112e-06,2.06676e-06,4.00469e-08,0,2.56673e-06,2.56207e-06,-0.000148493,0.000785537
3.3,2.06034e-06,2.06676e-06,4.28408e-08,0,2.56673e-06,2.56207e-06,-0.000769954,0.000593095
3.4,2.05956e-06,2.06676e-06,4.56348e-08,0,2.56673e-06,2.56207e-06,-0.00128495,0.000456956
3.5,2.06064e-06,2.06676e-06,3.81842e-08,0,2.56673e-06,2.56207e-06,-0.000290623,0.0017943
3.6,2.05986e-06,2.06676e-06,4.09782e-08,0,2.56673e-06,2.56207e-06,0.000141258,0.00270535
3.7,2.05908e-06,2.06676e-06,4.37722e-08,0,2.56673e-06,2.56207e-06,0.000292098,0.00268309
3.8,2.0583e-06,2.06676e-06,4.65661e-08,0,2.56673e-06,2.56207e-06,0.000546671,0.00204953
3.9,2.05938e-06,2.06676e-06,3.91155e-08,0,2.56673e-06,2.56207e-06,-0.000261995,0.00101525
4,2.0586e-06,2.06676e-06,4.19095e-08,0,2.56673e-06,2.56207e-06,-0.0012047,0.000364746
4.1,2.05782e-06,2.06676e-06,4.47035e-08,0,2.56673e-06,2.56207e-06,-0.00253486,-0.000189115
4.2,2.0589e-06,2.06676e-06,3.72529e-08,0,2.56673e-06,2.56207e-06,-0.00159149,0.000912844
4.3,2.05812e-06,2.06676e-06,4.00469e-08,0,2.56673e-06,2.56207e-06,-0.00174479,0.000464777
4.4,2.05733e-06,2.06676e-06,4.28408e-08,0,2.56673e-06,2.56207e-06,-0.00232699,0.000361117
4.5,2.05655e-06,2.06676e-06,4.56348e-08,0,2.56673e-06,2.56207e-06,-0.00214531,0.00136136
4.6,2.05763e-06,2.06676e-06,3.81842e-08,0,2.56673e-06,2.56207e-06,-0.00221489,0.00186551
4.7,2.05684e-06,2.06676e-06,4.09782e-08,0,2.56673e-06,2.56207e-06,-0.00252082,0.00270043
4.8,2.05606e-06,2.06676e-06,4.37722e-08,0,2.56673e-06,2.56207e-06,-0.00173023,0.00444256
4.9,2.05527e-06,2.06676e-06,4.65661e-08,0,2.56673e-06,2.56207e-06,-0.00152607,0.00462537
5,2.05635e-06,2.06676e-06,3.91155e-08,0,2.56673e-06,2.56207e-06,-0.00155036,0.00490395
5.1,2.05557e-06,2.06676e-06,4.19095e-08,0,2.56673e-06,2.56207e-06,-0.00123991,0.00489296
5.2,2.05478e-06,2.06676e-06,4.47035e-08,0,2.56673e-06,2.56207e-06,-0.00166247,0.00447701
5.3,2.05586e-06,2.06676e-06,3.72529e-08,0,2.56673e-06,2.56207e-06,-0.00127319,0.00472777
5.4,2.05635e-06,2.06676e-06,4.00469e-08,0,2.56673e-06,2.56207e-06,-0.000471019,0.00499292
5.5,2.05665e-06,2.06676e-06,5.30854e-08,0,2.56673e-06,2.56207e-06,0.000392547,0.00573055
5.6,2.05882e-06,2.06676e-06,5.58794e-08,0,2.56673e-06,2.56207e-06,-0.000149817,0.00485479
5.7,2.05264e-06,2.06676e-06,5.86733e-08,0,2.55834e-06,2.56207e-06,-0.000819194,0.00369257
5.8,2.04467e-06,2.06676e-06,6.23986e-08,0,2.55182e-06,2.56207e-06,-0.000646467,0.00327982
5.9,2.04536e-06,2.06676e-06,5.86733e-08,0,2.55182e-06,2.56207e-06,-7.63057e-05,0.00380303
6,2.04584e-06,2.06676e-06,5.58794e-08,0,2.55182e-06,2.56207e-06,0.000372921,0.00340744
6.1,2.04467e-06,2.06676e-06,6.23986e-08,0,2.55182e-06,2.56207e-06,0.000597443,0.00375726
6.2,2.04536e-06,2.06676e-06,5.86733e-08,0,2.55182e-06,2.56207e-06,-0.000241909,0.00182871
6.3,2.04584e-06,2.06676e-06,5.58794e-08,0,2.55182e-06,2.56207e-06,-0.000655841,0.0012263
6.4,2.04467e-06,2.06676e-06,6.23986e-08,0,2.55182e-06,2.56207e-06,-0.000828074,0.000651733
6.5,2.04536e-06,2.06676e-06,5.86733e-08,0,2.55182e-06,2.56207e-06,-0.000885669,0.00091857
6.6,2.04584e-06,2.06676e-06,5.58794e-08,0,2.55182e-06,2.56207e-06,1.51195e-05,0.00196642
6.7,2.04467e-06,2.06676e-06,6.23986e-08,0,2.55182e-06,2.56207e-06,0.00109946,0.00348704
6.8,2.04536e-06,2.06676e-06,5.86733e-08,0,2.55182e-06,2.56207e-06,0.000487868,0.00358557
6.9,2.04584e-06,2.06676e-06,5.58794e-08,0,2.55182e-06,2.56207e-06,0.000867838,0.00434291
7,2.04467e-06,2.06676e-06,6.23986e-08,0,2.55182e-06,2.56207e-06,0.000267902,0.00494167
7.1,2.04536e-06,2.06676e-06,5.86733e-08,0,2.55182e-06,2.56207e-06,-0.000262701,0.00551457
7.2,2.04584e-06,2.06676e-06,5.58794e-08,0,2.55182e-06,2.56207e-06,0.000555085,0.0060028
7.3,2.04467e-06,2.06676e-06,6.23986e-08,0,2.55182e-06,2.56207e-06,0.000417899,0.00508035
7.4,2.04536e-06,2.06676e-06,5.86733e-08,0,2.55182e-06,2.56207e-06,1.622e-05,0.00325971
7.5,2.04584e-06,2.06676e-06,5.58794e-08,0,2.55182e-06,2.56207e-06,0.000135473,0.00248442
7.6,2.04467e-06,2.06676e-06,6.23986e-08,0,2.55182e-06,2.56207e-06,0.000230473,0.00255722
7.7,2.04536e-06,2.06676e-06,5.86733e-08,0,2.55182e-06,2.56207e-06,0.000196688,0.00282567
7.8,2.04584e-06,2.06676e-06,5.58794e-08,0,2.55182e-06,2.56207e-06,-0.000772877,0.00302386
7.9,2.04467e-06,2.06676e-06,6.23986e-08,0,2.55182e-06,2.56207e-06,-0.000886906,0.00355848
8,2.04536e-06,2.06676e-06,5.86733e-08,0,2.55182e-06,2.56207e-06,-0.00113982,0.00298178
8.1,2.04584e-06,2.06676e-06,5.58794e-08,0,2.55182e-06,2.56207e-06,-0.000754055,0.00310436
8.2,2.04467e-06,2.06676e-06,6.23986e-08,0,2.55182e-06,2.56207e-06,-0.000680261,0.00274935
8.3,2.04536e-06,2.06676e-06,5.86733e-08,0,2.55182e-06,2.56207e-06,-0.000125358,0.00318685
8.4,2.04584e-06,2.06676e-06,5.58794e-08,0,2.55182e-06,2.56207e-06,0.00150959,0.00421199
8.5,2.04467e-06,2.06676e-06,6.23986e-08,0,2.55182e-06,2.56207e-06,0.00104465,0.00326489
8.6,2.04536e-06,2.06676e-06,5.86733e-08,0,2.55182e-06,2.56207e-06,0.000232915,0.00171763
8.7,2.04584e-06,2.06676e-06,5.58794e-08,0,2.55182e-06,2.56207e-06,4.39904e-05,0.000457001
8.8,2.04467e-06,2.06676e-06,6.23986e-08,0,2.55182e-06,2.56207e-06,-0.000380441,-0.000740946
8.9,2.04536e-06,2.06676e-06,5.86733e-08,0,2.55182e-06,2.56207e-06,0.000133723,-0.000482488
9,2.04584e-06,2.06676e-06,5.58794e-08,0,2.55182e-06,2.56207e-06,0.000464206,-0.000780809
9.1,2.04467e-06,2.06676e-06,6.23986e-08,0,2.55182e-06,2.56207e-06,-0.000476101,-0.00217469
9.2,2.04536e-06,2.06676e-06,5.86733e-08,0,2.55182e-06,2.56207e-06,-0.00135955,-0.00265665
9.3,2.04584e-06,2.06676e-06,5.58794e-08,0,2.55182e-06,2.56207e-06,-0.00233182,-0.00295892
9.4,2.04467e-06,2.06676e-06,6.23986e-08,0,2.55182e-06,2.56207e-06,-0.00158551,-0.00193471
9.5,2.04536e-06,2.06676e-06,5.86733e-08,0,2.55182e-06,2.56207e-06,-0.000248547,-0.00131598
9.6,2.04584e-06,2.06676e-06,5.58794e-08,0,2.55182e-06,2.56207e-06,0.000663781,-0.00123053
9.7,2.04467e-06,2.06676e-06,6.23986e-08,0,2.55182e-06,2.56207e-06,0.000835164,-0.00121475
9.8,2.04536e-06,2.06676e-06,5.86733e-08,0,2.55182e-06,2.56207e-06,0.0001785,-0.00156512
9.9,2.04584e-06,2.06676e-06,5.58794e-08,0,2.55182e-06,2.56207e-06,-0.000927065,-0.00284507
10,2.04467e-06,2.06676e-06,6.23986e-08,0,2.55182e-06,2.56207e-06,-0.000801909,-0.00295235
10.1,2.04536e-06,2.06676e-06,5.86733e-08,0,2.55182e-06,2.56207e-06,-0.000519238,-0.00342121
10.2,2.04584e-06,2.06676e-06,5.58794e-08,0,2.55182e-06,2.56207e-06,-0.00112754,-0.00356677
10.3,2.04467e-06,2.06676e-06,6.23986e-08,0,2.55182e-06,2.56207e-06,-0.000527623,-0.00281488
10.4,2.04536e-06,2.06676e-06,5.86733e-08,0,2.55182e-06,2.56207e-06,-0.000579234,-0.0030381
10.5,2.04584e-06,2.06676e-06,5.58794e-08,0,2.55182e-06,2.56207e-06,-0.000933911,-0.00388093
10.6,2.04467e-06,2.06676e-06,6.23986e-08,0,2.55182e-06,2.56207e-06,-0.000116869,-0.00301266
10.7,2.04536e-06,2.06676e-06,5.86733e-08,0,2.55182e-06,2.56207e-06,-5.8031e-05,-0.00251882
10.8,2.04584e-06,2.06676e-06,5.58794e-08,0,2.55182e-06,2.56207e-06,-6.2356e-05,-0.00163436
10.9,2.04467e-06,2.06676e-06,6.23986e-08,0,2.55182e-06,2.56207e-06,-7.36331e-05,-0.00014727
11,2.04536e-06,2.06676e-06,5.86733e-08,0,2.55182e-06,2.56207e-06,-0.000644196,-0.000389986
11.1,2.04584e-06,2.06676e-06,5.58794e-08,0,2.55182e-06,2.56207e-06,-0.000726773,-0.000206401
11.2,2.04467e-06,2.06676e-06,6.23986e-08,0,2.55182e-06,2.56207e-06,-0.000239937,9.98617e-05
11.3,2.04536e-06,2.06676e-06,5.86733e-08,0,2.55182e-06,2.56207e-06,-0.000553693,-0.000348574
11.4,2.04584e-06,2.06676e-06,5.58794e-08,0,2.55182e-06,2.56207e-06,-0.000926127,-0.000538304
11.5,2.04467e-06,2.06676e-06,6.23986e-08,0,2.55182e-06,2.56207e-06,-0.00129611,-0.000981283
11.6,2.04536e-06,2.06676e-06,5.86733e-08,0,2.55182e-06,2.56207e-06,-0.00233467,-0.00191227
11.7,2.04584e-06,2.06676e-06,5.58794e-08,0,2.55182e-06,2.56207e-06,-0.00247367,-0.00200665
11.8,2.04467e-06,2.06676e-06,6.23986e-08,0,2.55182e-06,2.56207e-06,-0.00195719,-0.000794773
11.9,2.04536e-06,2.06676e-06,5.86733e-08,0,2.55182e-06,2.56207e-06,-0.0013807,0.000353958
12,2.04584e-06,2.06676e-06,5.58794e-08,0,2.55182e-06,2.56207e-06,-0.00196176,0.0007208
12.1,2.04467e-06,2.06676e-06,6.23986e-08,0,2.55182e-06,2.56207e-06,-0.00179969,0.000456196
12.2,2.04536e-06,2.06676e-06,5.86733e-08,0,2.55182e-06,2.56207e-06,-0.00194325,7.61398e-05
12.3,2.04584e-06,2.06676e-06,5.58794e-08,0,2.55182e-06,2.56207e-06,-0.00263822,-0.00104699
12.4,2.04467e-06,2.06676e-06,6.23986e-08,0,2.55182e-06,2.56207e-06,-0.00301434,-0.000812457
12.5,2.04536e-06,2.06676e-06,5.86733e-08,0,2.55182e-06,2.56207e-06,-0.00283868,0.000137364
12.6,2.04584e-06,2.06676e-06,5.58794e-08,0,2.55182e-06,2.56207e-06,-0.00377648,-0.000621358
12.7,2.04467e-06,2.06676e-06,6.23986e-08,0,2.55182e-06,2.56207e-06,-0.00423588,-0.000442566
12.8,2.04536e-06,2.06676e-06,5.86733e-08,0,2.55182e-06,2.56207e-06,-0.0038306,-0.000400131
12.9,2.04584e-06,2.06676e-06,5.58794e-08,0,2.55182e-06,2.56207e-06,-0.00326743,0.000185231
13,2.04467e-06,2.06676e-06,6.23986e-08,0,2.55182e-06,2.56207e-06,-0.00183441,0.00178239
13.1,2.04536e-06,2.06676e-06,5.86733e-08,0,2.55182e-06,2.56207e-06,-0.00148772,0.000954076
13.2,2.04584e-06,2.06676e-06,5.58794e-08,0,2.55182e-06,2.56207e-06,-0.00214083,-0.000377358
13.3,2.04467e-06,2.06676e-06,6.23986e-08,0,2.55182e-06,2.56207e-06,-0.00180564,-0.000247715
13.4,2.04536e-06,2.06676e-06,5.86733e-08,0,2.55182e-06,2.56207e-06,-0.00115366,-0.000432859
13.5,2.04584e-06,2.06676e-06,5.58794e-08,0,2.55182e-06,2.56207e-06,-0.000506491,-2.02672e-05
13.6,2.04467e-06,2.06676e-06,6.23986e-08,0,2.55182e-06,2.56207e-06,-0.000795487,-0.000431779
13.7,2.04536e-06,2.06676e-06,5.86733e-08,0,2.55182e-06,2.56207e-06,-0.000159587,4.74571e-05
13.8,2.04584e-06,2.06676e-06,5.58794e-08,0,2.55182e-06,2.56207e-06,-0.000948431,-0.00119325
13.9,2.04467e-06,2.06676e-06,6.23986e-08,0,2.55182e-06,2.56207e-06,-0.000690243,-0.00115342
14,2.04536e-06,2.06676e-06,5.86733e-08,0,2.55182e-06,2.56207e-06,-0.000664356,-0.00171407
14.1,2.04584e-06,2.06676e-06,5.58794e-08,0,2.55182e-06,2.56207e-06,-0.000402692,-0.00177726
14.2,2.04467e-06,2.06676e-06,6.23986e-08,0,2.55182e-06,2.56207e-06,0.00104257,-0.000972762
14.3,2.04536e-06,2.06676e-06,5.86733e-08,0,2.55182e-06,2.56207e-06,0.00106441,-0.000635033
14.4,2.04584e-06,2.06676e-06,5.58794e-08,0,2.55182e-06,2.56207e-06,0.00091484,-0.000774991
14.5,2.04467e-06,2.06676e-06,6.23986e-08,0,2.55182e-06,2.56207e-06,0.000699491,-0.00102492
14.6,2.04536e-06,2.06676e-06,5.86733e-08,0,2.55182e-06,2.56207e-06,0.000525956,-0.00108512
14.7,2.04584e-06,2.06676e-06,5.58794e-08,0,2.55182e-06,2.56207e-06,-0.00096904,-0.00142687
14.8,2.04467e-06,2.06676e-06,6.23986e-08,0,2.55182e-06,2.56207e-06,-0.00148626,-0.000809644
14.9,2.04536e-06,2.06676e-06,5.86733e-08,0,2.55182e-06,2.56207e-06,-0.00194806,-0.000899414
15,2.04584e-06,2.06676e-06,5.58794e-08,0,2.55182e-06,2.56207e-06,-0.00214899,-0.00040473
15.1,2.04467e-06,2.06676e-06,6.23986e-08,0,2.55182e-06,2.56207e-06,-0.00349936,-0.00063453
15.2,2.04536e-06,2.06676e-06,5.86733e-08,0,2.55182e-06,2.56207e-06,-0.00389204,-0.000944169
15.3,2.04584e-06,2.06676e-06,5.58794e-08,0,2.55182e-06,2.56207e-06,-0.00320003,5.56218e-05
15.4,2.04467e-06,2.06676e-06,6.23986e-08,0,2.55182e-06,2.56207e-06,-0.00173068,0.00152027
15.5,2.04536e-06,2.06676e-06,5.86733e-08,0,2.55182e-06,2.56207e-06,-0.000791234,0.00270454
15.6,2.04584e-06,2.06676e-06,5.58794e-08,0,2.55182e-06,2.56207e-06,0.000878113,0.00366141
15.7,2.04467e-06,2.06676e-06,6.23986e-08,0,2.55182e-06,2.56207e-06,0.00153121,0.00307505
15.8,2.04536e-06,2.06676e-06,5.86733e-08,0,2.55182e-06,2.56207e-06,0.00145648,0.00176191
15.9,2.04584e-06,2.06676e-06,5.58794e-08,0,2.55182e-06,2.56207e-06,0.00170545,0.00152359
16,2.04467e-06,2.06676e-06,6.23986e-08,0,2.55182e-06,2.56207e-06,0.00280433,0.00170168
16.1,2.04536e-06,2.06676e-06,5.86733e-08,0,2.55182e-06,2.56207e-06,0.00274987,0.000971243
16.2,2.04584e-06,2.06676e-06,5.58794e-08,0,2.55182e-06,2.56207e-06,0.00294872,0.000624108
16.3,2.04467e-06,2.06676e-06,6.23986e-08,0,2.55182e-06,2.56207e-06,0.00219486,-0.000936138
16.4,2.04536e-06,2.06676e-06,5.86733e-08,0,2.55182e-06,2.56207e-06,0.00212888,-0.00140446
16.5,2.04584e-06,2.06676e-06,5.58794e-08,0,2.55182e-06,2.56207e-06,0.00233953,-0.000608123
16.6,2.04467e-06,2.06676e-06,6.23986e-08,0,2.55182e-06,2.56207e-06,0.00146419,-0.00141218
16.7,2.04536e-06,2.06676e-06,5.86733e-08,0,2.55182e-06,2.56207e-06,0.00187586,-0.000298052
16.8,2.04584e-06,2.06676e-06,5.58794e-08,0,2.55182e-06,2.56207e-06,0.00258342,0.000930298
16.9,2.04467e-06,2.06676e-06,6.23986e-08,0,2.55182e-06,2.56207e-06,0.00120732,-0.000566185
17,2.04536e-06,2.06676e-06,5.86733e-08,0,2.55182e-06,2.56207e-06,0.00137601,-0.00114283
17.1,2.04584e-06,2.06676e-06,5.58794e-08,0,2.55182e-06,2.56207e-06,0.00103884,-0.000672122
17.2,2.04467e-06,2.06676e-06,6.23986e-08,0,2.55182e-06,2.56207e-06,0.000747255,-0.000522735
17.3,2.04536e-06,2.06676e-06,5.86733e-08,0,2.55182e-06,2.56207e-06,0.000270824,-0.00195965
17.4,2.04584e-06,2.06676e-06,5.58794e-08,0,2.55182e-06,2.56207e-06,-0.000180214,-0.00281688
17.5,2.04467e-06,2.06676e-06,6.23986e-08,0,2.55182e-06,2.56207e-06,0.00032475,-0.00258129
17.6,2.04536e-06,2.06676e-06,5.86733e-08,0,2.55182e-06,2.56207e-06,-0.000653442,-0.00239087
17.7,2.04584e-06,2.06676e-06,5.58794e-08,0,2.55182e-06,2.56207e-06,-0.0017422,-0.00252426
17.8,2.04467e-06,2.06676e-06,6.23986e-08,0,2.55182e-06,2.56207e-06,-0.00223462,-0.00166857
17.9,2.04536e-06,2.06676e-06,5.86733e-08,0,2.55182e-06,2.56207e-06,-0.00135484,-0.000790284
18,2.04584e-06,2.06676e-06,5.58794e-08,0,2.55182e-06,2.56207e-06,-0.0022474,-0.00134475
18.1,2.04467e-06,2.06676e-06,6.23986e-08,0,2.55182e-06,2.56207e-06,-0.00362775,-0.00252532
18.2,2.04536e-06,2.06676e-06,5.86733e-08,0,2.55182e-06,2.56207e-06,-0.00378792,-0.00246201
18.3,2.04584e-06,2.06676e-06,5.58794e-08,0,2.55182e-06,2.56207e-06,-0.00344804,-0.00139685
18.4,2.04467e-06,2.06676e-06,6.23986e-08,0,2.55182e-06,2.56207e-06,-0.0046349,-0.00144007
18.5,2.04536e-06,2.06676e-06,5.86733e-08,0,2.55182e-06,2.56207e-06,-0.00547578,-0.0014957
18.6,2.04584e-06,2.06676e-06,5.58794e-08,0,2.55182e-06,2.56207e-06,-0.00564857,-0.00125825
18.7,2.04467e-06,2.06676e-06,6.23986e-08,0,2.55182e-06,2.56207e-06,-0.0066293,-0.00204838
18.8,2.04536e-06,2.06676e-06,5.86733e-08,0,2.55182e-06,2.56207e-06,-0.00688987,-0.00181291
18.9,2.04584e-06,2.06676e-06,5.58794e-08,0,2.55182e-06,2.56207e-06,-0.00722143,-0.00162686
19,2.04467e-06,2.06676e-06,6.23986e-08,0,2.55182e-06,2.56207e-06,-0.00518775,-0.000769679
19.1,2.04536e-06,2.06676e-06,5.86733e-08,0,2.55182e-06,2.56207e-06,-0.00433789,-0.00114691
19.2,2.04584e-06,2.06676e-06,5.58794e-08,0,2.55182e-06,2.56207e-06,-0.00404283,-0.00163369
19.3,2.04467e-06,2.06676e-06,6.23986e-08,0,2.55182e-06,2.56207e-06,-0.00418219,-0.00257518
19.4,2.04536e-06,2.06676e-06,5.86733e-08,0,2.55182e-06,2.56207e-06,-0.00370686,-0.00361017
19.5,2.04584e-06,2.06676e-06,5.58794e-08,0,2.55182e-06,2.56207e-06,-0.00309404,-0.00328977
19.6,2.04467e-06,2.06676e-06,6.23986e-08,0,2.55182e-06,2.56207e-06,-0.00235473,-0.00291438
19.7,2.04536e-06,2.06676e-06,5.86733e-08,0,2.55182e-06,2.56207e-06,-0.0026643,-0.00277508
19.8,2.04584e-06,2.06676e-06,5.58794e-08,0,2.55182e-06,2.56207e-06,-0.00330571,-0.00331062
19.9,2.04467e-06,2.06676e-06,6.23986e-08,0,2.55182e-06,2.56207e-06,-0.00363783,-0.0031356
20,2.04536e-06,2.06676e-06,5.86733e-08,0,2.55182e-06,2.56207e-06,-0.00397491,-0.00245114
20.1,2.04584e-06,2.06676e-06,5.58794e-08,0,2.55182e-06,2.56207e-06,-0.00367731,-0.00135056
20.2,2.04467e-06,2.06676e-06,6.23986e-08,0,2.55182e-06,2.56207e-06,-0.00322248,-0.000463298
20.3,2.04536e-06,2.06676e-06,5.86733e-08,0,2.55182e-06,2.56207e-06,-0.00247377,-0.000148942
20.4,2.04584e-06,2.06676e-06,5.58794e-08,0,2.55182e-06,2.56207e-06,-0.00207849,0.000110583
20.5,2.04467e-06,2.06676e-06,6.23986e-08,0,2.55182e-06,2.56207e-06,-0.00210909,-3.71936e-05
20.6,2.04536e-06,2.06676e-06,5.86733e-08,0,2.55182e-06,2.56207e-06,-0.00126045,0.000573883
20.7,2.04584e-06,2.06676e-06,5.58794e-08,0,2.55182e-06,2.56207e-06,-0.000658345,0.000845148
20.8,2.04467e-06,2.06676e-06,6.23986e-08,0,2.55182e-06,2.56207e-06,-0.00031661,0.00133672
20.9,2.04536e-06,2.06676e-06,5.86733e-08,0,2.55182e-06,2.56207e-06,-0.000476022,0.00119631
21,2.04584e-06,2.06676e-06,5.58794e-08,0,2.55182e-06,2.56207e-06,-0.000410958,0.00175934
21.1,2.04467e-06,2.06676e-06,6.23986e-08,0,2.55182e-06,2.56207e-06,-0.00122196,0.000930622
21.2,2.04536e-06,2.06676e-06,5.86733e-08,0,2.55182e-06,2.56207e-06,-0.000611583,0.00137643
21.3,2.04584e-06,2.06676e-06,5.58794e-08,0,2.55182e-06,2.56207e-06,-0.000261327,0.00220309
21.4,2.04467e-06,2.06676e-06,6.23986e-08,0,2.55182e-06,2.56207e-06,0.00101809,0.00315893
21.5,2.04536e-06,2.06676e-06,5.86733e-08,0,2.55182e-06,2.56207e-06,0.00197596,0.00340838
21.6,2.04584e-06,2.06676e-06,5.58794e-08,0,2.55182e-06,2.56207e-06,0.00312203,0.00348018
21.7,2.04467e-06,2.06676e-06,6.23986e-08,0,2.55182e-06,2.56207e-06,0.00351077,0.00333575
21.8,2.04536e-06,2.06676e-06,5.86733e-08,0,2.55182e-06,2.56207e-06,0.00312479,0.00235768
21.9,2.04584e-06,2.06676e-06,5.58794e-08,0,2.55182e-06,2.56207e-06,0.00305951,0.00230733
22,2.04467e-06,2.06676e-06,6.23986e-08,0,2.55182e-06,2.56207e-06,0.00311514,0.00171602
22.1,2.04536e-06,2.06676e-06,5.86733e-08,0,2.55182e-06,2.56207e-06,0.00313777,0.000768758
22.2,2.04584e-06,2.06676e-06,5.58794e-08,0,2.55182e-06,2.56207e-06,0.00353955,0.00116883
22.3,2.04467e-06,2.06676e-06,6.23986e-08,0,2.55182e-06,2.56207e-06,0.0023265,-0.000339838
22.4,2.04536e-06,2.06676e-06,5.86733e-08,0,2.55182e-06,2.56207e-06,0.00212084,-0.00107483
22.5,2.04584e-06,2.06676e-06,5.58794e-08,0,2.55182e-06,2.56207e-06,0.00329942,0.00121706
22.6,2.04467e-06,2.06676e-06,6.23986e-08,0,2.55182e-06,2.56207e-06,0.00348032,0.00102487
22.7,2.04536e-06,2.06676e-06,5.86733e-08,0,2.55182e-06,2.56207e-06,0.00399061,0.00115758
22.8,2.04584e-06,2.06676e-06,5.58794e-08,0,2.55182e-06,2.56207e-06,0.00389272,0.000778366
22.9,2.04467e-06,2.06676e-06,6.23986e-08,0,2.55182e-06,2.56207e-06,0.00370811,-0.000286264
23,2.04536e-06,2.06676e-06,5.86733e-08,0,2.55182e-06,2.56207e-06,0.00409525,0.000394787
23.1,2.04584e-06,2.06676e-06,5.58794e-08,0,2.55182e-06,2.56207e-06,0.0036594,-0.000592177
23.2,2.04467e-06,2.06676e-06,6.23986e-08,0,2.55182e-06,2.56207e-06,0.00327252,-0.000807237
23.3,2.04536e-06,2.06676e-06,5.86733e-08,0,2.55182e-06,2.56207e-06,0.00198781,-0.00155492
23.4,2.04584e-06,2.06676e-06,5.58794e-08,0,2.55182e-06,2.56207e-06,0.000800659,-0.00286758
23.5,2.04467e-06,2.06676e-06,6.23986e-08,0,2.55182e-06,2.56207e-06,-0.000845148,-0.0036769
23.6,2.04536e-06,2.06676e-06,5.86733e-08,0,2.55182e-06,2.56207e-06,-0.000931156,-0.0023053
23.7,2.04584e-06,2.06676e-06,5.58794e-08,0,2.55182e-06,2.56207e-06,-0.00082816,-0.00189346
23.8,2.04467e-06,2.06676e-06,6.23986e-08,0,2.55182e-06,2.56207e-06,-0.000386065,-0.00139202
23.9,2.04536e-06,2.06676e-06,5.86733e-08,0,2.55182e-06,2.56207e-06,-8.56219e-05,-0.00160278
24,2.04584e-06,2.06676e-06,5.58794e-08,0,2.55182e-06,2.56207e-06,7.56864e-05,-0.00231915
24.1,2.04467e-06,2.06676e-06,6.23986e-08,0,2.55182e-06,2.56207e-06,0.00128869,-0.00151724
24.2,2.04536e-06,2.06676e-06,5.86733e-08,0,2.55182e-06,2.56207e-06,0.00229617,-0.00156139
24.3,2.04584e-06,2.06676e-06,5.58794e-08,0,2.55182e-06,2.56207e-06,0.00263893,-0.00136719
24.4,2.04467e-06,2.06676e-06,6.23986e-08,0,2.55182e-06,2.56207e-06,0.00382863,-0.000289121
24.5,2.04536e-06,2.06676e-06,5.86733e-08,0,2.55182e-06,2.56207e-06,0.00387051,-0.000565919
24.6,2.04584e-06,2.06676e-06,5.58794e-08,0,2.55182e-06,2.56207e-06,0.00293961,-0.000908348
24.7,2.04467e-06,2.06676e-06,6.23986e-08,0,2.55182e-06,2.56207e-06,0.00186638,-0.00218862
24.8,2.04536e-06,2.06676e-06,5.86733e-08,0,2.55182e-06,2.56207e-06,0.00219155,-0.00131895
24.9,2.04584e-06,2.06676e-06,5.58794e-08,0,2.55182e-06,2.56207e-06,0.00294574,-0.000491544
25,2.04467e-06,2.06676e-06,6.23986e-08,0,2.55182e-06,2.56207e-06,0.00272152,-0.000430823
25.1,2.04536e-06,2.06676e-06,5.86733e-08,0,2.55182e-06,2.56207e-06,0.00331177,-0.000352202
25.2,2.04584e-06,2.06676e-06,5.58794e-08,0,2.55182e-06,2.56207e-06,0.0034086,-0.00021524
25.3,2.04467e-06,2.06676e-06,6.23986e-08,0,2.55182e-06,2.56207e-06,0.0042844,-2.05451e-05
25.4,2.04536e-06,2.06676e-06,5.86733e-08,0,2.55182e-06,2.56207e-06,0.0047217,0.000528387
25.5,2.04584e-06,2.06676e-06,5.58794e-08,0,2.55182e-06,2.56207e-06,0.00367381,-0.00072398
25.6,2.04467e-06,2.06676e-06,6.23986e-08,0,2.55182e-06,2.56207e-06,0.0032647,-0.000632349
25.7,2.04536e-06,2.06676e-06,5.86733e-08,0,2.55182e-06,2.56207e-06,0.000806689,-0.00307179
25.8,2.04584e-06,2.06676e-06,5.58794e-08,0,2.55182e-06,2.56207e-06,-0.000763444,-0.0035444
25.9,2.04467e-06,2.06676e-06,6.23986e-08,0,2.55182e-06,2.56207e-06,-0.000605269,-0.00317513
26,2.04536e-06,2.06676e-06,5.86733e-08,0,2.55182e-06,2.56207e-06,-0.00173175,-0.00292212
26.1,2.04584e-06,2.06676e-06,5.58794e-08,0,2.55182e-06,2.56207e-06,-0.00191024,-0.00171963
26.2,2.04467e-06,2.06676e-06,6.23986e-08,0,2.55182e-06,2.56207e-06,-0.0030598,-0.000988116
26.3,2.04536e-06,2.06676e-06,5.86733e-08,0,2.55182e-06,2.56207e-06,-0.00280185,-0.000372007
26.4,2.04584e-06,2.06676e-06,5.58794e-08,0,2.55182e-06,2.56207e-06,-0.00296671,-0.000724707
26.5,2.04467e-06,2.06676e-06,6.23986e-08,0,2.55182e-06,2.56207e-06,-0.00416506,-0.00170833
26.6,2.04536e-06,2.06676e-06,5.86733e-08,0,2.55182e-06,2.56207e-06,-0.00337286,-0.0013095
26.7,2.04584e-06,2.06676e-06,5.58794e-08,0,2.55182e-06,2.56207e-06,-0.00346261,-0.00137984
26.8,2.04467e-06,2.06676e-06,6.23986e-08,0,2.55182e-06,2.56207e-06,-0.00443619,-0.0028565
26.9,2.04536e-06,2.06676e-06,5.86733e-08,0,2.55182e-06,2.56207e-06,-0.00427093,-0.00253478
27,2.04584e-06,2.06676e-06,5.58794e-08,0,2.55182e-06,2.56207e-06,-0.00462621,-0.0037067
27.1,2.04467e-06,2.06676e-06,6.23986e-08,0,2.55182e-06,2.56207e-06,-0.00473875,-0.00388092
27.2,2.04536e-06,2.06676e-06,5.86733e-08,0,2.55182e-06,2.56207e-06,-0.00361776,-0.00241885
27.3,2.04584e-06,2.06676e-06,5.58794e-08,0,2.55182e-06,2.56207e-06,-0.00268956,-0.00205222
27.4,2.04467e-06,2.06676e-06,6.23986e-08,0,2.55182e-06,2.56207e-06,-0.00268211,-0.00207401
27.5,2.04536e-06,2.06676e-06,5.86733e-08,0,2.55182e-06,2.56207e-06,-0.00167339,-0.00311734
27.6,2.04584e-06,2.06676e-06,5.58794e-08,0,2.55182e-06,2.56207e-06,-0.000694337,-0.00224415
27.7,2.04467e-06,2.06676e-06,6.23986e-08,0,2.55182e-06,2.56207e-06,-0.000599594,-0.0027654
27.8,2.04536e-06,2.06676e-06,5.86733e-08,0,2.55182e-06,2.56207e-06,-8.4391e-05,-0.00296203
27.9,2.04584e-06,2.06676e-06,5.58794e-08,0,2.55182e-06,2.56207e-06,0.000515978,-0.00243851
28,2.04467e-06,2.06676e-06,6.23986e-08,0,2.55182e-06,2.56207e-06,-0.000368261,-0.00382263
28.1,2.04536e-06,2.06676e-06,5.86733e-08,0,2.55182e-06,2.56207e-06,-0.00154902,-0.00466124
28.2,2.04584e-06,2.06676e-06,5.58794e-08,0,2.55182e-06,2.56207e-06,-0.00165437,-0.00505132
28.3,2.04467e-06,2.06676e-06,6.23986e-08,0,2.55182e-06,2.56207e-06,-0.00111371,-0.00407289
28.4,2.04536e-06,2.06676e-06,5.86733e-08,0,2.55182e-06,2.56207e-06,-0.0011553,-0.00328482
28.5,2.04584e-06,2.06676e-06,5.58794e-08,0,2.55182e-06,2.56207e-06,-0.000585503,-0.00305483
28.6,2.04467e-06,2.06676e-06,6.23986e-08,0,2.55182e-06,2.56207e-06,-0.000443739,-0.00302769
28.7,2.04536e-06,2.06676e-06,5.86733e-08,0,2.55182e-06,2.56207e-06,-0.00101803,-0.0033102
28.8,2.04584e-06,2.06676e-06,5.58794e-08,0,2.55182e-06,2.56207e-06,0.00018021,-0.00247822
28.9,2.04467e-06,2.06676e-06,6.23986e-08,0,2.55182e-06,2.56207e-06,0.00112103,-0.00235618
29,2.04536e-06,2.06676e-06,5.86733e-08,0,2.55182e-06,2.56207e-06,0.00250269,-0.00195251
29.1,2.04584e-06,2.06676e-06,5.58794e-08,0,2.55182e-06,2.56207e-06,0.00317484,-0.00187759
29.2,2.04467e-06,2.06676e-06,6.23986e-08,0,2.55182e-06,2.56207e-06,0.00396287,-0.0025749
29.3,2.04536e-06,2.06676e-06,5.86733e-08,0,2.55182e-06,2.56207e-06,0.00326346,-0.00425039
29.4,2.04584e-06,2.06676e-06,5.58794e-08,0,2.55182e-06,2.56207e-06,0.00386681,-0.00357254
29.5,2.04467e-06,2.06676e-06,6.23986e-08,0,2.55182e-06,2.56207e-06,0.00377248,-0.00383827
29.6,2.04536e-06,2.06676e-06,5.86733e-08,0,2.55182e-06,2.56207e-06,0.00383714,-0.00311577
29.7,2.04584e-06,2.06676e-06,5.58794e-08,0,2.55182e-06,2.56207e-06,0.00489907,-0.00172877
29.8,2.04467e-06,2.06676e-06,6.23986e-08,0,2.55182e-06,2.56207e-06,0.00413613,-0.00222235
29.9,2.04536e-06,2.06676e-06,5.86733e-08,0,2.55182e-06,2.56207e-06,0.00319911,-0.00265756
30,2.04584e-06,2.06676e-06,5.58794e-08,0,2.55182e-06,2.56207e-06,0.00261866,-0.00310312
30.1,2.04467e-06,2.06676e-06,6.23986e-08,0,2.55182e-06,2.56207e-06,0.00279516,-0.00302608
30.2,2.04536e-06,2.06676e-06,5.86733e-08,0,2.55182e-06,2.56207e-06,0.00367299,-0.00211901
30.3,2.04584e-06,2.06676e-06,5.58794e-08,0,2.55182e-06,2.56207e-06,0.00408827,-0.0023716
30.4,2.04467e-06,2.06676e-06,6.23986e-08,0,2.55182e-06,2.56207e-06,0.00263491,-0.00329562
30.5,2.04536e-06,2.06676e-06,5.86733e-08,0,2.55182e-06,2.56207e-06,0.00178778,-0.0033989
30.6,2.04584e-06,2.06676e-06,5.58794e-08,0,2.55182e-06,2.56207e-06,0.00142577,-0.0027733
30.7,2.04467e-06,2.06676e-06,6.23986e-08,0,2.55182e-06,2.56207e-06,0.00182012,-0.00181888
30.8,2.04536e-06,2.06676e-06,5.86733e-08,0,2.55182e-06,2.56207e-06,0.0023235,-0.000868545
30.9,2.04584e-06,2.06676e-06,5.58794e-08,0,2.55182e-06,2.56207e-06,0.00233012,-0.000296947
31,2.04467e-06,2.06676e-06,6.23986e-08,0,2.55182e-06,2.56207e-06,0.00084401,-0.000913057
31.1,2.04536e-06,2.06676e-06,5.86733e-08,0,2.55182e-06,2.56207e-06,9.067e-05,-0.00116139
31.2,2.04584e-06,2.06676e-06,5.58794e-08,0,2.55182e-06,2.56207e-06,0.000163946,-0.000477239
31.3,2.04467e-06,2.06676e-06,6.23986e-08,0,2.55182e-06,2.56207e-06,1.00357e-05,-0.000327849
31.4,2.04536e-06,2.06676e-06,5.86733e-08,0,2.55182e-06,2.56207e-06,4.26127e-05,0.000364272
31.5,2.04584e-06,2.06676e-06,5.58794e-08,0,2.55182e-06,2.56207e-06,-0.0009815,-0.000423986
31.6,2.04467e-06,2.06676e-06,6.23986e-08,0,2.55182e-06,2.56207e-06,-0.00243032,-0.0016139
31.7,2.04536e-06,2.06676e-06,5.86733e-08,0,2.55182e-06,2.56207e-06,-0.00317941,-0.00149193
31.8,2.04584e-06,2.06676e-06,5.58794e-08,0,2.55182e-06,2.56207e-06,-0.0028031,-0.000795021
31.9,2.04467e-06,2.06676e-06,6.23986e-08,0,2.55182e-06,2.56207e-06,-0.00337847,-0.00115866
32,2.04536e-06,2.06676e-06,5.86733e-08,0,2.55182e-06,2.56207e-06,-0.00291996,-0.000217765
32.1,2.04584e-06,2.06676e-06,5.58794e-08,0,2.55182e-06,2.56207e-06,-0.00321594,-0.000222614
32.2,2.04467e-06,2.06676e-06,6.23986e-08,0,2.55182e-06,2.56207e-06,-0.00339195,-0.00036703
32.3,2.04536e-06,2.06676e-06,5.86733e-08,0,2.55182e-06,2.56207e-06,-0.00341765,-1.06673e-05
32.4,2.04584e-06,2.06676e-06,5.58794e-08,0,2.55182e-06,2.56207e-06,-0.00374647,0.000262632
32.5,2.04467e-06,2.06676e-06,6.23986e-08,0,2.55182e-06,2.56207e-06,-0.00314809,0.00117008
32.6,2.04536e-06,2.06676e-06,5.86733e-08,0,2.55182e-06,2.56207e-06,-0.00318183,0.00177113
32.7,2.04584e-06,2.06676e-06,5.58794e-08,0,2.55182e-06,2.56207e-06,-0.00339089,0.00113112
32.8,2.04467e-06,2.06676e-06,6.23986e-08,0,2.55182e-06,2.56207e-06,-0.00426329,0.000186152
32.9,2.04536e-06,2.06676e-06,5.86733e-08,0,2.55182e-06,2.56207e-06,-0.00430891,0.00058151
33,2.04584e-06,2.06676e-06,5.58794e-08,0,2.55182e-06,2.56207e-06,-0.00493042,3.42707e-05
33.1,2.04467e-06,2.06676e-06,6.23986e-08,0,2.55182e-06,2.56207e-06,-0.00572119,-0.000566315
33.2,2.04536e-06,2.06676e-06,5.86733e-08,0,2.55182e-06,2.56207e-06,-0.00549943,-0.000524068
33.3,2.04584e-06,2.06676e-06,5.58794e-08,0,2.55182e-06,2.56207e-06,-0.00538841,-0.00187513
33.4,2.04467e-06,2.06676e-06,6.23986e-08,0,2.55182e-06,2.56207e-06,-0.00574223,-0.00217986
33.5,2.04536e-06,2.06676e-06,5.86733e-08,0,2.55182e-06,2.56207e-06,-0.00640496,-0.00310961
33.6,2.04584e-06,2.06676e-06,5.58794e-08,0,2.55182e-06,2.56207e-06,-0.00605874,-0.00276083
33.7,2.04467e-06,2.06676e-06,6.23986e-08,0,2.55182e-06,2.56207e-06,-0.0048506,-0.00156464
33.8,2.04536e-06,2.06676e-06,5.86733e-08,0,2.55182e-06,2.56207e-06,-0.00465423,-0.00231361
33.9,2.04584e-06,2.06676e-06,5.58794e-08,0,2.55182e-06,2.56207e-06,-0.0047921,-0.00321156
34,2.04467e-06,2.06676e-06,6.23986e-08,0,2.55182e-06,2.56207e-06,-0.00515198,-0.0042886
34.1,2.04536e-06,2.06676e-06,5.86733e-08,0,2.55182e-06,2.56207e-06,-0.00550658,-0.00464277
34.2,2.04584e-06,2.06676e-06,5.58794e-08,0,2.55182e-06,2.56207e-06,-0.00537175,-0.00455896
34.3,2.04467e-06,2.06676e-06,6.23986e-08,0,2.55182e-06,2.56207e-06,-0.00420309,-0.0033109
34.4,2.04536e-06,2.06676e-06,5.86733e-08,0,2.55182e-06,2.56207e-06,-0.00335592,-0.00240396
34.5,2.04584e-06,2.06676e-06,5.58794e-08,0,2.55182e-06,2.56207e-06,-0.00321318,-0.00248982
34.6,2.04467e-06,2.06676e-06,6.23986e-08,0,2.55182e-06,2.56207e-06,-0.00354152,-0.00315199
34.7,2.04536e-06,2.06676e-06,5.86733e-08,0,2.55182e-06,2.56207e-06,-0.00318023,-0.00220224
34.8,2.04584e-06,2.06676e-06,5.58794e-08,0,2.55182e-06,2.56207e-06,-0.00211661,-0.000470541
34.9,2.04467e-06,2.06676e-06,6.23986e-08,0,2.55182e-06,2.56207e-06,-0.000973485,0.000381881
35,2.04536e-06,2.06676e-06,5.86733e-08,0,2.55182e-06,2.56207e-06,-7.82089e-05,0.00163147
35.1,2.04584e-06,2.06676e-06,5.58794e-08,0,2.55182e-06,2.56207e-06,-0.000814066,0.000597862
35.2,2.04467e-06,2.06676e-06,6.23986e-08,0,2.55182e-06,2.56207e-06,-0.000668419,0.00047948
35.3,2.04536e-06,2.06676e-06,5.86733e-08,0,2.55182e-06,2.56207e-06,0.000709034,0.00108171
35.4,2.04584e-06,2.06676e-06,5.58794e-08,0,2.55182e-06,2.56207e-06,0.00026208,-0.000429904
35.5,2.04467e-06,2.06676e-06,6.23986e-08,0,2.55182e-06,2.56207e-06,0.0007324,-1.20955e-05
35.6,2.04536e-06,2.06676e-06,5.86733e-08,0,2.55182e-06,2.56207e-06,0.00205396,0.00077714
35.7,2.04584e-06,2.06676e-06,5.58794e-08,0,2.55182e-06,2.56207e-06,0.00258152,4.82957e-06
35.8,2.04467e-06,2.06676e-06,6.23986e-08,0,2.55182e-06,2.56207e-06,0.00301996,0.000387141
35.9,2.04536e-06,2.06676e-06,5.86733e-08,0,2.55182e-06,2.56207e-06,0.00308724,-0.000218357
36,2.04584e-06,2.06676e-06,5.58794e-08,0,2.55182e-06,2.56207e-06,0.00241945,-0.000152539
36.1,2.04467e-06,2.06676e-06,6.23986e-08,0,2.55182e-06,2.56207e-06,0.00216753,0.000219211
36.2,2.04536e-06,2.06676e-06,5.86733e-08,0,2.55182e-06,2.56207e-06,0.00173561,-0.000505972
36.3,2.04584e-06,2.06676e-06,5.58794e-08,0,2.55182e-06,2.56207e-06,0.000942096,-0.00105574
36.4,2.04467e-06,2.06676e-06,6.23986e-08,0,2.55182e-06,2.56207e-06,-0.000192559,-0.00260554
36.5,2.04536e-06,2.06676e-06,5.86733e-08,0,2.55182e-06,2.56207e-06,-0.0015805,-0.00318218
36.6,2.04584e-06,2.06676e-06,5.58794e-08,0,2.55182e-06,2.56207e-06,-0.00137928,-0.00284478
36.7,2.04467e-06,2.06676e-06,6.23986e-08,0,2.55182e-06,2.56207e-06,-0.000790289,-0.00214203
36.8,2.04536e-06,2.06676e-06,5.86733e-08,0,2.55182e-06,2.56207e-06,-0.000777477,-0.00177276
36.9,2.04584e-06,2.06676e-06,5.58794e-08,0,2.55182e-06,2.56207e-06,-0.00103548,-0.00105853
37,2.04467e-06,2.06676e-06,6.23986e-08,0,2.55182e-06,2.56207e-06,-0.00202194,-0.00087212
37.1,2.04536e-06,2.06676e-06,5.86733e-08,0,2.55182e-06,2.56207e-06,-0.00175109,0.00106742
37.2,2.04584e-06,2.06676e-06,5.58794e-08,0,2.55182e-06,2.56207e-06,-0.00232083,0.00137772
37.3,2.04467e-06,2.06676e-06,6.23986e-08,0,2.55182e-06,2.56207e-06,-0.00167233,0.00235983
37.4,2.04536e-06,2.06676e-06,5.86733e-08,0,2.55182e-06,2.56207e-06,-0.00170505,0.00161805
37.5,2.04584e-06,2.06676e-06,5.58794e-08,0,2.55182e-06,2.56207e-06,-0.00189631,0.00145561
37.6,2.04467e-06,2.06676e-06,6.23986e-08,0,2.55182e-06,2.56207e-06,-0.00277504,0.000408043
37.7,2.04536e-06,2.06676e-06,5.86733e-08,0,2.55182e-06,2.56207e-06,-0.00337027,0.000568617
37.8,2.04584e-06,2.06676e-06,5.58794e-08,0,2.55182e-06,2.56207e-06,-0.00325783,0.00124198
37.9,2.04467e-06,2.06676e-06,6.23986e-08,0,2.55182e-06,2.56207e-06,-0.0036539,0.000933643
38,2.04536e-06,2.06676e-06,5.86733e-08,0,2.55182e-06,2.56207e-06,-0.0034856,0.000783056
38.1,2.04584e-06,2.06676e-06,5.58794e-08,0,2.55182e-06,2.56207e-06,-0.00283138,0.00062299
38.2,2.04467e-06,2.06676e-06,6.23986e-08,0,2.55182e-06,2.56207e-06,-0.00280186,0.000417504
38.3,2.04536e-06,2.06676e-06,5.86733e-08,0,2.55182e-06,2.56207e-06,-0.00265526,0.000200183
38.4,2.04584e-06,2.06676e-06,5.58794e-08,0,2.55182e-06,2.56207e-06,-0.00280165,0.000329145
38.5,2.04467e-06,2.06676e-06,6.23986e-08,0,2.55182e-06,2.56207e-06,-0.00163433,0.000934247
38.6,2.04536e-06,2.06676e-06,5.86733e-08,0,2.55182e-06,2.56207e-06,-0.000426058,0.000912873
38.7,2.04584e-06,2.06676e-06,5.58794e-08,0,2.55182e-06,2.56207e-06,-0.000395059,-6.29411e-05
38.8,2.04467e-06,2.06676e-06,6.23986e-08,0,2.55182e-06,2.56207e-06,4.49978e-05,-0.000134294
38.9,2.04536e-06,2.06676e-06,5.86733e-08,0,2.55182e-06,2.56207e-06,0.000293266,0.000251218
39,2.04584e-06,2.06676e-06,5.58794e-08,0,2.55182e-06,2.56207e-06,0.000644587,0.000455263
39.1,2.04467e-06,2.06676e-06,6.23986e-08,0,2.55182e-06,2.56207e-06,0.00113147,0.000196589
39.2,2.04536e-06,2.06676e-06,5.86733e-08,0,2.55182e-06,2.56207e-06,0.00192774,0.000609296
39.3,2.04584e-06,2.06676e-06,5.58794e-08,0,2.55182e-06,2.56207e-06,0.00135883,-0.000336764
39.4,2.04467e-06,2.06676e-06,6.23986e-08,0,2.55182e-06,2.56207e-06,0.00139103,-0.000209376
39.5,2.04536e-06,2.06676e-06,5.86733e-08,0,2.55182e-06,2.56207e-06,0.00112817,1.20773e-05
39.6,2.04584e-06,2.06676e-06,5.58794e-08,0,2.55182e-06,2.56207e-06,0.00148353,0.0013512
39.7,2.04467e-06,2.06676e-06,6.23986e-08,0,2.55182e-06,2.56207e-06,0.00210167,0.0009478
39.8,2.04536e-06,2.06676e-06,5.86733e-08,0,2.55182e-06,2.56207e-06,0.00138192,0.000245122
39.9,2.04584e-06,2.06676e-06,5.58794e-08,0,2.55182e-06,2.56207e-06,0.00113739,-0.0002216
40,2.04467e-06,2.06676e-06,6.23986e-08,0,2.55182e-06,2.56207e-06,0.00109604,-0.000828152
40.1,2.04536e-06,2.06676e-06,5.86733e-08,0,2.55182e-06,2.56207e-06,0.00107301,-0.000846269
40.2,2.04584e-06,2.06676e-06,5.58794e-08,0,2.55182e-06,2.56207e-06,0.00185952,-0.000992506
40.3,2.04467e-06,2.06676e-06,6.23986e-08,0,2.55182e-06,2.56207e-06,0.00120041,-0.00137692
40.4,2.04536e-06,2.06676e-06,5.86733e-08,0,2.55182e-06,2.56207e-06,0.00033215,-0.00260739
40.5,2.04584e-06,2.06676e-06,5.58794e-08,0,2.55182e-06,2.56207e-06,-0.000580942,-0.00271794
40.6,2.04467e-06,2.06676e-06,6.23986e-08,0,2.55182e-06,2.56207e-06,-0.000800851,-0.00278161
40.7,2.04536e-06,2.06676e-06,5.86733e-08,0,2.55182e-06,2.56207e-06,-0.000928007,-0.0026522
40.8,2.04584e-06,2.06676e-06,5.58794e-08,0,2.55182e-06,2.56207e-06,-0.00055903,-0.00160875
40.9,2.04467e-06,2.06676e-06,6.23986e-08,0,2.55182e-06,2.56207e-06,0.000446062,-0.00136714
41,2.04536e-06,2.06676e-06,5.86733e-08,0,2.55182e-06,2.56207e-06,0.000739634,-0.0019252
41.1,2.04584e-06,2.06676e-06,5.58794e-08,0,2.55182e-06,2.56207e-06,0.0004213,-0.0026382
41.2,2.04467e-06,2.06676e-06,6.23986e-08,0,2.55182e-06,2.56207e-06,0.000299237,-0.00364243
41.3,2.04536e-06,2.06676e-06,5.86733e-08,0,2.55182e-06,2.56207e-06,-0.000726613,-0.00492163
41.4,2.04584e-06,2.06676e-06,5.58794e-08,0,2.55182e-06,2.56207e-06,-0.000181758,-0.00475671
41.5,2.04467e-06,2.06676e-06,6.23986e-08,0,2.55182e-06,2.56207e-06,-0.00160715,-0.00615669
41.6,2.04536e-06,2.06676e-06,5.86733e-08,0,2.55182e-06,2.56207e-06,-0.00140479,-0.00574111
41.7,2.04584e-06,2.06676e-06,5.58794e-08,0,2.55182e-06,2.56207e-06,-0.00136653,-0.0049987
41.8,2.04467e-06,2.06676e-06,6.23986e-08,0,2.55182e-06,2.56207e-06,-0.00115586,-0.00436925
41.9,2.04536e-06,2.06676e-06,5.86733e-08,0,2.55182e-06,2.56207e-06,-0.000735735,-0.00368616
42,2.04584e-06,2.06676e-06,5.58794e-08,0,2.55182e-06,2.56207e-06,-0.00060668,-0.00338401
42.1,2.04467e-06,2.06676e-06,6.23986e-08,0,2.55182e-06,2.56207e-06,-0.000708908,-0.00313981
42.2,2.04536e-06,2.06676e-06,5.86733e-08,0,2.55182e-06,2.56207e-06,-0.00192899,-0.00427858
42.3,2.04584e-06,2.06676e-06,5.58794e-08,0,2.55182e-06,2.56207e-06,-0.00313046,-0.00453812
42.4,2.04467e-06,2.06676e-06,6.23986e-08,0,2.55182e-06,2.56207e-06,-0.00329105,-0.00366031
42.5,2.04536e-06,2.06676e-06,5.86733e-08,0,2.55182e-06,2.56207e-06,-0.00268939,-0.00238587
42.6,2.04584e-06,2.06676e-06,5.58794e-08,0,2.55182e-06,2.56207e-06,-0.00266109,-0.00305361
42.7,2.04467e-06,2.06676e-06,6.23986e-08,0,2.55182e-06,2.56207e-06,-0.00261055,-0.0022447
42.8,2.04536e-06,2.06676e-06,5.86733e-08,0,2.55182e-06,2.56207e-06,-0.00107787,-0.00054064
42.9,2.04584e-06,2.06676e-06,5.58794e-08,0,2.55182e-06,2.56207e-06,-0.00151539,-0.00156982
43,2.04467e-06,2.06676e-06,6.23986e-08,0,2.55182e-06,2.56207e-06,-0.00128248,-0.00142655
43.1,2.04536e-06,2.06676e-06,5.86733e-08,0,2.55182e-06,2.56207e-06,0.000293816,0.000826784
43.2,2.04584e-06,2.06676e-06,5.58794e-08,0,2.55182e-06,2.56207e-06,0.000380982,0.000902851
43.3,2.04467e-06,2.06676e-06,6.23986e-08,0,2.55182e-06,2.56207e-06,0.00150418,0.00170973
43.4,2.04536e-06,2.06676e-06,5.86733e-08,0,2.55182e-06,2.56207e-06,0.00202517,0.00155346
43.5,2.04584e-06,2.06676e-06,5.58794e-08,0,2.55182e-06,2.56207e-06,0.0026328,0.00209791
43.6,2.04467e-06,2.06676e-06,6.23986e-08,0,2.55182e-06,2.56207e-06,0.00242368,0.00245164
43.7,2.04536e-06,2.06676e-06,5.86733e-08,0,2.55182e-06,2.56207e-06,0.00229389,0.00205697
43.8,2.04584e-06,2.06676e-06,5.58794e-08,0,2.55182e-06,2.56207e-06,0.00194771,0.00120962
43.9,2.04467e-06,2.06676e-06,6.23986e-08,0,2.55182e-06,2.56207e-06,0.00259197,0.00075807
44,2.04536e-06,2.06676e-06,5.86733e-08,0,2.55182e-06,2.56207e-06,0.00321656,0.000761536
44.1,2.04584e-06,2.06676e-06,5.58794e-08,0,2.55182e-06,2.56207e-06,0.00296952,0.000185366
44.2,2.04467e-06,2.06676e-06,6.23986e-08,0,2.55182e-06,2.56207e-06,0.00332025,0.000843879
44.3,2.04536e-06,2.06676e-06,5.86733e-08,0,2.55182e-06,2.56207e-06,0.00448685,0.00240813
44.4,2.04584e-06,2.06676e-06,5.58794e-08,0,2.55182e-06,2.56207e-06,0.00409328,0.00238402
44.5,2.04467e-06,2.06676e-06,6.23986e-08,0,2.55182e-06,2.56207e-06,0.00329907,0.00186045
44.6,2.04536e-06,2.06676e-06,5.86733e-08,0,2.55182e-06,2.56207e-06,0.00235039,0.00120569
44.7,2.04584e-06,2.06676e-06,5.58794e-08,0,2.55182e-06,2.56207e-06,0.00112477,0.000154247
44.8,2.04467e-06,2.06676e-06,6.23986e-08,0,2.55182e-06,2.56207e-06,0.00052885,-0.000337944
44.9,2.04536e-06,2.06676e-06,5.86733e-08,0,2.55182e-06,2.56207e-06,0.00023368,-0.00106939
45,2.04584e-06,2.06676e-06,5.58794e-08,0,2.55182e-06,2.56207e-06,0.00100853,-0.000155163
45.1,2.04467e-06,2.06676e-06,6.23986e-08,0,2.55182e-06,2.56207e-06,0.00195113,0.000188942
45.2,2.04536e-06,2.06676e-06,5.86733e-08,0,2.55182e-06,2.56207e-06,0.00235695,-7.60927e-05
45.3,2.04584e-06,2.06676e-06,5.58794e-08,0,2.55182e-06,2.56207e-06,0.00198874,5.49479e-05
45.4,2.04467e-06,2.06676e-06,6.23986e-08,0,2.55182e-06,2.56207e-06,0.00262428,0.00151714
45.5,2.04536e-06,2.06676e-06,5.86733e-08,0,2.55182e-06,2.56207e-06,0.00259559,0.00273711
45.6,2.04584e-06,2.06676e-06,5.58794e-08,0,2.55182e-06,2.56207e-06,0.00282362,0.00268147
45.7,2.04467e-06,2.06676e-06,6.23986e-08,0,2.55182e-06,2.56207e-06,0.00317953,0.0021486
45.8,2.04536e-06,2.06676e-06,5.86733e-08,0,2.55182e-06,2.56207e-06,0.00351087,0.00156448
45.9,2.04584e-06,2.06676e-06,5.58794e-08,0,2.55182e-06,2.56207e-06,0.00379321,0.0017623
46,2.04467e-06,2.06676e-06,6.23986e-08,0,2.55182e-06,2.56207e-06,0.00328587,0.000622947
46.1,2.04536e-06,2.06676e-06,5.86733e-08,0,2.55182e-06,2.56207e-06,0.00455285,0.00188246
46.2,2.04584e-06,2.06676e-06,5.58794e-08,0,2.55182e-06,2.56207e-06,0.00456331,0.000950567
46.3,2.04467e-06,2.06676e-06,6.23986e-08,0,2.55182e-06,2.56207e-06,0.0041689,-0.000119612
46.4,2.04536e-06,2.06676e-06,5.86733e-08,0,2.55182e-06,2.56207e-06,0.00445856,-0.00139257
46.5,2.04584e-06,2.06676e-06,5.58794e-08,0,2.55182e-06,2.56207e-06,0.00442403,-0.00131653
46.6,2.04467e-06,2.06676e-06,6.23986e-08,0,2.55182e-06,2.56207e-06,0.0039993,-0.00156325
46.7,2.04536e-06,2.06676e-06,5.86733e-08,0,2.55182e-06,2.56207e-06,0.00401086,-0.00165094
46.8,2.04584e-06,2.06676e-06,5.58794e-08,0,2.55182e-06,2.56207e-06,0.00424708,-0.000962428
46.9,2.04467e-06,2.06676e-06,6.23986e-08,0,2.55182e-06,2.56207e-06,0.00415585,-0.000811833
47,2.04536e-06,2.06676e-06,5.86733e-08,0,2.55182e-06,2.56207e-06,0.00254461,-0.00252147
47.1,2.04584e-06,2.06676e-06,5.58794e-08,0,2.55182e-06,2.56207e-06,0.00134567,-0.00242438
47.2,2.04467e-06,2.06676e-06,6.23986e-08,0,2.55182e-06,2.56207e-06,0.00154489,-0.00217394
47.3,2.04536e-06,2.06676e-06,5.86733e-08,0,2.55182e-06,2.56207e-06,0.00230085,-0.00153707
47.4,2.04584e-06,2.06676e-06,5.58794e-08,0,2.55182e-06,2.56207e-06,0.00279944,-0.00144467
47.5,2.04467e-06,2.06676e-06,6.23986e-08,0,2.55182e-06,2.56207e-06,0.00297476,-0.00107042
47.6,2.04536e-06,2.06676e-06,5.86733e-08,0,2.55182e-06,2.56207e-06,0.0033535,-0.000888046
47.7,2.04584e-06,2.06676e-06,5.58794e-08,0,2.55182e-06,2.56207e-06,0.00335642,-0.000339785
47.8,2.04467e-06,2.06676e-06,6.23986e-08,0,2.55182e-06,2.56207e-06,0.00293526,-0.000459553
47.9,2.04536e-06,2.06676e-06,5.86733e-08,0,2.55182e-06,2.56207e-06,0.00373198,0.000803745
48,2.04584e-06,2.06676e-06,5.58794e-08,0,2.55182e-06,2.56207e-06,0.00390624,0.000645683
48.1,2.04467e-06,2.06676e-06,6.23986e-08,0,2.55182e-06,2.56207e-06,0.00380117,0.00031863
48.2,2.04536e-06,2.06676e-06,5.86733e-08,0,2.55182e-06,2.56207e-06,0.00421155,-0.000286769
48.3,2.04584e-06,2.06676e-06,5.58794e-08,0,2.55182e-06,2.56207e-06,0.00475287,-9.12244e-05
48.4,2.04467e-06,2.06676e-06,6.23986e-08,0,2.55182e-06,2.56207e-06,0.0052972,-0.000658936
48.5,2.04536e-06,2.06676e-06,5.86733e-08,0,2.55182e-06,2.56207e-06,0.00545732,-0.00143328
48.6,2.04584e-06,2.06676e-06,5.58794e-08,0,2.55182e-06,2.56207e-06,0.00470941,-0.00208193
48.7,2.04467e-06,2.06676e-06,6.23986e-08,0,2.55182e-06,2.56207e-06,0.00293828,-0.00358028
48.8,2.04536e-06,2.06676e-06,5.86733e-08,0,2.55182e-06,2.56207e-06,0.00143905,-0.00354485
48.9,2.04584e-06,2.06676e-06,5.58794e-08,0,2.55182e-06,2.56207e-06,0.000347145,-0.00404211
49,2.04467e-06,2.06676e-06,6.23986e-08,0,2.55182e-06,2.56207e-06,0.000560003,-0.0022154
49.1,2.04536e-06,2.06676e-06,5.86733e-08,0,2.55182e-06,2.56207e-06,0.000440658,-0.00100627
49.2,2.04584e-06,2.06676e-06,5.58794e-08,0,2.55182e-06,2.56207e-06,-0.000397022,-0.00188963
49.3,2.04467e-06,2.06676e-06,6.23986e-08,0,2.55182e-06,2.56207e-06,-0.000150366,-0.00222824
49.4,2.04536e-06,2.06676e-06,5.86733e-08,0,2.55182e-06,2.56207e-06,0.000526293,-0.00205574
49.5,2.04584e-06,2.06676e-06,5.58794e-08,0,2.55182e-06,2.56207e-06,0.00137736,-0.0012608
49.6,2.04467e-06,2.06676e-06,6.23986e-08,0,2.55182e-06,2.56207e-06,0.00133847,-0.00137461
49.7,2.04536e-06,2.06676e-06,5.86733e-08,0,2.55182e-06,2.56207e-06,0.00152201,-0.00190418
49.8,2.04584e-06,2.06676e-06,5.58794e-08,0,2.55182e-06,2.56207e-06,0.00149184,-0.00248247
49.9,2.04467e-06,2.06676e-06,6.23986e-08,0,2.55182e-06,2.56207e-06,0.000901317,-0.00266703
50,2.04536e-06,2.06676e-06,5.86733e-08,0,2.55182e-06,2.56207e-06,0.000487613,-0.00303463
50.1,2.04584e-06,2.06676e-06,5.58794e-08,0,2.55182e-06,2.56207e-06,0.000167324,-0.00187255
50.2,2.04467e-06,2.06676e-06,6.23986e-08,0,2.55182e-06,2.56207e-06,0.000241637,-0.000900715
50.3,2.04536e-06,2.06676e-06,5.86733e-08,0,2.55182e-06,2.56207e-06,-0.00129885,-0.00137441
50.4,2.04584e-06,2.06676e-06,5.58794e-08,0,2.55182e-06,2.56207e-06,-0.0021109,-0.00146929
50.5,2.04467e-06,2.06676e-06,6.23986e-08,0,2.55182e-06,2.56207e-06,-0.00212016,-0.000476213
50.6,2.04536e-06,2.06676e-06,5.86733e-08,0,2.55182e-06,2.56207e-06,-0.00255972,-0.0011066
50.7,2.04584e-06,2.06676e-06,5.58794e-08,0,2.55182e-06,2.56207e-06,-0.00267371,-0.000853676
50.8,2.04467e-06,2.06676e-06,6.23986e-08,0,2.55182e-06,2.56207e-06,-0.00233863,0.000469433
50.9,2.04536e-06,2.06676e-06,5.86733e-08,0,2.55182e-06,2.56207e-06,-0.0013504,0.00166812
51,2.04584e-06,2.06676e-06,5.58794e-08,0,2.55182e-06,2.56207e-06,-0.00199791,0.000612284
51.1,2.04467e-06,2.06676e-06,6.23986e-08,0,2.55182e-06,2.56207e-06,-0.00199191,0.000117761
51.2,2.04536e-06,2.06676e-06,5.86733e-08,0,2.55182e-06,2.56207e-06,-0.00144932,0.000485545
51.3,2.04584e-06,2.06676e-06,5.58794e-08,0,2.55182e-06,2.56207e-06,-0.00080913,0.00113705
51.4,2.04467e-06,2.06676e-06,6.23986e-08,0,2.55182e-06,2.56207e-06,0.000144576,0.00129525
51.5,2.04536e-06,2.06676e-06,5.86733e-08,0,2.55182e-06,2.56207e-06,-0.000387529,0.000273933
51.6,2.04584e-06,2.06676e-06,5.58794e-08,0,2.55182e-06,2.56207e-06,-0.000441911,-0.000160377
51.7,2.04467e-06,2.06676e-06,6.23986e-08,0,2.55182e-06,2.56207e-06,-0.000838377,-0.000879996
51.8,2.04536e-06,2.06676e-06,5.86733e-08,0,2.55182e-06,2.56207e-06,-0.00106633,-0.00120165
51.9,2.04584e-06,2.06676e-06,5.58794e-08,0,2.55182e-06,2.56207e-06,-0.000660984,-0.000413816
52,2.04467e-06,2.06676e-06,6.23986e-08,0,2.55182e-06,2.56207e-06,-0.000206312,-0.00114269
52.1,2.04536e-06,2.06676e-06,5.86733e-08,0,2.55182e-06,2.56207e-06,-0.000351417,-0.00252576
52.2,2.04584e-06,2.06676e-06,5.58794e-08,0,2.55182e-06,2.56207e-06,-0.00168359,-0.0048639
52.3,2.04467e-06,2.06676e-06,6.23986e-08,0,2.55182e-06,2.56207e-06,-0.0023163,-0.00524688
52.4,2.04536e-06,2.06676e-06,5.86733e-08,0,2.55182e-06,2.56207e-06,-0.00167326,-0.00481621
52.5,2.04584e-06,2.06676e-06,5.58794e-08,0,2.55182e-06,2.56207e-06,-0.00131142,-0.00401703
52.6,2.04467e-06,2.06676e-06,6.23986e-08,0,2.55182e-06,2.56207e-06,-0.00144883,-0.00397579
52.7,2.04536e-06,2.06676e-06,5.86733e-08,0,2.55182e-06,2.56207e-06,-0.00250984,-0.0041969
52.8,2.04584e-06,2.06676e-06,5.58794e-08,0,2.55182e-06,2.56207e-06,-0.00322172,-0.00362833
52.9,2.04467e-06,2.06676e-06,6.23986e-08,0,2.55182e-06,2.56207e-06,-0.00392056,-0.00403625
53,2.04536e-06,2.06676e-06,5.86733e-08,0,2.55182e-06,2.56207e-06,-0.00362137,-0.00318509
53.1,2.04584e-06,2.06676e-06,5.58794e-08,0,2.55182e-06,2.56207e-06,-0.00295886,-0.00174863
53.2,2.04467e-06,2.06676e-06,6.23986e-08,0,2.55182e-06,2.56207e-06,-0.00301181,-0.00160223
53.3,2.04536e-06,2.06676e-06,5.86733e-08,0,2.55182e-06,2.56207e-06,-0.00305016,-0.00116183
53.4,2.04584e-06,2.06676e-06,5.58794e-08,0,2.55182e-06,2.56207e-06,-0.00332773,-0.0018078
53.5,2.04467e-06,2.06676e-06,6.23986e-08,0,2.55182e-06,2.56207e-06,-0.00269312,-0.000194762
53.6,2.04536e-06,2.06676e-06,5.86733e-08,0,2.55182e-06,2.56207e-06,-0.00261059,-0.000714787
53.7,2.04584e-06,2.06676e-06,5.58794e-08,0,2.55182e-06,2.56207e-06,-0.00180263,2.91375e-05
53.8,2.04467e-06,2.06676e-06,6.23986e-08,0,2.55182e-06,2.56207e-06,-0.000968113,3.69929e-05
53.9,2.04536e-06,2.06676e-06,5.86733e-08,0,2.55182e-06,2.56207e-06,-0.000521839,-0.000376485
54,2.04584e-06,2.06676e-06,5.58794e-08,0,2.55182e-06,2.56207e-06,0.0001683,-4.59976e-05
54.1,2.04467e-06,2.06676e-06,6.23986e-08,0,2.55182e-06,2.56207e-06,0.000626224,0.000273832
54.2,2.04536e-06,2.06676e-06,5.86733e-08,0,2.55182e-06,2.56207e-06,0.00116493,0.000473162
54.3,2.04584e-06,2.06676e-06,5.58794e-08,0,2.55182e-06,2.56207e-06,0.00081742,0.000256489
54.4,2.04467e-06,2.06676e-06,6.23986e-08,0,2.55182e-06,2.56207e-06,0.000436725,-0.000170307
54.5,2.04536e-06,2.06676e-06,5.86733e-08,0,2.55182e-06,2.56207e-06,0.000668714,-0.00139208
54.6,2.04584e-06,2.06676e-06,5.58794e-08,0,2.55182e-06,2.56207e-06,0.00111862,-0.00219723
54.7,2.04467e-06,2.06676e-06,6.23986e-08,0,2.55182e-06,2.56207e-06,0.000193426,-0.00315422
54.8,2.04536e-06,2.06676e-06,5.86733e-08,0,2.55182e-06,2.56207e-06,0.000207933,-0.00274996
54.9,2.04584e-06,2.06676e-06,5.58794e-08,0,2.55182e-06,2.56207e-06,0.000152653,-0.00226566
55,2.04467e-06,2.06676e-06,6.23986e-08,0,2.55182e-06,2.56207e-06,-0.000238026,-0.00232081
55.1,2.04536e-06,2.06676e-06,5.86733e-08,0,2.55182e-06,2.56207e-06,-0.0010927,-0.00293557
55.2,2.04584e-06,2.06676e-06,5.58794e-08,0,2.55182e-06,2.56207e-06,-0.00172598,-0.00275627
55.3,2.04467e-06,2.06676e-06,6.23986e-08,0,2.55182e-06,2.56207e-06,-0.00103019,-0.000941185
55.4,2.04536e-06,2.06676e-06,5.86733e-08,0,2.55182e-06,2.56207e-06,-0.00110825,0.000450101
55.5,2.04584e-06,2.06676e-06,5.58794e-08,0,2.55182e-06,2.56207e-06,-0.00093931,0.00104337
55.6,2.04467e-06,2.06676e-06,6.23986e-08,0,2.55182e-06,2.56207e-06,-0.0011163,0.00111098
55.7,2.04536e-06,2.06676e-06,5.86733e-08,0,2.55182e-06,2.56207e-06,-0.00160344,0.00096876
55.8,2.04584e-06,2.06676e-06,5.58794e-08,0,2.55182e-06,2.56207e-06,-0.00236693,-0.00018383
55.9,2.04467e-06,2.06676e-06,6.23986e-08,0,2.55182e-06,2.56207e-06,-0.00274618,-0.000121467
56,2.04536e-06,2.06676e-06,5.86733e-08,0,2.55182e-06,2.56207e-06,-0.00158445,0.00183747
56.1,2.04584e-06,2.06676e-06,5.58794e-08,0,2.55182e-06,2.56207e-06,-0.00184705,0.00298936
56.2,2.04467e-06,2.06676e-06,6.23986e-08,0,2.55182e-06,2.56207e-06,-0.00164087,0.00465443
56.3,2.04536e-06,2.06676e-06,5.86733e-08,0,2.55182e-06,2.56207e-06,-0.0012323,0.00557719
56.4,2.04584e-06,2.06676e-06,5.58794e-08,0,2.55182e-06,2.56207e-06,-0.00086264,0.00494046
56.5,2.04467e-06,2.06676e-06,6.23986e-08,0,2.55182e-06,2.56207e-06,-0.000205762,0.005646
56.6,2.04536e-06,2.06676e-06,5.86733e-08,0,2.55182e-06,2.56207e-06,0.00129221,0.00580377
56.7,2.04584e-06,2.06676e-06,5.58794e-08,0,2.55182e-06,2.56207e-06,0.00221636,0.00588033
56.8,2.04467e-06,2.06676e-06,6.23986e-08,0,2.55182e-06,2.56207e-06,0.00179944,0.0040756
56.9,2.04536e-06,2.06676e-06,5.86733e-08,0,2.55182e-06,2.56207e-06,0.00218567,0.00379482
57,2.04584e-06,2.06676e-06,5.58794e-08,0,2.55182e-06,2.56207e-06,0.00257833,0.00257193
57.1,2.04467e-06,2.06676e-06,6.23986e-08,0,2.55182e-06,2.56207e-06,0.00224351,0.00220188
57.2,2.04536e-06,2.06676e-06,5.86733e-08,0,2.55182e-06,2.56207e-06,0.00288681,0.00300741
57.3,2.04584e-06,2.06676e-06,5.58794e-08,0,2.55182e-06,2.56207e-06,0.00238349,0.003411
57.4,2.04467e-06,2.06676e-06,6.23986e-08,0,2.55182e-06,2.56207e-06,0.00174849,0.0027553
57.5,2.04536e-06,2.06676e-06,5.86733e-08,0,2.55182e-06,2.56207e-06,0.00204599,0.00194931
57.6,2.04584e-06,2.06676e-06,5.58794e-08,0,2.55182e-06,2.56207e-06,0.00135268,0.00041715
57.7,2.04467e-06,2.06676e-06,6.23986e-08,0,2.55182e-06,2.56207e-06,0.0011485,0.000185652
57.8,2.04536e-06,2.06676e-06,5.86733e-08,0,2.55182e-06,2.56207e-06,0.00278748,0.000553372
57.9,2.04584e-06,2.06676e-06,5.58794e-08,0,2.55182e-06,2.56207e-06,0.00411337,0.000587713
58,2.04467e-06,2.06676e-06,6.23986e-08,0,2.55182e-06,2.56207e-06,0.00324772,-0.00139468
58.1,2.04536e-06,2.06676e-06,5.86733e-08,0,2.55182e-06,2.56207e-06,0.00231165,-0.00239178
58.2,2.04584e-06,2.06676e-06,5.58794e-08,0,2.55182e-06,2.56207e-06,0.00196316,-0.00334262
58.3,2.04467e-06,2.06676e-06,6.23986e-08,0,2.55182e-06,2.56207e-06,0.00130807,-0.00316891
58.4,2.04536e-06,2.06676e-06,5.86733e-08,0,2.55182e-06,2.56207e-06,0.00102807,-0.00206494
58.5,2.04584e-06,2.06676e-06,5.58794e-08,0,2.55182e-06,2.56207e-06,0.00179291,-0.00107855
58.6,2.04467e-06,2.06676e-06,6.23986e-08,0,2.55182e-06,2.56207e-06,0.00136694,-0.0013312
58.7,2.04536e-06,2.06676e-06,5.86733e-08,0,2.55182e-06,2.56207e-06,0.000578122,-0.00210828
58.8,2.04584e-06,2.06676e-06,5.58794e-08,0,2.55182e-06,2.56207e-06,0.000609438,-0.00188935
58.9,2.04467e-06,2.06676e-06,6.23986e-08,0,2.55182e-06,2.56207e-06,0.000749257,-0.000983689
59,2.04536e-06,2.06676e-06,5.86733e-08,0,2.55182e-06,2.56207e-06,0.00160066,-0.000674005
59.1,2.04584e-06,2.06676e-06,5.58794e-08,0,2.55182e-06,2.56207e-06,0.00277697,0.000683517
59.2,2.04467e-06,2.06676e-06,6.23986e-08,0,2.55182e-06,2.56207e-06,0.00268288,0.000554213
59.3,2.04536e-06,2.06676e-06,5.86733e-08,0,2.55182e-06,2.56207e-06,0.00252212,3.59298e-05
59.4,2.04584e-06,2.06676e-06,5.58794e-08,0,2.55182e-06,2.56207e-06,0.00244942,0.000480409
59.5,2.04467e-06,2.06676e-06,6.23986e-08,0,2.55182e-06,2.56207e-06,0.00285041,0.00133495
59.6,2.04536e-06,2.06676e-06,5.86733e-08,0,2.55182e-06,2.56207e-06,0.00355402,0.00170816
59.7,2.04584e-06,2.06676e-06,5.58794e-08,0,2.55182e-06,2.56207e-06,0.00401997,0.00235554
59.8,2.04467e-06,2.06676e-06,6.23986e-08,0,2.55182e-06,2.56207e-06,0.00401809,0.00229155
59.9,2.04536e-06,2.06676e-06,5.86733e-08,0,2.55182e-06,2.56207e-06,0.00291351,0.00152976
