t,gyro_rate,accel_angle,true_angle,true_bias
0,1.066964627,0.3369762659,0.3321631364,0.02952915973
0.02,0.8936196288,0.3634449051,0.3508253296,0.02905436819
0.04,0.6448393478,0.3713768697,0.3658309542,0.02880184169
0.06,0.4783386324,0.3739301329,0.376762676,0.02893834014
0.08,0.2666143482,0.3832323081,0.3833473249,0.02821761997
0.1,-0.01200844672,0.408648973,0.385471313,0.0281365014
0.12,-0.14944406,0.3913009572,0.3831890168,0.02853607267
0.14,-0.4025222461,0.3989294944,0.3767237,0.02884839312
0.16,-0.5876294413,0.366597948,0.3664608987,0.02826915917
0.18,-0.7425967127,0.3403272196,0.3529345242,0.02858304642
0.2,-0.7988125967,0.3509520864,0.3368062767,0.02860394858
0.22,-0.9108475908,0.2997386406,0.3188392603,0.02904524826
0.24,-0.9074966767,0.2999766886,0.2998669599,0.02898200393
0.26,-0.9129015605,0.2863236562,0.2807589468,0.0292814089
0.28,-0.8450522953,0.272777996,0.2623848341,0.029057569
0.3,-0.8053248081,0.2455644916,0.2455780804,0.02915933758
0.32,-0.6053924434,0.2481883082,0.231101253,0.02961296067
0.34,-0.4226685467,0.2203875248,0.2196142948,0.02970220444
0.36,-0.2705482252,0.1946595834,0.2116472066,0.03000892626
0.38,-0.04299146126,0.2032207702,0.2075783601,0.03003800688
0.4,0.130260147,0.2152836944,0.2076194013,0.03004349451
0.42,0.300313283,0.2306385737,0.2118074121,0.03079182238
0.44,0.5413159838,0.2050548044,0.220004667,0.03106919191
0.46,0.6974696634,0.2374361442,0.2319059867,0.0313788458
0.48,0.8553411685,0.248935038,0.247053342,0.03189564541
0.5,0.9927693851,0.2633176719,0.2648570434,0.03125747779
0.52,1.061278967,0.2982970401,0.2846225509,0.0315269407
0.54,1.100710733,0.3049269692,0.3055816905,0.03219688062
0.56,1.13206996,0.3422212043,0.3269268672,0.03223697147
0.58,1.045131659,0.3707551362,0.3478467318,0.0317392651
0.6,0.9577425662,0.3791134477,0.3675616969,0.03165203955
0.62,0.8387425261,0.3888211769,0.3853577078,0.03194305986
0.64,0.7483236347,0.4042384318,0.4006167588,0.03152832304
0.66,0.5339051307,0.4108859474,0.4128427931,0.03227813724
0.68,0.3592897038,0.437399952,0.4216818414,0.03213097434
0.7,0.233529795,0.4255928466,0.4269355153,0.03141065981
0.72,0.009370593571,0.4292963456,0.4285672788,0.03097601909
0.74,-0.1867095793,0.4230484953,0.4267012492,0.03073656252
0.76,-0.2864562428,0.4074749314,0.4216136213,0.03064353812
0.78,-0.4345544123,0.3986463506,0.4137171447,0.03036178192
0.8,-0.5154234501,0.3986028774,0.4035393989,0.03014982369
0.82,-0.5742123369,0.3880991267,0.3916958964,0.03046602652
0.84,-0.6348525076,0.3669940941,0.3788592744,0.02978917711
0.86,-0.6179836368,0.3755646033,0.3657260166,0.02948360334
0.88,-0.5977067005,0.3559535504,0.352982255,0.02986546067
0.9,-0.4990418844,0.3344312455,0.3412702428,0.03052018879
0.92,-0.4436623336,0.3263586124,0.3311570568,0.0307868764
0.94,-0.3248733279,0.3326746681,0.3231069838,0.03099892125
0.96,-0.246584015,0.2971821065,0.3174588739,0.03090513154
0.98,-0.05263386367,0.3280731534,0.3144095184,0.03057669232
1,0.05906036654,0.322570653,0.3140038261,0.03028886652
1.02,0.15320037,0.3265866759,0.3161322663,0.03016083128
1.04,0.3234220383,0.3232094873,0.3205357065,0.03019771832
1.06,0.3717412846,0.336603846,0.3268174359,0.03014259477
1.08,0.4304503513,0.3255296556,0.3344618335,0.02965388216
1.1,0.4569853228,0.3484773437,0.3428588336,0.02982923052
1.12,0.4261511425,0.3483737946,0.3513330729,0.03032497612
1.14,0.4059191017,0.3571726425,0.3591763867,0.03160674584
1.16,0.3164835118,0.3745273815,0.3656821658,0.03089650139
1.18,0.1773755938,0.3745787917,0.3701799948,0.03061156435
1.2,0.07534859332,0.3753692331,0.3720689778,0.03080257437
1.22,-0.07786995487,0.3708537946,0.3708482129,0.03094977551
1.24,-0.2982575009,0.3680695749,0.3661430006,0.0306656427
1.26,-0.4956967772,0.3643847117,0.3577255667,0.0298882024
1.28,-0.7053164437,0.3324419497,0.3455293204,0.02967549934
1.3,-0.8436261648,0.3207667821,0.3296559659,0.02961293917
1.32,-1.00137229,0.3081513125,0.3103751029,0.02903545492
1.34,-1.100190863,0.2856623424,0.2881162954,0.02937736274
1.36,-1.274396307,0.2410199434,0.2634539257,0.02916132595
1.38,-1.301479814,0.2179584902,0.2370854813,0.02926540922
1.4,-1.368899217,0.2025252819,0.209804215,0.02886403231
1.42,-1.332664828,0.1916344752,0.1824673814,0.02892173525
1.44,-1.253550409,0.1764040435,0.1559614473,0.02916598937
1.46,-1.17208672,0.1307934316,0.1311658172,0.02920463483
1.48,-0.9718010228,0.1122872438,0.1089166808,0.02957642774
1.5,-0.8339134319,0.09735482972,0.08997258888,0.02954128058
1.52,-0.605773004,0.06004731907,0.07498328177,0.02968116373
1.54,-0.3923304504,0.04484173237,0.06446315713,0.03008079682
1.56,-0.1552875786,0.07719727389,0.05877054866,0.02955217698
1.58,0.1330428668,0.06155232659,0.0580937308,0.02985426702
1.6,0.345490083,0.06977775314,0.06244426072,0.03017827175
1.62,0.6042743019,0.07766576711,0.07165793918,0.02965433533
1.64,0.8033075365,0.07528521492,0.08540333006,0.02959211445
1.66,0.9981549564,0.09558516374,0.1031974385,0.02956665209
1.68,1.173172987,0.1217865285,0.1244278268,0.02973420837
1.7,1.274234386,0.1600933419,0.1483801588,0.02955570094
1.72,1.356776691,0.1602359823,0.1742699223,0.02956840298
1.74,1.40717479,0.2006575946,0.2012768907,0.02893883431
1.76,1.390792944,0.2455475254,0.2285807698,0.0287296501
1.78,1.367004428,0.2695448807,0.2553964211,0.02896380561
1.8,1.318611651,0.2737120107,0.28100708,0.02850735719
1.82,1.138793304,0.3098265236,0.3047940812,0.02867302985
1.84,1.035652859,0.3319684068,0.3262617657,0.02904742146
1.86,0.8769178108,0.3434005963,0.3450564676,0.02808421109
1.88,0.7601458124,0.3510851944,0.3609787502,0.02841795702
1.9,0.6025370445,0.359017337,0.3739883716,0.02938958784
1.92,0.4696327024,0.3964098579,0.3842017919,0.02911561095
1.94,0.3467967349,0.3823469444,0.3918823765,0.02976434188
1.96,0.2669947536,0.3962261517,0.397423783,0.02971785282
1.98,0.183887535,0.3999862416,0.4013273297,0.02945980575
2,0.1703263212,0.4174573304,0.4041744204,0.02904971166
2.02,0.121538887,0.404601635,0.4065953216,0.02921344796
2.04,0.1674444824,0.4286827609,0.409235758,0.0297803825
2.06,0.2092764539,0.40343294,0.4127228869,0.03008812911
2.08,0.3290877552,0.4096377839,0.4176322419,0.03062321808
2.1,0.4145352095,0.4264995286,0.4244571898,0.03034833994
2.12,0.5262342104,0.4399367492,0.4335823278,0.03010377044
2.14,0.6447227974,0.4479650167,0.4452620675,0.03009859567
2.16,0.8409008424,0.4493438482,0.4596054131,0.03030353412
2.18,0.9324984013,0.487941043,0.4765676569,0.03003485036
2.2,1.066276845,0.4872024805,0.4959493963,0.03040104862
2.22,1.15757502,0.5115420409,0.5174029418,0.03043934775
2.24,1.20128434,0.5369388939,0.5404458427,0.0299857129
2.26,1.267511026,0.5508172229,0.5644809335,0.0301757729
2.28,1.271938541,0.5887978479,0.588821998,0.02935757456
2.3,1.208793679,0.6122997001,0.6127238944,0.02975787281
2.32,1.106461681,0.641275293,0.6354157714,0.02998433175
2.34,0.9550621251,0.6557713138,0.6561358652,0.03005516711
2.36,0.8846801581,0.6812695242,0.6741662884,0.02974229615
2.38,0.6799241012,0.7003380008,0.6888662176,0.02958131846
2.4,0.532838603,0.7025055544,0.6997019582,0.02966185844
2.42,0.2533235633,0.7218177627,0.7062724978,0.02944723872
2.44,0.01439384232,0.6909971703,0.7083293667,0.02955288399
2.46,-0.2065315474,0.6949277722,0.705789874,0.02975408993
2.48,-0.4131215268,0.6786633887,0.6987430902,0.02944128163
2.5,-0.6359334378,0.6911822671,0.6874482704,0.03008371546
2.52,-0.7923518144,0.6675928864,0.6723257565,0.03077463927
2.54,-0.9764914418,0.655746579,0.6539407341,0.03084067379
2.56,-1.066277769,0.6180675993,0.6329805453,0.03113958637
2.58,-1.191371833,0.6091011772,0.6102265472,0.03042783951
2.6,-1.177341045,0.579424193,0.5865217577,0.03009743155
2.62,-1.142216136,0.555816597,0.5627357157,0.02993991804
2.64,-1.085959375,0.5553324622,0.5397281149,0.03103513618
2.66,-1.022253305,0.523241577,0.5183128229,0.03139549454
2.68,-0.8635351182,0.4838710747,0.499223883,0.03161200527
2.7,-0.6757861382,0.4774190454,0.4830850061,0.0310326668
2.72,-0.4629114799,0.474612489,0.4703839041,0.03080911978
2.74,-0.3244837781,0.4526924348,0.461452599,0.03110296082
2.76,-0.16202683,0.4467700532,0.4564545697,0.03102953555
2.78,0.069416545,0.4523968921,0.455379296,0.03091457748
2.8,0.2424372534,0.452160564,0.4580444208,0.03115297006
2.82,0.4497147783,0.4458260409,0.4641054123,0.03137223354
2.84,0.5402909478,0.4874896454,0.4730722697,0.03177195974
2.86,0.6895347791,0.4857783882,0.4843324994,0.03149412344
2.88,0.7027883785,0.4897248584,0.4971793087,0.03205199444
2.9,0.7356291339,0.5188070916,0.51084373,0.03308519539
2.92,0.7281416551,0.5226742823,0.5245292143,0.03246782545
2.94,0.6070881802,0.5252250113,0.5374471263,0.03239003388
2.96,0.5707951334,0.5446703506,0.5488515346,0.03166700064
2.98,0.4334548154,0.5460968275,0.558071728,0.03132697472
3,0.2916510168,0.5552223403,0.5645409966,0.03136439872
3.02,0.09767668169,0.56604333,0.5678203882,0.03140242786
3.04,-0.1050674157,0.582314452,0.5676163858,0.03028236437
3.06,-0.2185760935,0.5863896463,0.5637917287,0.03080106941
3.08,-0.3977940408,0.5620671122,0.5563689157,0.03106904382
3.1,-0.582623393,0.5522807165,0.5455262655,0.03103697529
3.12,-0.7537355252,0.5560621625,0.5315867478,0.03087623346
3.14,-0.8390193135,0.5088558821,0.5150001313,0.0303263628
3.16,-0.892355595,0.510392299,0.4963192992,0.03057417171
3.18,-1.01891564,0.4900617286,0.4761718497,0.03043310253
3.2,-1.00834706,0.4610204661,0.4552283128,0.03002513336
3.22,-1.024476952,0.4302641532,0.434168471,0.0302112188
3.24,-0.9657576856,0.4141070661,0.4136473555,0.03047287576
3.26,-0.9333835442,0.3827997181,0.3942625031,0.03018580395
3.28,-0.7990509517,0.3690668409,0.3765240045,0.03071523364
3.3,-0.6929068169,0.3713398403,0.3608287408,0.03058783056
3.32,-0.570130387,0.3455550762,0.3474400155,0.0310739117
3.34,-0.4681038386,0.3392401183,0.3364735439,0.03050292943
3.36,-0.3231927964,0.3234515889,0.3278904628,0.03122341081
3.38,-0.2319579395,0.321525796,0.321497711,0.03136525636
3.4,-0.1485472551,0.3402577301,0.316955782,0.03065827941
3.42,-0.1222130437,0.3257014457,0.3137935212,0.03055784565
3.44,-0.1192368046,0.3306462092,0.3114293082,0.03070609704
3.46,-0.1192954576,0.3123181715,0.3091976738,0.03084156714
3.48,-0.153921766,0.2964108161,0.3063801511,0.02986745568
3.5,-0.2081473365,0.3008285895,0.302238959,0.03013898361
3.52,-0.3523674204,0.2930290715,0.2960519874,0.02947051717
3.54,-0.4833211342,0.2861552538,0.2871474876,0.02968622125
3.56,-0.6887836673,0.2733704979,0.2749368803,0.02924247558
3.58,-0.8470570958,0.2617932149,0.2589441763,0.02853569098
3.6,-1.077057952,0.2293551653,0.2388306524,0.0286059914
3.62,-1.312254364,0.2127482064,0.2144136397,0.02827648211
3.64,-1.539845146,0.1724679203,0.1856785427,0.02830472272
3.66,-1.700828842,0.1530397708,0.1527835128,0.02827941819
3.68,-1.873016949,0.1159839801,0.1160565318,0.027777889
3.7,-2.035564044,0.08707320526,0.07598500058,0.02815398323
3.72,-2.175068224,0.03895488004,0.03319826852,0.02829273925
3.74,-2.238816412,-0.02785868167,-0.01155614277,0.0285130248
3.76,-2.261765756,-0.03607858941,-0.05744158297,0.02788279292
3.78,-2.265475182,-0.1113287021,-0.1035653069,0.02828541086
3.8,-2.223317099,-0.1577260367,-0.1490140414,0.02888015308
3.82,-2.120208226,-0.2052514076,-0.1928905129,0.02907447975
3.84,-1.922889308,-0.2372284069,-0.2343493196,0.02973317661
3.86,-1.792317523,-0.280436536,-0.2726305619,0.03039067901
3.88,-1.614092309,-0.3028307056,-0.3070897443,0.03045677648
3.9,-1.345317339,-0.3281138598,-0.3372226318,0.03009886526
3.92,-1.140838535,-0.3612254839,-0.3626839694,0.02990997936
3.94,-0.8795350876,-0.3730197332,-0.3832992516,0.03046706048
3.96,-0.6508230245,-0.3905653432,-0.3990690412,0.03067740627
3.98,-0.3725093246,-0.4461534243,-0.410165672,0.0308900252
4,-0.1907452593,-0.4169478985,-0.4169225135,0.03024407299
4.02,-0.005146156116,-0.4278458349,-0.4198163108,0.03061768466
4.04,0.09492218867,-0.4161637924,-0.4194434215,0.03050105718
4.06,0.1772372238,-0.4054757725,-0.416491047,0.03016678391
4.08,0.2976914947,-0.4359508957,-0.4117047777,0.02997451298
4.1,0.3324703656,-0.3987821787,-0.4058539359,0.03032389114
4.12,0.3738515443,-0.3929902504,-0.3996962923,0.03025968611
4.14,0.2903393619,-0.398182438,-0.3939437623,0.02961567986
4.16,0.2569501703,-0.3822708673,-0.3892306322,0.03006008045
4.18,0.1121835455,-0.3651312604,-0.3860857508,0.02976316915
4.2,0.02439462556,-0.3704849521,-0.384909936,0.02986146819
4.22,-0.07128537152,-0.3801318855,-0.3859596028,0.02935629313
4.24,-0.16012876,-0.4099885847,-0.3893373365,0.02942698598
4.26,-0.3068176664,-0.3956644491,-0.3949898108,0.02965894668
4.28,-0.3480230586,-0.3976228185,-0.4027131159,0.02957823683
4.3,-0.4933113443,-0.4281329616,-0.4121652227,0.02965127571
4.32,-0.5200598095,-0.4114405297,-0.4228849782,0.02913036669
4.34,-0.5482288315,-0.4269091912,-0.434316732,0.02914995708
4.36,-0.5015891876,-0.4434845924,-0.4458394341,0.02938985031
4.38,-0.4757048433,-0.4713400963,-0.4567988389,0.02914756571
4.4,-0.378868095,-0.4691644468,-0.4665413097,0.02917709529
4.42,-0.3099458294,-0.4665388759,-0.4744476425,0.02843033071
4.44,-0.1731800996,-0.4748383926,-0.4799653302,0.02815707158
4.46,-0.03380187783,-0.4826637818,-0.4826377553,0.02871853688
4.48,0.1182519677,-0.4759532625,-0.4821289438,0.02825648261
4.5,0.2935772057,-0.4688823196,-0.4782427133,0.02828219765
4.52,0.4568258164,-0.4917189103,-0.4709353066,0.02824789228
4.54,0.6204030818,-0.4609542507,-0.4603208981,0.02791938956
4.56,0.7870695052,-0.4636215433,-0.4466696909,0.02733893313
4.58,0.8744654163,-0.4443321487,-0.4303986573,0.02771891852
4.6,0.9827389502,-0.4045076378,-0.4120553172,0.02839982457
4.62,1.059645482,-0.3987856786,-0.3922952663,0.02802322567
4.64,1.055485291,-0.3804870666,-0.3718544553,0.02830354421
4.66,1.00261412,-0.3327578005,-0.3515174638,0.02813466655
4.68,0.9408944237,-0.3329373129,-0.3320831973,0.02848384635
4.7,0.8839794947,-0.3100241543,-0.3143295606,0.02912333618
4.72,0.7218718444,-0.3002406676,-0.2989787067,0.02895068681
4.74,0.5419713928,-0.2955042298,-0.2866644442,0.02980478619
4.76,0.3944147743,-0.2585525995,-0.2779032871,0.03005331156
4.78,0.2287334203,-0.2678570369,-0.2730704743,0.03005730171
4.8,-0.03306576694,-0.276750469,-0.2723820603,0.0295748035
4.82,-0.2648450405,-0.2678210197,-0.2758839095,0.0299793934
4.84,-0.4314468169,-0.2862687541,-0.2834481153,0.0295439479
4.86,-0.6569841489,-0.2840291333,-0.2947770304,0.02986572808
4.88,-0.7685338942,-0.3147272893,-0.3094147539,0.02933547501
4.9,-0.8828812858,-0.3262516591,-0.3267655832,0.02959119687
4.92,-0.9915309216,-0.3311733159,-0.3461186249,0.02946983324
4.94,-0.9990764785,-0.3502579638,-0.3666774818,0.02913339216
4.96,-0.9861910744,-0.379779553,-0.3875937032,0.02907277258
4.98,-0.9832779966,-0.4244982643,-0.4080025169,0.02893350188
5,-0.8387699499,-0.4286097639,-0.4270592576,0.02886297833
5.02,-0.7648752782,-0.4298829323,-0.4439748767,0.02877179949
5.04,-0.6164701404,-0.4680082821,-0.4580489579,0.02894069231
5.06,-0.4255167986,-0.4767120582,-0.4686987782,0.02811984044
5.08,-0.2239802596,-0.4788218845,-0.4754831329,0.0284008792
5.1,-0.009646991692,-0.4805184201,-0.4781198767,0.02840510408
5.12,0.2466041405,-0.4912515753,-0.4764964223,0.02878620149
5.14,0.4329421487,-0.4732919076,-0.47067275,0.02853986622
5.16,0.6313900878,-0.4681357303,-0.4608768251,0.02940219239
5.18,0.7714850836,-0.4370351532,-0.4474926585,0.03008536395
5.2,0.9488187025,-0.4116604371,-0.4310415779,0.03003520466
5.22,1.013965721,-0.411461257,-0.4121575847,0.02956355201
5.24,1.106168659,-0.3891914244,-0.3915579324,0.02915435604
5.26,1.119809135,-0.3680901639,-0.3700102794,0.02976455388
5.28,1.116112307,-0.357086205,-0.3482979191,0.02937474894
5.3,1.044996624,-0.3210761346,-0.3271846728,0.0299074494
5.32,0.9997922412,-0.331515899,-0.3073810435,0.02957467861
5.34,0.8578596382,-0.2922116142,-0.2895131655,0.02945085619
5.36,0.7337635137,-0.2626094015,-0.274095954,0.03015775073
5.38,0.5712351765,-0.248625233,-0.2615116633,0.03022021654
5.4,0.4233365801,-0.2581023269,-0.2519948132,0.03033549266
5.42,0.2920891168,-0.2622974738,-0.2456241476,0.02989731256
5.44,0.1360429081,-0.2507764742,-0.242321968,0.03027591617
5.46,-0.01057997406,-0.2336104434,-0.2418608447,0.02975350545
5.48,-0.137793303,-0.2600081809,-0.2438773692,0.02981720505
5.5,-0.1995608209,-0.2463717979,-0.2478922901,0.03000865703
5.52,-0.236511381,-0.2701710571,-0.2533360798,0.02997910411
5.54,-0.2725875501,-0.2825637698,-0.2595787325,0.03000930413
5.56,-0.2704892206,-0.2887846342,-0.2659623973,0.03030186088
5.58,-0.2317704986,-0.2656422667,-0.2718353226,0.02922125655
5.6,-0.1950219557,-0.2890863538,-0.2765855253,0.02884320727
5.62,-0.07062555307,-0.2883402353,-0.2796726116,0.02915580322
5.64,0.007411739922,-0.2826922554,-0.28065626,0.02895110137
5.66,0.163164989,-0.2999164919,-0.2792200292,0.0293181248
5.68,0.29747344,-0.2628581334,-0.2751893668,0.0293484732
5.7,0.43557996,-0.2601743974,-0.268542961,0.0286872556
5.72,0.5148338189,-0.2714637869,-0.2594168798,0.02897047082
5.74,0.6415974777,-0.2331103165,-0.2481012743,0.02892979747
5.76,0.7205898944,-0.2258545834,-0.2350297633,0.0288638268
5.78,0.7652773657,-0.2151688754,-0.2207619501,0.02968876189
5.8,0.7990844994,-0.2024269661,-0.2059598405,0.02967943691
5.82,0.7238448532,-0.1820046711,-0.1913592112,0.02937722035
5.84,0.7044087338,-0.1991602494,-0.1777372088,0.02922350892
5.86,0.563782747,-0.1457822864,-0.1658776402,0.02919787393
5.88,0.4046524113,-0.1630609377,-0.1565355187,0.02916046275
5.9,0.2547387392,-0.1509095919,-0.1504024726,0.0291930104
5.92,0.06484330577,-0.156522456,-0.1480745867,0.02888471777
5.94,-0.161465026,-0.1437696037,-0.1500241403,0.02854292139
5.96,-0.4137924658,-0.1584292518,-0.1565765349,0.0295311232
5.98,-0.6518552036,-0.1654017336,-0.1678934708,0.03015064414
6,-0.8764542905,-0.1712619387,-0.1839631538,0.02992061191
6.02,-1.1164964,-0.2076094708,-0.2045979968,0.03033174897
6.04,-1.314854045,-0.2282696843,-0.2294399452,0.02996289578
6.06,-1.474935324,-0.2642364828,-0.2579732113,0.03018010097
6.08,-1.648118621,-0.2710236592,-0.2895438698,0.03044476617
6.1,-1.697125371,-0.3185338949,-0.3233854576,0.03087293024
6.12,-1.742216317,-0.3548422286,-0.3586494522,0.03047670789
6.14,-1.727967911,-0.3959071513,-0.3944392804,0.03061103269
6.16,-1.689432908,-0.430541974,-0.4298463547,0.03049929721
6.18,-1.631635771,-0.4551138996,-0.4639865401,0.03131026325
6.2,-1.518886883,-0.4981163677,-0.496035439,0.03161890132
6.22,-1.30444069,-0.5353394378,-0.5252609335,0.03184839923
6.24,-1.22795332,-0.55394231,-0.5510515512,0.03155268543
6.26,-0.9602748976,-0.5731656015,-0.5729394092,0.03168161561
6.28,-0.7457213397,-0.573464724,-0.5906167368,0.03199154312
6.3,-0.5510868278,-0.5897488039,-0.6039452689,0.03252274025
6.32,-0.3109468434,-0.6230662445,-0.6129581228,0.03257031575
6.34,-0.1254943917,-0.6166186021,-0.6178541139,0.03250660114
6.36,0.06832540404,-0.6233451205,-0.6189848029,0.03293102135
6.38,0.1592258973,-0.6184030792,-0.6168348987,0.03326195893
6.4,0.3092861107,-0.6253377755,-0.6119969369,0.03289011661
6.42,0.3983434688,-0.5899272635,-0.6051414129,0.0327223577
6.44,0.4520113604,-0.5911914942,-0.5969837506,0.03280085225
6.46,0.4588841598,-0.5821911513,-0.5882496259,0.03284460121
6.48,0.4683460709,-0.5895402316,-0.5796402388,0.03312662805
6.5,0.3737910367,-0.579775048,-0.5717991208,0.0330227904
6.52,0.3219077284,-0.5866915277,-0.5652819952,0.03264322416
6.54,0.2159697365,-0.5645638521,-0.56053106,0.03209712436
6.56,0.1040672139,-0.5386314898,-0.5578548613,0.03179041836
6.58,0.02412798841,-0.5656991332,-0.5574146634,0.03165225031
6.6,-0.1164571804,-0.5325397202,-0.5592179257,0.0319323919
6.62,-0.2455530672,-0.5682132941,-0.5631191642,0.03176931786
6.64,-0.2987297165,-0.5603823531,-0.5688281415,0.03125823357
6.66,-0.3506145906,-0.5775021883,-0.5759249871,0.03135273542
6.68,-0.3625483521,-0.5844483401,-0.5838815345,0.03174707402
6.7,-0.3765461724,-0.5884767173,-0.592087875,0.0309551118
6.72,-0.3742474556,-0.6082362842,-0.5998828865,0.03182016046
6.74,-0.2452250816,-0.6102643048,-0.606587315,0.03185104865
6.76,-0.1888922124,-0.593139148,-0.6115378667,0.03148297134
6.78,-0.03284671239,-0.6320613935,-0.6141207207,0.03164521286
6.8,0.1392150772,-0.6139800279,-0.6138028995,0.032197701
6.82,0.2962941022,-0.5996318628,-0.6101600284,0.03222424875
6.84,0.5201541103,-0.5957033765,-0.6028991807,0.03144930542
6.86,0.710145916,-0.5961718795,-0.591875729,0.03120821244
6.88,0.837647371,-0.5794021874,-0.5771033949,0.03099408629
6.9,1.052245729,-0.5572297057,-0.5587570009,0.03070847183
6.92,1.154174982,-0.5380225473,-0.5371677609,0.03063648725
6.94,1.332575332,-0.5182855612,-0.5128112873,0.03087046276
6.96,1.359930657,-0.4944043903,-0.4862888259,0.03097441273
6.98,1.456312658,-0.4437601606,-0.4583025398,0.03046741337
7,1.454069389,-0.4429622044,-0.4296259392,0.03070882938
7.02,1.442392255,-0.4084244816,-0.4010707746,0.03028226741
7.04,1.376124166,-0.3810572847,-0.373451879,0.03054048875
7.06,1.256411323,-0.3398678136,-0.3475515391,0.03043933269
7.08,1.129381229,-0.3166592204,-0.3240850021,0.03013266195
7.1,1.015310126,-0.3034404233,-0.3036686774,0.02984898573
7.12,0.8069720115,-0.2902868788,-0.2867924734,0.03080402271
7.14,0.5768580357,-0.2736046149,-0.2737975273,0.03094580406
7.16,0.3506744016,-0.2535035965,-0.2648603427,0.03082951258
7.18,0.1943306095,-0.2630362943,-0.259984066,0.03093864082
7.2,-0.03936124029,-0.2720068479,-0.2589973087,0.03100475378
7.22,-0.1588907447,-0.2469994493,-0.261560587,0.03174465381
7.24,-0.3487490682,-0.2809933169,-0.2671801042,0.03207260553
7.26,-0.4385947968,-0.2897209859,-0.2752282748,0.0316491915
7.28,-0.5012212597,-0.2938783309,-0.2849700834,0.03124484263
7.3,-0.4893933008,-0.3000305412,-0.2955941101,0.03091301682
7.32,-0.4984607859,-0.30735535,-0.3062468455,0.03099880564
7.34,-0.4727558379,-0.3064294064,-0.3160687691,0.0305504518
7.36,-0.3183919917,-0.3233589201,-0.3242305902,0.03061773571
7.38,-0.2093331381,-0.3343757933,-0.3299680396,0.03040128617
7.4,-0.03897507823,-0.3417783488,-0.3326136728,0.03103257746
7.42,0.1453558291,-0.3191559772,-0.3316242778,0.03102148057
7.44,0.3808417276,-0.3196424803,-0.3266026816,0.0316476782
7.46,0.5997747655,-0.3399780746,-0.3173130066,0.03106633579
7.48,0.8179606025,-0.3009111763,-0.3036887204,0.03059469256
7.5,1.03132028,-0.2948492663,-0.2858331531,0.03000235336
7.52,1.190690937,-0.2576809873,-0.2640124953,0.03046552506
7.54,1.380686025,-0.2517177956,-0.238641629,0.0307684318
7.56,1.538188357,-0.2179472539,-0.2102634697,0.03076992674
7.58,1.559840325,-0.1908410777,-0.1795227867,0.03112498927
7.6,1.673882826,-0.1532555156,-0.1471357197,0.03057454516
7.62,1.714343309,-0.1175769453,-0.1138564003,0.03079891486
7.64,1.686251124,-0.08252990748,-0.08044221413,0.03108288203
7.66,1.676866971,-0.02307373023,-0.04761930026,0.03101202786
7.68,1.547430647,-0.01554770291,-0.01604986604,0.03103277649
7.7,1.444198868,0.02059142696,0.01369718903,0.03139101762
7.72,1.375443576,0.03420435513,0.0411710023,0.03218894376
7.74,1.222136304,0.05130448905,0.06605770762,0.03180369846
7.76,1.053598686,0.09181054822,0.0881927697,0.03288885723
7.78,0.9038587179,0.1093575992,0.1075661433,0.03227984856
7.8,0.7956092145,0.1092115502,0.1243200373,0.03271127638
7.82,0.7307329582,0.1567879878,0.1387394051,0.0321661262
7.84,0.5901462295,0.1384195668,0.1512356157,0.03256926658
7.86,0.5374838828,0.1458322432,0.1623240756,0.03236210129
7.88,0.5542412602,0.1640131771,0.172596848,0.03273807628
7.9,0.5416958385,0.1787665754,0.1826915495,0.03293390102
7.92,0.5804846539,0.1760300058,0.1932579713,0.03325974844
7.94,0.6618128794,0.2091809852,0.2049239848,0.03420243336
7.96,0.7509760793,0.2226581681,0.218262319,0.03436251053
7.98,0.8604504838,0.2373881404,0.2337597642,0.0349639273
8,0.9987233666,0.2581282979,0.2517902454,0.03441117376
8.02,1.151683787,0.2807427507,0.2725930321,0.03486720167
8.04,1.29363282,0.2954446767,0.2962571216,0.0352909591
8.06,1.38819701,0.3286716206,0.3227125486,0.03583374718
8.08,1.608943883,0.3373475468,0.351729059,0.03624821183
8.1,1.684223335,0.3730412771,0.3829222528,0.03594295438
8.12,1.743632838,0.4180905166,0.4157669542,0.03567662233
8.14,1.766012268,0.4617609406,0.4496172421,0.03480790544
8.16,1.736868086,0.4744521727,0.4837322664,0.03445230671
8.18,1.702581914,0.5166677331,0.5173067074,0.03497789617
8.2,1.593446459,0.5376841878,0.5495045268,0.03518685534
8.22,1.496853065,0.5742459434,0.5794945004,0.0348882167
8.24,1.285149775,0.6151177866,0.6064859407,0.03456622427
8.26,1.099920253,0.6118295327,0.6297630043,0.03475177851
8.28,0.8809450653,0.6647791092,0.6487160387,0.03497789804
8.3,0.6377662868,0.6706179136,0.6628685537,0.03577528309
8.32,0.320743717,0.6839904815,0.6718985978,0.03519871463
8.34,0.06276371585,0.6690940415,0.6756535677,0.03471906772
8.36,-0.1708704809,0.6638341338,0.6741577752,0.03544063149
8.38,-0.4362077013,0.6702181232,0.66761242,0.03573614026
8.4,-0.5761119007,0.6753496727,0.6563879562,0.03501650808
8.42,-0.8068764944,0.6404394795,0.6410091852,0.03430004188
8.44,-1.000137242,0.6145579951,0.6221337289,0.03431016524
8.46,-1.123529871,0.5701013893,0.6005248411,0.03387392518
8.48,-1.185686279,0.5695846678,0.5770197624,0.03451576159
8.5,-1.235829986,0.5511342361,0.5524950263,0.03501353518
8.52,-1.181332148,0.5142441452,0.5278302605,0.03531639188
8.54,-1.148847918,0.510155191,0.5038720906,0.0354926094
8.56,-1.029415202,0.4834498995,0.4813997494,0.03547723059
8.58,-0.916155817,0.4656901316,0.4610939119,0.03566358867
8.6,-0.7499403478,0.4627542514,0.4435101338,0.03603281455
8.62,-0.5845406665,0.4218737506,0.4290580539,0.03600250459
8.64,-0.4158856141,0.4395030634,0.4179872649,0.03560957044
8.66,-0.2325206908,0.4266340607,0.4103804493,0.03556192368
8.68,-0.122097836,0.4055375253,0.4061540508,0.0349873618
8.7,0.04936806899,0.414249713,0.4050664054,0.0355941906
8.72,0.2081858029,0.4158058098,0.406732925,0.03606202265
8.74,0.2741418128,0.40399897,0.4106476008,0.03595446921
8.76,0.3941268104,0.4040453617,0.4162098132,0.03603818264
8.78,0.4048988844,0.4336544102,0.422755195,0.03599196139
8.8,0.4015902163,0.4187723687,0.4295891127,0.03565527864
8.82,0.3517112902,0.4373041665,0.4360212156,0.0358436526
8.84,0.2583944665,0.4418729867,0.4413994577,0.03575356912
8.86,0.1658784334,0.435507474,0.4451420241,0.03521300897
8.88,0.05561797355,0.4499177393,0.4467656945,0.03545767823
8.9,-0.02180821202,0.4511520396,0.4459093416,0.03541637663
8.92,-0.1718726874,0.4390150374,0.4423514867,0.03592735476
8.94,-0.3170059643,0.4486831404,0.4360211124,0.03570354116
8.96,-0.4655273808,0.4283618612,0.4270012398,0.03499802212
8.98,-0.589747635,0.3921728398,0.4155251136,0.03455422436
9,-0.6839503414,0.3935566846,0.4019651766,0.03414061025
9.02,-0.7434377818,0.3648380291,0.3868153503,0.03453433663
9.04,-0.7833092121,0.3851892427,0.370667442,0.03521722691
9.06,-0.7453063196,0.3618859149,0.3541827753,0.03494409821
9.08,-0.7510538129,0.3522762382,0.338060356,0.03513135269
9.1,-0.6789317574,0.3100157258,0.323003051,0.03531833489
9.12,-0.5714188342,0.2927036717,0.3096833467,0.0352796353
9.14,-0.4760948648,0.3274749269,0.2987102805,0.0349820678
9.16,-0.265621458,0.2997922379,0.2905990805,0.03560169992
9.18,-0.1097004708,0.29232631,0.285744936,0.0353170864
9.2,0.04755519479,0.2919941712,0.2844021262,0.03453685099
9.22,0.2596712804,0.2921714202,0.2866694986,0.03438078242
9.24,0.420305566,0.2901749014,0.2924829972,0.03444011352
9.26,0.5260534825,0.3054183951,0.3016156199,0.0344284096
9.28,0.7024268892,0.3229090377,0.3136848471,0.03423750137
9.3,0.8019200581,0.336630234,0.3281672444,0.03392558299
9.32,0.909513909,0.3349661042,0.3444196114,0.03426684696
9.34,0.9044939408,0.3503367085,0.3617057513,0.03446771609
9.36,0.9162639604,0.3805379087,0.3792276799,0.03384723054
9.38,0.8428854596,0.4207117265,0.3961598836,0.03411268693
9.4,0.7105641473,0.4080873733,0.4116850998,0.03487467472
9.42,0.6394676129,0.438859825,0.4250300158,0.03427818618
9.44,0.4793197821,0.439241672,0.435499287,0.03491447899
9.46,0.2621669974,0.4252869813,0.4425063439,0.03489204783
9.48,0.06928514747,0.446935284,0.4455996012,0.034496916
9.5,-0.1300366189,0.4436826078,0.4444828892,0.0344918138
9.52,-0.3454198579,0.4362632984,0.4390291804,0.03430520744
9.54,-0.5232028886,0.4186194171,0.4292869924,0.03449724754
9.56,-0.7903532437,0.4176663249,0.415479169,0.03363178112
9.58,-0.9106335203,0.3838129419,0.397994091,0.03374305803
9.6,-1.100490522,0.3729511358,0.3773697006,0.03312114567
9.62,-1.171304154,0.3506399647,0.3542710538,0.03353048036
9.64,-1.230619965,0.3181315552,0.3294623983,0.03352460288
9.66,-1.246301478,0.3176643497,0.3037750242,0.03286540532
9.68,-1.231148923,0.2805194846,0.2780723225,0.03249934619
9.7,-1.171497467,0.2458802962,0.2532136081,0.03267181453
9.72,-1.019740355,0.2255796721,0.2300183204,0.03357672111
9.74,-0.9312316468,0.2023779995,0.209232193,0.03369933722
9.76,-0.7968870345,0.1807676844,0.1914968922,0.03359459862
9.78,-0.5716043931,0.1787666728,0.1773244654,0.03392164506
9.8,-0.3608413763,0.162816827,0.1670777218,0.03368058596
9.82,-0.165172814,0.1670993596,0.1609573928,0.03345851865
9.84,0.03536895891,0.1582173882,0.1589966169,0.03316419155
9.86,0.2266509893,0.179099881,0.161062956,0.03349946328
9.88,0.3742374971,0.1573788881,0.1668678109,0.03326824188
9.9,0.5627603056,0.1892289736,0.1759827678,0.03361455901
9.92,0.6793834048,0.1877896568,0.1878620927,0.03415452594
9.94,0.7187503802,0.2041879247,0.2018703157,0.03425113054
9.96,0.7911627518,0.2316581888,0.2173136148,0.03459923747
9.98,0.8653304508,0.2227901447,0.2334735414,0.03474584485
10,0.8565618716,0.2346715278,0.2496415247,0.03450422157
10.02,0.7523260814,0.2632391777,0.2651525611,0.03492851927
10.04,0.7116491855,0.2748538198,0.2794165345,0.03575172481
10.06,0.6250182697,0.2889754741,0.2919457263,0.03543800477
10.08,0.5054430605,0.2942535288,0.3023772493,0.03549303584
10.1,0.3520521033,0.3123180137,0.3104893772,0.03543920361
10.12,0.2541329873,0.3065699337,0.3162110214,0.03575780792
10.14,0.175565168,0.3194149635,0.3196239231,0.03673587589
10.16,0.03946967698,0.2988781498,0.3209574658,0.03719006382
10.18,0.004207075815,0.3245870455,0.3205763514,0.03724339508
10.2,-0.04675979983,0.3067338635,0.3189617134,0.03721145579
10.22,-0.07388521414,0.3098189188,0.3166865424,0.03737756787
10.24,-0.0795087706,0.3218383498,0.3143865624,0.03704989289
10.26,-0.02072685996,0.3263415781,0.3127279065,0.03752331071
10.28,0.09604878369,0.3034735813,0.3123730915,0.03710187981
10.3,0.1634632856,0.305638627,0.3139468681,0.03648967485
10.32,0.3286169453,0.3036938384,0.3180035367,0.03711155489
10.34,0.4313798541,0.3363051529,0.3249972507,0.03773520207
10.36,0.596193974,0.3457442413,0.3352566984,0.03770978143
10.38,0.8206125471,0.3546881233,0.3489653556,0.0379778125
10.4,0.9599659891,0.3560624171,0.3661482513,0.03804760221
10.42,1.144235634,0.404828352,0.3866658908,0.03784604954
10.44,1.29237054,0.4072287327,0.4102156588,0.03923710292
10.46,1.423976807,0.4291900894,0.4363406827,0.03916031446
10.48,1.478292474,0.4577091574,0.4644457982,0.03987928733
10.5,1.49285697,0.4887844872,0.4938199345,0.03970975375
10.52,1.536024405,0.5155837179,0.5236639435,0.04019007342
10.54,1.464013948,0.5566700665,0.5531226498,0.03996887118
10.56,1.385838969,0.5741479641,0.5813197005,0.04030500516
10.58,1.27089303,0.6293398305,0.607393668,0.04010882504
10.6,1.124428746,0.6187834629,0.6305337958,0.04107422295
10.62,0.9296330739,0.6667952522,0.6500137938,0.04043692812
10.64,0.7095525249,0.6658893543,0.6652221695,0.04075230805
10.66,0.3913885003,0.6674328222,0.6756877413,0.04007658981
10.68,0.1718531997,0.6746840746,0.6810991897,0.04008465865
10.7,-0.08325549617,0.6811736012,0.6813177727,0.03972914469
10.72,-0.3064192203,0.6733500562,0.6763826353,0.03926785578
10.74,-0.5466637572,0.6590860292,0.6665084786,0.03888560568
10.76,-0.8117278629,0.6592363945,0.652075692,0.03908175236
10.78,-1.001790198,0.636844539,0.6336133958,0.03975349312
10.8,-1.115241614,0.6161798014,0.6117761544,0.03962293137
10.82,-1.201148947,0.5739589014,0.5873154069,0.03934955572
10.84,-1.289275319,0.5494712386,0.5610468969,0.03923927818
10.86,-1.32473095,0.5224636048,0.5338155599,0.03934538746
10.88,-1.332294666,0.4999392343,0.5064594418,0.03933582271
10.9,-1.251973758,0.4865234887,0.4797742581,0.03955689579
10.92,-1.192063047,0.4467632422,0.4544801758,0.04034126584
10.94,-1.053657924,0.446774474,0.431192292,0.04031272963
10.96,-0.8953055031,0.4248691415,0.4103961161,0.04025381475
10.98,-0.8148719121,0.3856971344,0.39242913,0.03994502842
11,-0.6475819557,0.3754431565,0.3774692258,0.03925488991
11.02,-0.4630851606,0.3508452683,0.3655305037,0.03960003059
11.04,-0.3449739318,0.3623868185,0.3564665799,0.03974388554
11.06,-0.1834871301,0.3373199793,0.3499812109,0.04004373338
11.08,-0.1104874908,0.346928034,0.3456457097,0.04099163218
11.1,-0.05338096953,0.3557045144,0.3429223195,0.04121579666
11.12,-0.03559539366,0.3464585473,0.3411924427,0.04155061815
11.14,-0.06655163376,0.3347406378,0.3397884026,0.04119052481
11.16,-0.02470616963,0.3318111853,0.3380272567,0.04087553882
11.18,-0.1165026629,0.3310604811,0.3352450901,0.04089919782
11.2,-0.2193811063,0.3305371042,0.3308301982,0.04141041516
11.22,-0.3651815929,0.3116395384,0.3242536209,0.04157180017
11.24,-0.474002679,0.292265453,0.3150956159,0.04166177697
11.26,-0.6656673186,0.3113929116,0.303066845,0.04205951783
11.28,-0.7989125502,0.2975524474,0.2880232925,0.04194736064
11.3,-0.9209581144,0.2743087982,0.2699742251,0.04162053748
11.32,-1.054064641,0.2600568391,0.2490828203,0.04217401171
11.34,-1.194167839,0.2153602175,0.2256594313,0.04213768525
11.36,-1.291085808,0.19774744,0.2001477921,0.04194361755
11.38,-1.3367964,0.1805530391,0.1731047958,0.04243729335
11.4,-1.396198311,0.1384990801,0.1451747711,0.04293260186
11.42,-1.377638189,0.1118242589,0.1170594403,0.04237300638
11.44,-1.299471643,0.08964166727,0.0894849401,0.04329284191
11.46,-1.212825808,0.06235653564,0.06316742404,0.04431689945
11.48,-1.118898629,0.03353189996,0.03877883548,0.04443247202
11.5,-0.9869659053,0.0129554574,0.01691443267,0.04392111862
11.52,-0.8199318191,-0.009058206184,-0.001936426701,0.04414354026
11.54,-0.609368643,-0.02847294153,-0.01741488085,0.04444360344
11.56,-0.4592617251,-0.04967532002,-0.02931138583,0.04416086135
11.58,-0.2429663677,-0.04540818695,-0.03757787145,0.04469190832
11.6,-0.1134932123,-0.04275625418,-0.04233263999,0.04473956128
11.62,0.05092543341,-0.05570468603,-0.04385774551,0.04550714503
11.64,0.1592023556,-0.04276776445,-0.04258893282,0.04542262288
11.66,0.2640705276,-0.05591460551,-0.03909855317,0.04560933555
11.68,0.3337212276,-0.03556181827,-0.03407219342,0.0460581071
11.7,0.2887557419,-0.03257619136,-0.02828004195,0.04608105123
11.72,0.3247386934,-0.02704980461,-0.02254425517,0.04628702097
11.74,0.2481787398,-0.01274048171,-0.01770377181,0.04572984523
11.76,0.1453726464,0.0009680974834,-0.01457814033,0.04643712048
11.78,-0.02833698122,-0.03700600766,-0.0139319721,0.04594491681
11.8,-0.1698081617,-0.02304948401,-0.01644160747,0.04601462976
11.82,-0.3452612658,-0.01837364779,-0.02266548405,0.04589750959
11.84,-0.5567151504,-0.02769378889,-0.03301953214,0.04600853409
11.86,-0.8121986969,-0.04873920939,-0.04775869709,0.0462409371
11.88,-1.049979313,-0.08016166566,-0.06696541368,0.0455876856
11.9,-1.270066014,-0.09003675353,-0.09054554611,0.04540404175
11.92,-1.391328055,-0.1095863953,-0.1182319716,0.04600025554
11.94,-1.601271376,-0.1481428351,-0.1495956422,0.04571276729
11.96,-1.77316955,-0.1980996723,-0.1840636256,0.04614386211
11.98,-1.79276022,-0.226736216,-0.2209433091,0.04609063265
12,-1.899785454,-0.2573251478,-0.2594516794,0.04620018645
12.02,-1.925391608,-0.2870052028,-0.298748362,0.04656837346
12.04,-1.89746982,-0.3405581517,-0.3379709358,0.04655771592
12.06,-1.803989149,-0.3765269037,-0.376270943,0.04678721351
12.08,-1.712575392,-0.4293513452,-0.4128489817,0.04632194866
12.1,-1.575056546,-0.4522970836,-0.4469873179,0.04654996652
12.12,-1.413814885,-0.4885300374,-0.4780785662,0.04726687759
12.14,-1.243320105,-0.5215280601,-0.5056491719,0.04760449981
12.16,-1.038272455,-0.5340782418,-0.5293766649,0.04755081237
12.18,-0.8276772954,-0.5434389972,-0.5490999416,0.04739815878
12.2,-0.6331622863,-0.5668477104,-0.5648221487,0.04767362112
12.22,-0.4465866324,-0.5722270524,-0.5767060813,0.04806192228
12.24,-0.2969515148,-0.5744143729,-0.5850623463,0.0478251216
12.26,-0.1584510009,-0.5848510634,-0.5903308753,0.04769051139
12.28,0.00146079638,-0.6088080046,-0.5930566684,0.04748836384
12.3,0.06494913557,-0.5915697751,-0.5938609154,0.04731330108
12.32,0.1053456197,-0.6063118214,-0.5934088484,0.04661498323
12.34,0.1073084849,-0.5706056658,-0.5923758262,0.04617981651
12.36,0.06578350027,-0.6004650093,-0.5914132307,0.0464686037
12.38,0.02838096512,-0.6045169822,-0.5911157604,0.04709639307
12.4,-0.04311610335,-0.6161951362,-0.5919916392,0.04720302512
12.42,-0.0990895557,-0.5928701517,-0.5944371256,0.04711527868
12.44,-0.1991406166,-0.6011579314,-0.5987165039,0.04765934329
12.46,-0.3296442503,-0.5854447068,-0.6049484907,0.04777212959
12.48,-0.4095331827,-0.6120081993,-0.6130996906,0.04758163157
12.5,-0.4629669425,-0.6185501868,-0.6229854133,0.04788018781
12.52,-0.5486015276,-0.6450332336,-0.6342778212,0.04741905228
12.54,-0.5775687375,-0.6389405599,-0.6465210442,0.04722377565
12.56,-0.6054162107,-0.668057478,-0.6591525721,0.04711714625
12.58,-0.5475468076,-0.6841067391,-0.6715299484,0.04655902901
12.6,-0.4991882234,-0.6861621884,-0.6829615416,0.04573682666
12.62,-0.3788884588,-0.6920307856,-0.692739982,0.04632999741
12.64,-0.2745239735,-0.6661473327,-0.7001767258,0.04644308674
12.66,-0.07454558276,-0.7077121834,-0.7046361525,0.0466430381
12.68,0.1255307933,-0.7104126595,-0.70556762,0.04690336087
12.7,0.2772960495,-0.7028569049,-0.7025339903,0.04674364923
12.72,0.530884884,-0.693930953,-0.6952352961,0.04569933418
12.74,0.7269688687,-0.6804326299,-0.6835264371,0.04533350234
12.76,0.993208162,-0.6517747298,-0.6674280627,0.04567868751
12.78,1.184694452,-0.6399832924,-0.6471301059,0.04504258486
12.8,1.338255606,-0.6053254327,-0.6229877662,0.04531744099
12.82,1.507010082,-0.5937475165,-0.595510081,0.04505982177
12.84,1.592779418,-0.5560274988,-0.5653415589,0.04482344569
12.86,1.68537614,-0.5429386898,-0.5332376685,0.04494707623
12.88,1.717860386,-0.4834152792,-0.5000352498,0.0447781746
12.9,1.705542558,-0.4622118666,-0.466619151,0.04450517412
12.92,1.662102428,-0.4283188032,-0.4338865651,0.0445427195
12.94,1.576632295,-0.3730840802,-0.4027106441,0.04353378429
12.96,1.423841251,-0.3885910051,-0.3739050086,0.0437046749
12.98,1.228345491,-0.3375148962,-0.3481907271,0.04395278506
13,1.060229825,-0.328409003,-0.326167232,0.0440350481
13.02,0.8041192892,-0.3101173634,-0.3082884644,0.04441696946
13.04,0.5906033947,-0.2851584526,-0.294845303,0.04480705059
13.06,0.3666905717,-0.2881846981,-0.2859550525,0.04445796026
13.08,0.1660959454,-0.2792329447,-0.2815584481,0.04461537495
13.1,-0.06554328775,-0.2963848511,-0.2814242968,0.04423682302
13.12,-0.2248908669,-0.2822517665,-0.2851615325,0.04361959682
13.14,-0.4166597521,-0.2931989413,-0.2922381281,0.04421645221
13.16,-0.498343902,-0.3190531984,-0.3020060028,0.04559507973
13.18,-0.5737570972,-0.3020455304,-0.3137307928,0.04490529613
13.2,-0.6035944965,-0.3433499521,-0.3266251377,0.04443990061
13.22,-0.6377484977,-0.3425269462,-0.3398839792,0.04367891045
13.24,-0.5560455993,-0.3262750303,-0.3527202821,0.04398100105
13.26,-0.5119291223,-0.3591094499,-0.3643995703,0.04340051219
13.28,-0.3972392144,-0.3859221695,-0.3742717317,0.04288498205
13.3,-0.2961611351,-0.3944511972,-0.3817986705,0.0427941256
13.32,-0.1375884995,-0.3956619654,-0.3865765781,0.04314076608
13.34,0.0118599129,-0.3793768001,-0.3883518438,0.04407227317
13.36,0.1826773751,-0.3939050946,-0.387029914,0.04453356676
13.38,0.3659394881,-0.3900020953,-0.3826767356,0.04493449547
13.4,0.4526600283,-0.3867812705,-0.375512755,0.04506551011
13.42,0.5633109302,-0.3663696629,-0.3658997864,0.0451459612
13.44,0.671226506,-0.3656612489,-0.3543213855,0.04577841598
13.46,0.6843514197,-0.334299604,-0.3413576632,0.04637843323
13.48,0.7444715788,-0.342066545,-0.3276557245,0.04641788867
13.5,0.7821005884,-0.300030495,-0.3138971176,0.04635152652
13.52,0.6570382228,-0.3001726901,-0.3007638117,0.04495029257
13.54,0.6161683185,-0.286350361,-0.2889042896,0.0448203577
13.56,0.4977516833,-0.2759636455,-0.2789013319,0.04529103265
13.58,0.3559246888,-0.2701065322,-0.2712429925,0.04658129646
13.6,0.2032055182,-0.265483192,-0.2662981154,0.04583666548
13.62,0.07130200278,-0.2597058123,-0.2642975358,0.04508930373
13.64,-0.08584127863,-0.2478210858,-0.265321844,0.04523622448
13.66,-0.2445350563,-0.2597846893,-0.2692962917,0.04593185661
13.68,-0.3753877859,-0.2749330917,-0.275993089,0.04567946547
13.7,-0.4846870637,-0.297642125,-0.2850410023,0.04605714934
13.72,-0.5033048492,-0.2858316115,-0.2959418265,0.04571538881
13.74,-0.6180387612,-0.3302022077,-0.3080929881,0.04597617349
13.76,-0.5781774999,-0.3217985063,-0.3208152529,0.04571552463
13.78,-0.5774588218,-0.3410515372,-0.3333842757,0.04549205273
13.8,-0.4919439311,-0.3249301903,-0.3450645499,0.04507564659
13.82,-0.4201206902,-0.3441355441,-0.3551442028,0.04509720632
13.84,-0.2980080311,-0.3629510853,-0.3629690374,0.04549969127
13.86,-0.1403269331,-0.3716759641,-0.3679742553,0.0456560041
13.88,0.03623136625,-0.35950997,-0.3697123944,0.0448047432
13.9,0.1946001289,-0.3755683207,-0.3678761835,0.04464254148
13.92,0.4015680164,-0.365892998,-0.3623152471,0.04539854396
13.94,0.6117541338,-0.364761806,-0.353045866,0.04489314941
13.96,0.7673560812,-0.3403787446,-0.3402533161,0.04533061924
13.98,0.9355133358,-0.3408043317,-0.3242866415,0.04522456428
14,1.007706488,-0.3252356592,-0.3056460609,0.04488572822
14.02,1.129499053,-0.2912934943,-0.2849635388,0.04463032224
14.04,1.179376049,-0.2592358049,-0.2629773657,0.04421047144
14.06,1.164413735,-0.2322766267,-0.2405018599,0.04395247263
14.08,1.085647166,-0.2158182717,-0.2183935287,0.04492077872
14.1,1.066758737,-0.1885631576,-0.1975151861,0.04485289778
14.12,0.9331304341,-0.1752296103,-0.1786996197,0.04491698907
14.14,0.7294036205,-0.1642164218,-0.1627144203,0.04523329596
14.16,0.5655254835,-0.1472974024,-0.150229537,0.04480536984
14.18,0.3270256592,-0.1621879594,-0.1417889998,0.04508975116
14.2,0.1199724208,-0.1304151376,-0.1377880642,0.04518233067
14.22,-0.1004485258,-0.1302191013,-0.1384567886,0.04521516654
14.24,-0.2974342713,-0.1465888496,-0.1438507667,0.0457872969
14.26,-0.5460924357,-0.1632438534,-0.1538494165,0.04568688393
14.28,-0.8268200075,-0.14311862,-0.1681618853,0.04566853821
14.3,-0.9576717649,-0.1936883544,-0.1863402897,0.04578569107
14.32,-1.097226982,-0.2147448748,-0.2077996821,0.04573421173
14.34,-1.230895708,-0.2236445215,-0.2318438278,0.04502607221
14.36,-1.265130949,-0.2469964178,-0.2576956262,0.04532260995
14.38,-1.349697955,-0.2760642469,-0.2845307928,0.04534059586
14.4,-1.33650675,-0.3161496311,-0.3115132836,0.04571743111
14.42,-1.258046843,-0.3387290127,-0.3378308631,0.0458696697
14.44,-1.125131431,-0.3567080769,-0.3627292172,0.04560706894
14.46,-1.074856118,-0.3876423262,-0.3855430816,0.04603788007
14.48,-0.8943756103,-0.4101545927,-0.4057229964,0.04596850561
14.5,-0.7551916858,-0.4267534035,-0.4228565004,0.04572943341
14.52,-0.5735142627,-0.4209551748,-0.4366828319,0.04602451531
14.54,-0.422904577,-0.4312363305,-0.4471005066,0.04516106137
14.56,-0.2335486149,-0.4636189105,-0.4541674625,0.04529217715
14.58,-0.07841923453,-0.4566644718,-0.458093808,0.04542490281
14.6,0.01971848235,-0.4614606938,-0.4592275436,0.04498084786
14.62,0.1276133334,-0.4628815782,-0.4580339504,0.04559860844
14.64,0.2202571039,-0.4476337704,-0.4550696263,0.04537303563
14.66,0.2629397073,-0.4569559694,-0.4509523947,0.04462687115
14.68,0.2800624447,-0.4558722438,-0.4463284993,0.04411682603
14.7,0.2445782258,-0.4277279771,-0.4418386192,0.04382946011
14.72,0.1855507384,-0.4420882544,-0.4380842937,0.04409775588
14.74,0.1319907634,-0.4397317347,-0.4355963241,0.04408441342
14.76,0.05487480099,-0.4381876766,-0.4348066294,0.0440308892
14.78,-0.05439235365,-0.4281800458,-0.4360248719,0.04420563787
14.8,-0.1742562301,-0.4345267353,-0.4394209523,0.04404016904
14.82,-0.2731949868,-0.4251188695,-0.4450141991,0.0450539255
14.84,-0.3585198608,-0.4477921877,-0.452669775,0.04526580448
14.86,-0.4984810966,-0.469093241,-0.4621024865,0.04580750876
14.88,-0.5438018539,-0.4804786357,-0.472887845,0.04654331874
14.9,-0.5361234225,-0.5045097037,-0.4844798932,0.04637217389
14.92,-0.5579892283,-0.5005514639,-0.4962349988,0.04605195161
14.94,-0.497722006,-0.5135670079,-0.5074405413,0.04649419217
14.96,-0.4017128415,-0.5169393255,-0.5173471916,0.04663207482
14.98,-0.2439077182,-0.5295250958,-0.5252033152,0.04646085494
15,-0.1464993229,-0.5245867751,-0.5302899297,0.04640496839
15.02,0.0520618338,-0.5335861898,-0.531954617,0.04534821008
15.04,0.2625471617,-0.5295852919,-0.5296428337,0.04497498831
15.06,0.531578391,-0.5177158952,-0.5229251785,0.04495796159
15.08,0.721984724,-0.4923897397,-0.5115193528,0.04444821287
15.1,0.9980256634,-0.4848784302,-0.4953057914,0.04498185161
15.12,1.198136883,-0.4678906418,-0.4743362216,0.04456949079
15.14,1.46723825,-0.4610171549,-0.4488347298,0.044161897
15.16,1.614780747,-0.4217357443,-0.4191912504,0.04438351204
15.18,1.819320946,-0.3930551265,-0.3859477353,0.04468245573
15.2,1.89867498,-0.3592756809,-0.3497775943,0.0451995587
15.22,2.005608365,-0.3073112361,-0.3114592966,0.04502120465
15.24,2.02829764,-0.2603470286,-0.2718452942,0.04517817592
15.26,2.070993312,-0.2457048608,-0.2318276345,0.04552578968
15.28,2.001508051,-0.18206966,-0.1923017835,0.04526766955
15.3,1.925556665,-0.1598601392,-0.1541302606,0.04511655301
15.32,1.774464972,-0.1233930606,-0.1181076964,0.04555262533
15.34,1.639475835,-0.06974859846,-0.08492886017,0.04569567502
15.36,1.421395373,-0.05441880226,-0.05516107297,0.04569283701
15.38,1.255844153,-0.04850819221,-0.02922222083,0.04527228352
15.4,1.009620259,-0.01222554504,-0.007365334784,0.04532931611
15.42,0.8145628991,0.01615399007,0.01032959438,0.04536404146
15.44,0.6048330978,0.03314984168,0.02395622309,0.04618688982
15.46,0.4360669799,0.04242337481,0.03377488154,0.04675803333
15.48,0.2902878449,0.05587319597,0.04019835857,0.04670966048
15.5,0.1263171122,0.05415657088,0.04377110884,0.04641255841
15.52,0.03002737934,0.05521320429,0.04514284135,0.04633584735
15.54,0.007754769655,0.05608264539,0.04503769931,0.04628175436
15.56,-0.03440935127,0.0497552292,0.04422043764,0.04628695259
15.58,0.03664711417,0.05586848465,0.04346113643,0.04622600128
15.6,0.08741981282,0.03923804546,0.04350005081,0.04662190189
15.62,0.1590250568,0.03480374185,0.04501418732,0.04643070438
15.64,0.2641629336,0.04924317242,0.04858711403,0.04666500091
15.66,0.3876774194,0.05972741249,0.05468336061,0.04668901009
15.68,0.5900830992,0.06962508977,0.0636285522,0.04664917767
15.7,0.7466717589,0.05131746821,0.07559615623,0.0464787164
15.72,0.8891628605,0.08633792165,0.09060141783,0.04562294997
15.74,1.004168736,0.08974693108,0.1085027293,0.04560499243
15.76,1.119707518,0.1357589068,0.1290103384,0.045097842
15.78,1.221989157,0.1565472498,0.1517019651,0.04483780572
15.8,1.286874133,0.1663510039,0.1760445781,0.04462823113
15.82,1.326194616,0.2062514288,0.2014213053,0.04452094376
15.84,1.318424253,0.2357426253,0.2271622124,0.04478929504
15.86,1.298233684,0.2404230375,0.2525775116,0.04407994534
15.88,1.212043655,0.2514626893,0.2769916512,0.04431516129
15.9,1.119078783,0.3019871079,0.299776694,0.04441571654
15.92,0.9858035177,0.3054529112,0.3203834305,0.04415143252
15.94,0.8969570446,0.3474377116,0.3383687722,0.04464073644
15.96,0.6904844936,0.3427854664,0.3534181451,0.04446028323
15.98,0.5644118403,0.3690650107,0.3653618297,0.04500189466
16,0.4230807872,0.3554955065,0.3741844749,0.04524365025
16.02,0.2286187376,0.406667259,0.3800273217,0.04526562969
16.04,0.1665170948,0.3703206933,0.3831830122,0.04554434969
16.06,0.03645569774,0.3812350364,0.3840831967,0.04523248944
16.08,0.0129431737,0.3816984318,0.3832794841,0.04570615358
16.1,-0.03554999385,0.3791015742,0.3814185862,0.04543997863
16.12,-0.0356919939,0.386221521,0.3792127769,0.0458347603
16.14,-0.04301773197,0.3919725134,0.3774070022,0.04644893288
16.16,0.04331786245,0.3774717818,0.3767441339,0.04579115634
16.18,0.1860334453,0.3761313308,0.3779299509,0.04556057839
16.2,0.2975854145,0.3679805154,0.3815994448,0.04482026851
16.22,0.4664632084,0.4023431301,0.3882859944,0.04503266076
16.24,0.6759035026,0.4067199941,0.3983948251,0.0456108625
16.26,0.8150149859,0.3908304122,0.4121819787,0.04650437663
16.28,1.008405526,0.4302059888,0.4297397744,0.04685806452
16.3,1.226700766,0.4447694049,0.4509894464,0.04636969592
16.32,1.349083836,0.4700565575,0.4756813248,0.04652903404
16.34,1.503238932,0.4989113413,0.5034025831,0.04681053513
16.36,1.584858046,0.5502699098,0.5335922372,0.04686186624
16.38,1.71493034,0.5723958545,0.5655627499,0.04687592925
16.4,1.720641139,0.596140808,0.5985273001,0.04677003381
16.42,1.667440871,0.6238340329,0.6316315172,0.04662067522
16.44,1.625822713,0.6584750629,0.66398828,0.04660503139
16.46,1.56154599,0.6945241095,0.6947140412,0.04677650328
16.48,1.381518449,0.7245322529,0.7229650676,0.04694755189
16.5,1.175069244,0.731269635,0.7479719926,0.04668207139
16.52,1.017261566,0.7737602005,0.7690711486,0.04731464128
16.54,0.8017777827,0.7945034824,0.7857312982,0.04735413154
16.56,0.5414386558,0.7999815643,0.7975745848,0.04704423694
16.58,0.3203704529,0.8209907839,0.8043907868,0.04702941694
16.6,0.01952006662,0.8167763769,0.8061442621,0.04692437922
16.62,-0.2432847446,0.8006368058,0.8029732958,0.04786985201
16.64,-0.4719525031,0.8033048221,0.7951819104,0.04735629964
16.66,-0.6176584419,0.7762719281,0.7832245328,0.04752410205
16.68,-0.8452602565,0.7628552657,0.7676842357,0.04749319409
16.7,-0.9608802346,0.7450011025,0.7492455588,0.04697105865
16.72,-1.004951259,0.7139312578,0.7286631573,0.04672208627
16.74,-1.081540963,0.7105352212,0.7067277088,0.04691196627
16.76,-1.075672727,0.7085734524,0.684230633,0.04684933681
16.78,-1.050962577,0.6752373016,0.6619292259,0.04668668909
16.8,-1.015152673,0.622571238,0.6405137861,0.0469370882
16.82,-0.9089942052,0.6218253303,0.6205782194,0.04700818704
16.84,-0.7870928526,0.6176727224,0.6025954402,0.04758217638
16.86,-0.646402802,0.5835096431,0.5868986708,0.0483226595
16.88,-0.5642452164,0.5876127742,0.5736694649,0.04819888865
16.9,-0.4533960051,0.5592580908,0.5629329717,0.04795781103
16.92,-0.3072485503,0.5517791282,0.5545606267,0.04804710122
16.94,-0.2380430912,0.5498214876,0.5482801121,0.04766946557
16.96,-0.1857979936,0.5390887945,0.5436920976,0.04775393423
16.98,-0.0923276901,0.5416982051,0.5402929612,0.04801336098
17,-0.03794491671,0.5320026161,0.5375024163,0.04761352829
17.02,-0.1070045585,0.5201150929,0.5346947462,0.04742821909
17.04,-0.1496122344,0.5274029658,0.5312321812,0.04716228184
17.06,-0.2708478759,0.5348358185,0.5264988574,0.04710675934
17.08,-0.3463923283,0.5282269984,0.5199337679,0.04607300148
17.1,-0.4464440424,0.5101048475,0.511061163,0.04659229984
17.12,-0.5870948871,0.5043220136,0.4995169745,0.04663396149
17.14,-0.7653543407,0.4725431797,0.4850700191,0.04649635058
17.16,-0.9146461074,0.4637964725,0.4676369753,0.04675409943
17.18,-1.003188181,0.4606825256,0.4472904152,0.04712586516
17.2,-1.1719658,0.4309045911,0.4242594871,0.04699833572
17.22,-1.280229873,0.401523439,0.3989231855,0.04757130135
17.24,-1.372089946,0.3788074837,0.3717964827,0.04720990372
17.26,-1.350912752,0.3379943078,0.343509926,0.04731930773
17.28,-1.396230261,0.3247800204,0.3147836032,0.0473961317
17.3,-1.325771391,0.2803013075,0.286396641,0.04715085346
17.32,-1.315075249,0.2670362098,0.2591536082,0.04810455419
17.34,-1.194514318,0.228757845,0.2338493385,0.04828520158
17.36,-0.9877063274,0.2109839922,0.2112337665,0.04747830141
17.38,-0.8049612706,0.178054255,0.1919783734,0.04735183313
17.4,-0.6025160095,0.1667592825,0.1766457691,0.04808027752
17.42,-0.4289382248,0.1534554581,0.1656638019,0.04796644469
17.44,-0.08608195943,0.1672299687,0.1593053817,0.04799396455
17.46,0.08558275245,0.1537560666,0.1576749523,0.04786819503
17.48,0.293273259,0.1521390287,0.1607022435,0.04768606815
17.5,0.4939169878,0.1778850115,0.1681436139,0.04741694793
17.52,0.6951777857,0.1705300531,0.1795909467,0.04825040558
17.54,0.8735810551,0.199179213,0.1944877267,0.04815988965
17.56,0.9758878029,0.2139919292,0.2121515981,0.04824599401
17.58,1.084715698,0.2485344769,0.231802415,0.04821071976
17.6,1.129132456,0.2466965126,0.2525945454,0.04943839526
17.62,1.083955228,0.2665200479,0.2736519995,0.04976461494
17.64,1.028210853,0.2859528034,0.2941048261,0.05006917822
17.66,0.9697361996,0.3223292543,0.3131251642,0.04951725766
17.68,0.8111127075,0.3301275297,0.3299613512,0.04942422617
17.7,0.6755597597,0.3338533244,0.3439685794,0.04903658602
17.72,0.507440304,0.3606121834,0.3546347487,0.04949878769
17.74,0.2920913926,0.3511980502,0.3616003794,0.04910237923
17.76,0.1053360253,0.3685556576,0.3646717186,0.04954546521
17.78,-0.1070264344,0.37705196,0.3638264819,0.0491195016
17.8,-0.2508563647,0.3727630737,0.3592120028,0.04857669182
17.82,-0.4066064703,0.3509101706,0.3511359071,0.04904020273
17.84,-0.5331696523,0.3398291252,0.3400497638,0.04884156794
17.86,-0.6734132846,0.3126975184,0.3265264832,0.04835632224
17.88,-0.7727290764,0.311271648,0.3112325102,0.04779652313
17.9,-0.7987134463,0.294296784,0.2948960959,0.04751779586
17.92,-0.78672688,0.2755284863,0.2782731047,0.04734127525
17.94,-0.7328811074,0.2480682913,0.2621119203,0.04745988801
17.96,-0.6597744157,0.2510288184,0.2471190536,0.04686558608
17.98,-0.5683128744,0.2160254821,0.2339270156,0.04725351021
18,-0.440566312,0.2345697982,0.2230659149,0.04735753809
18.02,-0.2915153733,0.2084980791,0.2149400622,0.04737661411
18.04,-0.1558052955,0.1958520136,0.2098106359,0.0477551984
18.06,0.04754659618,0.2039284598,0.2077851797,0.04807178666
18.08,0.1724526688,0.1913285419,0.2088143913,0.04799593811
18.1,0.3344540893,0.2257314338,0.2126963251,0.04856559512
18.12,0.4137903791,0.2323769484,0.2190877912,0.04892804247
18.14,0.4959311363,0.2371003752,0.2275224027,0.04828323268
18.16,0.5606507006,0.2433331118,0.2374344186,0.04902358352
18.18,0.5699702327,0.2473890462,0.248187264,0.04886487491
18.2,0.5702347571,0.2673407075,0.2591053933,0.04935602027
18.22,0.5449023103,0.2832957385,0.2695080098,0.04937345333
18.24,0.4526313543,0.2709232479,0.2787430694,0.0495530584
18.26,0.3775702286,0.3062581846,0.2862199815,0.0494155993
18.28,0.2445582275,0.3051028947,0.2914394802,0.04986632923
18.3,0.08608566361,0.2859203038,0.2940192671,0.04987951849
18.32,0.002423743271,0.2892784025,0.2937142207,0.0494337072
18.34,-0.2069775785,0.3006992239,0.2904302135,0.0494943123
18.36,-0.3241718311,0.2858494392,0.2842308734,0.04937242519
18.38,-0.4360722616,0.2722765151,0.2753369453,0.04943818574
18.4,-0.5308645315,0.2569344383,0.2641182489,0.04878675842
18.42,-0.6544879045,0.2600077172,0.2510785706,0.048943361
18.44,-0.6825744912,0.2496225266,0.2368341455,0.0495138768
18.46,-0.6626459425,0.2288874771,0.2220866873,0.04957542931
18.48,-0.6624334245,0.2124404474,0.2075921714,0.05000204177
18.5,-0.570551162,0.1961207564,0.1941267734,0.04940000584
18.52,-0.4686646021,0.1780805543,0.1824515005,0.0492539606
18.54,-0.3191283275,0.1729720615,0.173277116,0.04890156479
18.56,-0.1459844851,0.167602524,0.1672309481,0.04896057117
18.58,0.02122330277,0.1471252983,0.1648270927,0.04869934973
18.6,0.221848161,0.1761125862,0.1664413708,0.04892690696
18.62,0.4301743126,0.1896115425,0.1722921886,0.04883723513
18.64,0.6764548205,0.1791793711,0.182428185,0.04855453236
18.66,0.868681525,0.2061893444,0.1967232453,0.04891093774
18.68,1.016058218,0.2092000108,0.214879132,0.04908556435
18.7,1.204078682,0.2404761844,0.2364356373,0.04894494468
18.72,1.335038846,0.2729365252,0.2607878256,0.04863179774
18.74,1.392280002,0.2840430256,0.2872096162,0.04819136818
18.76,1.436297584,0.3301964292,0.3148826676,0.04876468849
18.78,1.429082805,0.337046932,0.3429292899,0.04892862476
18.8,1.394499937,0.3839684672,0.3704479279,0.04886896142
18.82,1.261798248,0.3930527952,0.3965496447,0.04941261048
18.84,1.162253773,0.4084246334,0.4203939887,0.04987285611
18.86,1.005011088,0.4548580363,0.4412226588,0.04966874189
18.88,0.8218298707,0.4562325392,0.4583894799,0.04943740508
18.9,0.5944993622,0.4931613561,0.4713853706,0.04975367285
18.92,0.330034336,0.4891225638,0.4798572117,0.0494389143
18.94,0.1400674747,0.4798801402,0.4836197986,0.04963338187
18.96,-0.1254530185,0.4817542587,0.4826603762,0.04876682817
18.98,-0.3606672761,0.4868555835,0.4771355886,0.04860582966
19,-0.5260759647,0.4708810849,0.4673610178,0.04818086064
19.02,-0.6961379515,0.4484145566,0.4537938224,0.04822980633
19.04,-0.8982466865,0.4497340746,0.4370092939,0.04758282023
19.06,-0.9422419062,0.4093094039,0.4176724257,0.04817113031
19.08,-1.065795243,0.39020005,0.3965058089,0.04844365489
19.1,-1.080638204,0.3769004275,0.3742553354,0.04829329807
19.12,-1.036159201,0.3652563173,0.3516552812,0.04866964608
19.14,-1.069114475,0.3353815001,0.3293943699,0.04865741996
19.16,-1.000426932,0.2904747337,0.3080843636,0.04872366255
19.18,-0.9273518315,0.2858210115,0.2882326133,0.04853545934
19.2,-0.7995394269,0.277893877,0.270219812,0.04862284122
19.22,-0.7015580526,0.2471451254,0.254283956,0.0481674884
19.24,-0.5661322867,0.2321795652,0.2405112314,0.0479002182
19.26,-0.4921656551,0.2325231055,0.228834224,0.04801803395
19.28,-0.4011675124,0.2342381233,0.2190375143,0.04860972432
19.3,-0.3439472971,0.2113883364,0.2107703791,0.04853765556
19.32,-0.2435807848,0.2008432225,0.2035659933,0.04824279812
19.34,-0.2457333886,0.193927348,0.19686623,0.04814234719
19.36,-0.3360329209,0.1960880963,0.1900508945,0.04774950396
19.38,-0.3521936969,0.1831093579,0.1824700291,0.04795363409
19.4,-0.4583776445,0.1746097547,0.1734777783,0.04853362874
19.42,-0.5789308903,0.1592817409,0.1624662348,0.04920038102
19.44,-0.6899719289,0.1590082771,0.1488976854,0.04953569582
19.46,-0.9015970489,0.1318996567,0.1323337465,0.04926366768
19.48,-1.006103136,0.1138262667,0.1124600211,0.04971909351
19.5,-1.202970379,0.09950913117,0.08910511148,0.04968386397
19.52,-1.385727469,0.06369633065,0.06225308049,0.04942444884
19.54,-1.551905094,0.02159412134,0.0320487511,0.04969978419
19.56,-1.711623964,0.01350331967,-0.001204437678,0.04938202745
19.58,-1.802813911,-0.04260668653,-0.03705396109,0.04961672715
19.6,-1.896469427,-0.06558460414,-0.07491472943,0.04933956661
19.62,-1.937890234,-0.1105101368,-0.1140918833,0.0489600332
19.64,-1.93775954,-0.1487832017,-0.1538088594,0.04887745748
19.66,-1.884855151,-0.1987235238,-0.193239479,0.04856419069
19.68,-1.833345334,-0.2300959834,-0.2315426269,0.04871994259
19.7,-1.725166935,-0.2732359053,-0.2678979646,0.04878006674
19.72,-1.56290612,-0.3193875182,-0.3015410724,0.04844870319
19.74,-1.376466298,-0.3087423594,-0.3317964353,0.0486868419
19.76,-1.128551038,-0.3439093105,-0.3581067831,0.04893327672
19.78,-0.9758941636,-0.37478521,-0.3800574549,0.05004775426
19.8,-0.6836109378,-0.3882346556,-0.3973946799,0.05102625621
19.82,-0.4845234298,-0.4129995697,-0.4100369409,0.05115267249
19.84,-0.2446737913,-0.4274053558,-0.4180788935,0.05158478731
19.86,-0.03602453542,-0.4324511488,-0.4217876514,0.0517111394
19.88,0.1170739911,-0.4174222666,-0.4215915893,0.05153613276
19.9,0.2972132781,-0.4191825363,-0.418062152,0.05164588961
19.92,0.4525384731,-0.401330993,-0.4118894725,0.05173695057
19.94,0.4466917684,-0.4144023455,-0.4038528793,0.05136616812
19.96,0.5291116389,-0.3997956186,-0.3947876046,0.05157120484
19.98,0.5317574325,-0.3859523428,-0.3855491723,0.05153246361
